material_thermal_conductivity,material_cost_per_kg,material_density,llm_current_cooling_type,llm_ambient_temperature,llm_thermal_output,predicted_pue,predicted_throughput_gain
50.0,1.0,7850,2,20.793926756877646,360.63109252629266,1.4758,5.4513
50.0,1.0,7850,1,24.93184948304824,527.5343611827543,1.5478,2.6832
50.0,1.0,7850,0,30.173774324497472,617.5760383784183,1.6791,1.2733
50.0,1.0,7850,2,18.572443119353185,358.211945662244,1.4816,5.4881
50.0,1.0,7850,2,29.13610877038672,682.0085363080245,1.4486,2.8825
50.0,1.0,7850,2,18.985047972168097,380.70480224977644,1.4635,5.1639
50.0,1.0,7850,1,26.986198494205077,409.5540661450875,1.5479,3.4561
50.0,1.0,7850,0,27.55759765681279,726.1158638780978,1.6591,1.083
50.0,1.0,7850,2,21.64068480647931,593.617240245888,1.4809,3.3118
50.0,1.0,7850,0,26.061950939011695,375.3346676168472,1.6587,2.0951
50.0,1.0,7850,2,20.074215717408013,730.2269861681716,1.4604,2.6922
50.0,1.0,7850,0,25.890176282682127,648.8736599670908,1.6818,1.2119
50.0,1.0,7850,1,24.607210525217063,400.1057544588407,1.552,3.5377
50.0,1.0,7850,2,19.968591170968637,565.4584585456538,1.4747,3.4767
50.0,1.0,7850,1,19.286096904825005,650.8837947453467,1.5527,2.1747
50.0,1.0,7850,2,30.479821594256595,596.8003277425212,1.4826,3.2941
50.0,1.0,7850,1,27.074229871635183,555.6792115667397,1.5507,2.5473
50.0,1.0,7850,0,19.54647745739498,569.0295174678811,1.6561,1.3819
50.0,1.0,7850,0,18.307892433887172,524.431748601468,1.6661,1.4995
50.0,1.0,7850,0,18.29018914302469,431.0664926077709,1.6747,1.8242
50.0,1.0,7850,2,18.377385685572662,429.5130985357521,1.4925,4.5771
50.0,1.0,7850,1,20.019370400991974,524.7042022815094,1.5807,2.6976
50.0,1.0,7850,1,27.374389695660994,356.18721880383407,1.581,3.9739
50.0,1.0,7850,0,26.639143916176145,712.1651941613809,1.6577,1.1042
50.0,1.0,7850,0,19.04174525770899,551.231971965345,1.668,1.4266
50.0,1.0,7850,0,18.879157513441545,738.88122109094,1.6612,1.0643
50.0,1.0,7850,0,29.50700551579473,569.0280440859422,1.6618,1.3819
50.0,1.0,7850,2,25.429898967800128,619.3717815964355,1.4803,3.174
50.0,1.0,7850,0,23.39232115745826,613.6928923961641,1.659,1.2814
50.0,1.0,7850,2,20.039226696904443,440.315004311061,1.5019,4.4648
50.0,1.0,7850,2,27.68428544620298,695.3114366999516,1.4663,2.8274
50.0,1.0,7850,1,20.862194760250468,713.9745980729476,1.5754,1.9825
50.0,1.0,7850,0,19.30326126008316,653.0052878656762,1.6605,1.2042
50.0,1.0,7850,2,22.609358477374215,474.4558145465806,1.4397,4.1435
50.0,1.0,7850,2,21.06625808545415,657.9745617619083,1.4884,2.9878
50.0,1.0,7850,0,31.31777991583685,473.2134436395458,1.6773,1.6618
50.0,1.0,7850,0,21.062654666533298,483.1240967547476,1.663,1.6277
50.0,1.0,7850,1,23.5388222060619,501.6936972940042,1.5579,2.8214
50.0,1.0,7850,2,26.162364130584614,531.2535828606472,1.4603,3.7005
50.0,1.0,7850,1,22.054953184007772,689.0365055497223,1.5652,2.0543
50.0,1.0,7850,1,26.716632334613745,574.5140115390741,1.5702,2.4637
50.0,1.0,7850,0,21.568495517093957,489.0240700963558,1.6748,1.608
50.0,1.0,7850,1,19.136012261729416,649.1220130550704,1.5465,2.1806
50.0,1.0,7850,1,29.302069633363402,515.2390235024878,1.5608,2.7472
50.0,1.0,7850,1,29.736873883707286,522.818690354519,1.5642,2.7074
50.0,1.0,7850,2,25.33040099192683,644.6435041023573,1.491,3.0496
50.0,1.0,7850,1,28.969816657069046,742.265120206373,1.5543,1.9069
50.0,1.0,7850,1,22.476569624840856,634.245228874159,1.5824,2.2317
50.0,1.0,7850,1,31.318685060515325,675.6886280662967,1.5438,2.0948
50.0,1.0,7850,0,21.21307393052245,539.290083869774,1.668,1.4581
50.0,1.0,7850,1,22.008692081786926,639.4267518543844,1.5537,2.2136
50.0,1.0,7850,2,31.044955304234392,499.9178515785891,1.4727,3.9325
50.0,1.0,7850,0,22.80523034091869,673.5417954778995,1.6673,1.1675
50.0,1.0,7850,2,26.347074780532903,697.0400601702048,1.4699,2.8204
50.0,1.0,7850,1,18.596501025340075,471.20504718282655,1.5477,3.0039
50.0,1.0,7850,2,24.535686904840126,350.00943323734055,1.501,5.6167
50.0,1.0,7850,2,19.961478478843233,724.5314574518633,1.4996,2.7134
50.0,1.0,7850,0,23.628966091367467,579.0527182427458,1.6716,1.358
50.0,1.0,7850,1,28.392720399637106,385.73184239056735,1.5617,3.6695
50.0,1.0,7850,0,30.939678024131606,584.2328231934925,1.6807,1.346
50.0,1.0,7850,1,24.699852482557095,455.36981477991446,1.5725,3.1084
50.0,1.0,7850,2,31.010974819662643,721.0250924224551,1.4808,2.7266
50.0,1.0,7850,1,29.342326803013933,582.5858887506445,1.577,2.4296
50.0,1.0,7850,0,22.142505015280975,563.3083850754633,1.6645,1.396
50.0,1.0,7850,2,24.869164615521456,680.2400962988861,1.4801,2.89
50.0,1.0,7850,0,30.61804471665723,729.8193904241289,1.6814,1.0775
50.0,1.0,7850,1,18.521411770499395,676.3907772111531,1.5505,2.0927
50.0,1.0,7850,0,27.880845876955398,707.8964606251845,1.668,1.1108
50.0,1.0,7850,1,31.83431767507137,519.1310406628024,1.5571,2.7266
50.0,1.0,7850,0,29.53073887019215,504.9356747084242,1.6761,1.5574
50.0,1.0,7850,2,31.906464710255456,672.520723537617,1.4964,2.9232
50.0,1.0,7850,2,18.040543725121346,372.1376376457264,1.4481,5.2828
50.0,1.0,7850,1,21.273332116917036,427.45637513039753,1.5493,3.3113
50.0,1.0,7850,1,29.062234662772354,418.3492129571785,1.5642,3.3834
50.0,1.0,7850,1,23.2201056173843,600.9138862181649,1.5723,2.3555
50.0,1.0,7850,0,31.328363709584963,723.3310488818252,1.6649,1.0871
50.0,1.0,7850,0,30.72914799045908,421.30216516990606,1.661,1.8665
50.0,1.0,7850,1,25.09756969910675,447.7831491943914,1.56,3.161
50.0,1.0,7850,0,18.912389524387915,467.7257386951219,1.6586,1.6813
50.0,1.0,7850,0,31.652839797693495,558.9799319420521,1.6708,1.4068
50.0,1.0,7850,1,20.96736387797357,486.7301945370115,1.5551,2.9081
50.0,1.0,7850,0,19.06617571113072,519.3461403455105,1.6607,1.5141
50.0,1.0,7850,2,23.387534783654488,582.0283834680001,1.4627,3.3777
50.0,1.0,7850,2,28.445339949226735,640.8235969586655,1.4768,3.0678
50.0,1.0,7850,1,25.939394692741104,732.1168274941928,1.5499,1.9334
50.0,1.0,7850,1,23.657051816714855,611.183984204235,1.5631,2.3159
50.0,1.0,7850,2,21.590202973178876,625.9909844125144,1.4577,3.1405
50.0,1.0,7850,1,27.2560703521428,575.0765275632966,1.5519,2.4613
50.0,1.0,7850,2,30.09516241489314,587.7175320114117,1.4867,3.345
50.0,1.0,7850,1,28.053961424599848,708.3147131322025,1.5436,1.9983
50.0,1.0,7850,0,25.07279343249234,654.402227150107,1.6677,1.2017
50.0,1.0,7850,1,28.947750413723075,419.4714654842637,1.5435,3.3744
50.0,1.0,7850,0,20.79324798848699,487.41385849772576,1.6572,1.6133
50.0,1.0,7850,2,18.65204125306398,454.030808172615,1.5022,4.3299
50.0,1.0,7850,0,30.346134337295013,544.1384167454091,1.6816,1.4452
50.0,1.0,7850,1,29.909512584519067,594.8936678180529,1.565,2.3793
50.0,1.0,7850,1,23.911334256210857,742.0231200743791,1.555,1.9076
50.0,1.0,7850,0,24.721724458239493,445.5975589529533,1.6696,1.7647
50.0,1.0,7850,0,20.44888647083862,512.0056304590254,1.6779,1.5359
50.0,1.0,7850,2,21.16461917147407,534.5719837264453,1.4859,3.6775
50.0,1.0,7850,1,29.84885554270265,726.8125449887186,1.5606,1.9475
50.0,1.0,7850,2,20.207120531464643,544.802014015145,1.497,3.6085
50.0,1.0,7850,0,25.67463659650995,505.1968521934949,1.6633,1.5566
50.0,1.0,7850,2,19.03239595934726,495.9876731496814,1.5033,3.9636
50.0,1.0,7850,1,18.28454940533372,550.5859149122181,1.571,2.5708
50.0,1.0,7850,2,25.222187604300565,419.8348652842718,1.4449,4.6826
50.0,1.0,7850,2,24.36876646992368,543.838613835732,1.4505,3.6149
50.0,1.0,7850,2,28.417328445511455,466.6884329202108,1.4665,4.2125
50.0,1.0,7850,0,22.821934325191368,356.75263699350296,1.6641,2.2042
50.0,1.0,7850,1,23.091593229820607,422.8773649561182,1.5696,3.3472
50.0,1.0,7850,1,27.36892788056105,606.4902555050937,1.5633,2.3338
50.0,1.0,7850,2,26.136381595335934,502.7734745696896,1.4664,3.9101
50.0,1.0,7850,2,20.807210260301446,578.7858785229284,1.4665,3.3966
50.0,1.0,7850,0,31.241861204752666,450.1482799288591,1.659,1.7469
50.0,1.0,7850,1,29.966890079056867,515.4513524685754,1.5542,2.7461
50.0,1.0,7850,2,26.870547423042318,748.977217464418,1.4437,2.6248
50.0,1.0,7850,2,31.31900314829514,463.6043449681494,1.4581,4.2405
50.0,1.0,7850,0,21.263069536614868,589.138008616964,1.6576,1.3348
50.0,1.0,7850,0,29.794370294635883,465.21281361517015,1.6789,1.6903
50.0,1.0,7850,1,31.79450601934992,415.56807394719436,1.5735,3.4061
50.0,1.0,7850,0,25.743108187130467,403.6790422577559,1.6803,1.948
50.0,1.0,7850,0,26.818911060461694,720.0196804718946,1.6686,1.0921
50.0,1.0,7850,2,30.650956722041457,552.2275083214154,1.4749,3.56
50.0,1.0,7850,1,24.663850237884496,523.4134981257769,1.5488,2.7043
50.0,1.0,7850,0,20.781422512165218,728.3535488473564,1.6812,1.0796
50.0,1.0,7850,1,31.549945541704204,402.4927350552353,1.5413,3.5167
50.0,1.0,7850,1,21.822746023828323,493.6203601514681,1.5463,2.8675
50.0,1.0,7850,2,26.825289591939608,642.9192386598866,1.4826,3.0578
50.0,1.0,7850,1,31.160482359284188,427.6449853865267,1.5461,3.3099
50.0,1.0,7850,2,27.221145715433142,574.9110909858955,1.4722,3.4195
50.0,1.0,7850,1,18.84420062133117,720.2148541175968,1.5542,1.9653
50.0,1.0,7850,1,22.701387635426762,451.8879874658921,1.5571,3.1323
50.0,1.0,7850,1,19.875178002436307,694.500440511265,1.5556,2.0381
50.0,1.0,7850,2,22.563859053485125,371.08171298099023,1.4889,5.2978
50.0,1.0,7850,2,29.172447185350485,361.64346266433,1.504,5.4361
50.0,1.0,7850,2,26.06918437879824,477.11987902384845,1.4651,4.1204
50.0,1.0,7850,2,21.695339483907297,548.2396615262682,1.4664,3.5859
50.0,1.0,7850,1,28.791567977931557,545.6640170627207,1.5633,2.594
50.0,1.0,7850,2,28.914054991911506,469.3917480872572,1.4686,4.1882
50.0,1.0,7850,1,28.941260599154404,515.5795072343873,1.5565,2.7454
50.0,1.0,7850,2,28.21283662367247,734.7550815919692,1.4502,2.6756
50.0,1.0,7850,2,20.506188528503017,508.5960208222886,1.5002,3.8654
50.0,1.0,7850,2,26.131066285319115,358.9535464544644,1.4484,5.4768
50.0,1.0,7850,2,22.15264688582438,630.9483187065341,1.4925,3.1158
50.0,1.0,7850,0,18.0763583683152,414.3310333356364,1.6786,1.8979
50.0,1.0,7850,1,24.064265454450815,376.49787025283706,1.5469,3.7595
50.0,1.0,7850,2,25.112441087699395,635.3837879151079,1.4543,3.0941
50.0,1.0,7850,1,22.083588499786934,728.6409398256084,1.5575,1.9426
50.0,1.0,7850,0,24.635878343709244,383.4334147703981,1.6609,2.0509
50.0,1.0,7850,1,25.421804423530542,569.5949888746375,1.5605,2.485
50.0,1.0,7850,0,30.396362345201833,489.01956599865355,1.6617,1.608
50.0,1.0,7850,0,21.826438392912767,475.04168391144407,1.6713,1.6554
50.0,1.0,7850,0,20.531184200224978,563.3417618184044,1.6768,1.3959
50.0,1.0,7850,1,25.58018717689177,708.4796675032876,1.5722,1.9979
50.0,1.0,7850,0,21.090578562741452,386.79717573018223,1.6567,2.033
50.0,1.0,7850,0,30.238871063628757,590.3986624537056,1.6792,1.3319
50.0,1.0,7850,0,28.71340115939572,373.3818998680471,1.6572,2.1061
50.0,1.0,7850,2,31.34135262074831,457.3737905140221,1.4873,4.2983
50.0,1.0,7850,1,28.405575416111315,661.9584424993819,1.5475,2.1383
50.0,1.0,7850,0,23.501427315995304,431.5027977549223,1.6637,1.8224
50.0,1.0,7850,1,20.8082345626291,548.1634362399535,1.5625,2.5822
50.0,1.0,7850,2,24.749809049600376,405.2673716269601,1.5027,4.8509
50.0,1.0,7850,2,20.71329280702136,466.0310284359588,1.494,4.2184
50.0,1.0,7850,0,29.725821547632716,598.995800981877,1.6794,1.3128
50.0,1.0,7850,1,23.26991547545835,573.3921964852833,1.5755,2.4686
50.0,1.0,7850,1,24.904887807166027,607.4283694490554,1.5463,2.3302
50.0,1.0,7850,2,24.53942195111309,381.35518377182564,1.5038,5.1551
50.0,1.0,7850,2,22.05850460962388,406.6863256883827,1.4551,4.834
50.0,1.0,7850,2,26.412821599569295,651.7657694767031,1.4862,3.0163
50.0,1.0,7850,2,22.913789547510262,742.2505138612125,1.4407,2.6486
50.0,1.0,7850,0,22.3089800021165,467.8458108868947,1.6629,1.6808
50.0,1.0,7850,1,24.36071656563608,524.193042259099,1.5618,2.7003
50.0,1.0,7850,0,21.283934043828395,423.1676329391232,1.6809,1.8583
50.0,1.0,7850,0,29.287408882292613,584.2331500639567,1.6777,1.346
50.0,1.0,7850,2,18.45132619700836,557.1711470818881,1.5039,3.5284
50.0,1.0,7850,1,23.94844173013351,365.32616670207653,1.5707,3.8745
50.0,1.0,7850,1,23.60377258871781,522.0017713831504,1.5589,2.7116
50.0,1.0,7850,1,29.006016245909514,611.4298526140713,1.5836,2.315
50.0,1.0,7850,1,20.774079768041645,504.5937073940303,1.5546,2.8051
50.0,1.0,7850,1,25.368353937690948,590.0633559618973,1.5669,2.3988
50.0,1.0,7850,0,23.018289769122724,631.5545051773477,1.6714,1.2451
50.0,1.0,7850,2,31.909832223032414,611.5207672013303,1.475,3.2148
50.0,1.0,7850,1,31.434824090410583,442.0470616530516,1.5786,3.2021
50.0,1.0,7850,0,24.877224425271592,443.2220968967622,1.6655,1.7742
50.0,1.0,7850,0,28.871443696790273,491.66176660714166,1.6732,1.5994
50.0,1.0,7850,2,26.054680681271417,738.2714226789321,1.5009,2.6629
50.0,1.0,7850,0,22.50175897932042,619.3267636552284,1.659,1.2697
50.0,1.0,7850,0,21.664696936881775,710.5240299065933,1.6578,1.1067
50.0,1.0,7850,1,22.680521911888576,405.56394973292043,1.562,3.4901
50.0,1.0,7850,2,23.937745740318856,643.4517607455793,1.488,3.0553
50.0,1.0,7850,0,27.800418063430037,524.0559902273599,1.6573,1.5005
50.0,1.0,7850,2,23.925898045068124,661.4857757472723,1.4744,2.972
50.0,1.0,7850,1,21.148143809708152,409.98519397272156,1.5607,3.4525
50.0,1.0,7850,1,19.602207536038005,665.7694604748826,1.5667,2.126
50.0,1.0,7850,1,21.60443336198019,482.6818037481835,1.5584,2.9325
50.0,1.0,7850,2,19.934036613213205,692.21503285689,1.4866,2.84
50.0,1.0,7850,0,30.90064367830565,726.648982660405,1.6637,1.0822
50.0,1.0,7850,1,23.516684204914256,724.716451627974,1.5857,1.9531
50.0,1.0,7850,2,23.94158426370449,720.7275287562968,1.4734,2.7277
50.0,1.0,7850,1,22.24439371215845,665.3665094087423,1.5467,2.1273
50.0,1.0,7850,0,25.499092218159323,530.6275196164537,1.6805,1.482
50.0,1.0,7850,2,25.960688742311905,658.6115514066446,1.4824,2.9849
50.0,1.0,7850,1,18.789717422827326,363.9306517829365,1.556,3.8894
50.0,1.0,7850,2,31.695897411096418,690.9370144853232,1.4397,2.8453
50.0,1.0,7850,2,26.129816313470712,666.6512829921421,1.5048,2.9489
50.0,1.0,7850,2,20.811118048405348,706.9676384172744,1.4543,2.7808
50.0,1.0,7850,2,24.916179755723707,585.7252456744313,1.4899,3.3564
50.0,1.0,7850,1,19.732416921015776,485.76729685521263,1.5532,2.9139
50.0,1.0,7850,2,30.648804092998546,432.39159322702346,1.4868,4.5466
50.0,1.0,7850,2,29.232093651427196,443.8666947674145,1.4949,4.4291
50.0,1.0,7850,1,30.491522995842566,377.32682196036495,1.5645,3.7513
50.0,1.0,7850,2,25.94486068612045,688.3863638714912,1.4701,2.8558
50.0,1.0,7850,2,31.453189680402506,552.6404433587122,1.459,3.5573
50.0,1.0,7850,1,25.902308728267055,562.9092538113043,1.5871,2.5145
50.0,1.0,7850,2,23.951499694771158,505.11253112322595,1.4427,3.892
50.0,1.0,7850,2,28.534446263631306,592.2721924254625,1.4397,3.3193
50.0,1.0,7850,0,23.509428346301107,436.4213997138076,1.6725,1.8018
50.0,1.0,7850,2,21.907171834055788,574.4184690947418,1.4719,3.4224
50.0,1.0,7850,1,25.203833748436665,396.61899751652595,1.5493,3.5688
50.0,1.0,7850,2,30.78665792866893,635.2660113620416,1.4773,3.0946
50.0,1.0,7850,1,31.373053871647016,457.86939189481893,1.546,3.0914
50.0,1.0,7850,1,28.31400655244807,368.3258825454899,1.5822,3.8429
50.0,1.0,7850,1,27.030761947856,493.5769977247056,1.5802,2.8678
50.0,1.0,7850,2,25.226766190521836,353.68647786453533,1.4659,5.5583
50.0,1.0,7850,1,22.621453059418837,385.6377124960684,1.5631,3.6704
50.0,1.0,7850,1,23.38395545730488,356.7909541859295,1.5452,3.9672
50.0,1.0,7850,2,20.74445974857047,470.20292075259454,1.494,4.181
50.0,1.0,7850,0,30.509331127100936,656.6060002407926,1.663,1.1976
50.0,1.0,7850,2,18.966358344045272,419.7475048446212,1.4886,4.6836
50.0,1.0,7850,1,26.658203040182773,646.9482072549818,1.5867,2.1879
50.0,1.0,7850,1,21.760178582390015,411.29972344253673,1.5695,3.4414
50.0,1.0,7850,1,20.78426142304594,610.7616633505314,1.5682,2.3175
50.0,1.0,7850,0,31.16885670552564,356.83465296543926,1.67,2.2037
50.0,1.0,7850,1,23.646387963577787,417.58371520873663,1.5654,3.3896
50.0,1.0,7850,1,24.183379962233968,380.5929392746965,1.5687,3.7191
50.0,1.0,7850,1,18.344096369487698,679.9993843213974,1.5703,2.0816
50.0,1.0,7850,2,27.660527474467266,525.5176660394002,1.4797,3.7409
50.0,1.0,7850,1,20.77741829480155,610.6266694756453,1.5809,2.318
50.0,1.0,7850,0,19.143886043183713,373.15763259330896,1.6606,2.1073
50.0,1.0,7850,0,30.019544697055363,497.24955222524875,1.6658,1.5814
50.0,1.0,7850,2,22.08828995764309,675.2881666813896,1.4686,2.9112
50.0,1.0,7850,1,27.22807656564222,513.936367740579,1.5478,2.7541
50.0,1.0,7850,0,30.476582224036367,734.4604382797984,1.6686,1.0707
50.0,1.0,7850,0,22.41458140625057,579.3893064519139,1.6585,1.3572
50.0,1.0,7850,1,18.63695842086581,508.63384350057567,1.5502,2.7829
50.0,1.0,7850,0,21.487895509864437,718.8941321750629,1.675,1.0939
50.0,1.0,7850,0,31.62861921649085,423.11079355148763,1.6567,1.8585
50.0,1.0,7850,0,28.6196149225699,486.77584161824836,1.6799,1.6155
50.0,1.0,7850,1,19.338886871319726,481.2703484034081,1.5576,2.9411
50.0,1.0,7850,1,20.628130504593305,509.63239254049495,1.5522,2.7774
50.0,1.0,7850,1,24.083449942790644,521.9988136907067,1.5558,2.7116
50.0,1.0,7850,2,19.255847919037294,399.9759836100877,1.4612,4.9151
50.0,1.0,7850,0,26.062458865407812,714.9648423873459,1.6652,1.0999
50.0,1.0,7850,0,24.088947924820538,551.9302767219865,1.6647,1.4248
50.0,1.0,7850,2,18.208488997964935,633.3686716781162,1.4858,3.1039
50.0,1.0,7850,2,31.20244890300846,598.3774277410165,1.4684,3.2854
50.0,1.0,7850,1,28.972335649713155,731.5552934346963,1.5838,1.9349
50.0,1.0,7850,1,26.49093912206067,576.8699879281293,1.5448,2.4537
50.0,1.0,7850,1,24.328809240953454,729.1893601219433,1.561,1.9411
50.0,1.0,7850,1,23.964700757972498,628.8300018503952,1.5478,2.2509
50.0,1.0,7850,0,24.954840467205223,404.0973818390251,1.6573,1.946
50.0,1.0,7850,2,24.11033096403719,681.1063318938292,1.4773,2.8864
50.0,1.0,7850,1,21.629347488530605,506.30152196574534,1.5569,2.7957
50.0,1.0,7850,1,19.0436708271426,413.7399084485006,1.5796,3.4211
50.0,1.0,7850,2,20.97781244844676,450.5949367133772,1.4691,4.3629
50.0,1.0,7850,2,26.06684571027496,400.2826450624394,1.4554,4.9113
50.0,1.0,7850,1,25.174388827260607,471.9023306990123,1.5709,2.9995
50.0,1.0,7850,1,25.117716101497713,662.0073724905142,1.5432,2.1381
50.0,1.0,7850,0,22.172613095169666,547.4099004192892,1.6658,1.4365
50.0,1.0,7850,2,21.232660900133887,640.3449353543226,1.4412,3.0701
50.0,1.0,7850,2,21.933167921023852,548.8417377588157,1.4566,3.5819
50.0,1.0,7850,2,25.245002851143813,576.9476422146857,1.4526,3.4074
50.0,1.0,7850,1,21.933294929065287,413.39598953030236,1.546,3.424
50.0,1.0,7850,0,27.869946367447326,664.0018666654041,1.6818,1.1843
50.0,1.0,7850,0,26.268436172435553,655.8130524811229,1.6773,1.1991
50.0,1.0,7850,2,20.673846359462743,530.654852740089,1.4774,3.7047
50.0,1.0,7850,2,30.44528022913037,557.512266868166,1.4403,3.5262
50.0,1.0,7850,2,31.17255005566848,617.3833066498851,1.4628,3.1843
50.0,1.0,7850,2,31.764018521581004,556.7434279427584,1.4639,3.5311
50.0,1.0,7850,0,25.334739581739584,512.7282096781637,1.6674,1.5337
50.0,1.0,7850,1,26.216314325646763,441.13218583667754,1.5499,3.2087
50.0,1.0,7850,0,29.576993419451753,729.8698986947459,1.6674,1.0774
50.0,1.0,7850,1,23.71397462932812,650.7267936599934,1.5494,2.1752
50.0,1.0,7850,0,29.800060434894633,637.6321229570597,1.6697,1.2333
50.0,1.0,7850,2,29.392283699970175,503.2814927131733,1.4726,3.9062
50.0,1.0,7850,0,21.151745109175575,590.3690007273074,1.6625,1.332
50.0,1.0,7850,0,21.81927355317432,676.4469008037656,1.6665,1.1625
50.0,1.0,7850,2,24.228942551259543,426.54371307028964,1.4534,4.6089
50.0,1.0,7850,2,29.31175885466995,723.0394461483522,1.5037,2.719
50.0,1.0,7850,1,22.184987904828148,605.7683781967394,1.5851,2.3366
50.0,1.0,7850,2,27.487907173727788,627.224089186197,1.4917,3.1343
50.0,1.0,7850,1,30.27003479560677,676.2800054311106,1.5842,2.093
50.0,1.0,7850,2,22.761880223850802,574.0287000988029,1.4766,3.4248
50.0,1.0,7850,2,31.94581951559301,579.4481240459702,1.4748,3.3927
50.0,1.0,7850,2,18.3913864612237,727.2528817442196,1.4657,2.7032
50.0,1.0,7850,0,24.53375378889997,716.5974997725316,1.6566,1.0974
50.0,1.0,7850,1,24.58580570833351,606.0822472606163,1.5659,2.3354
50.0,1.0,7850,0,22.657467304122555,568.193410100901,1.6641,1.384
50.0,1.0,7850,2,18.28777170495514,536.4386851765624,1.5008,3.6647
50.0,1.0,7850,2,28.39287760114685,641.6208466494579,1.4756,3.064
50.0,1.0,7850,2,23.300106894145568,566.0185066666,1.4816,3.4732
50.0,1.0,7850,0,28.70800666986763,522.1884900298759,1.659,1.5059
50.0,1.0,7850,1,25.139341742674517,608.0117626070421,1.5868,2.328
50.0,1.0,7850,2,21.790287934510225,441.1378946344139,1.4417,4.4565
50.0,1.0,7850,2,24.696799366906546,551.7464316427449,1.4482,3.5631
50.0,1.0,7850,0,25.385291118169604,712.7846708605214,1.6733,1.1032
50.0,1.0,7850,0,21.30923679265,654.6094582344853,1.6593,1.2013
50.0,1.0,7850,2,18.35641798224239,423.24259201028815,1.4975,4.6449
50.0,1.0,7850,0,26.823748081025844,628.1542326827185,1.6714,1.2519
50.0,1.0,7850,0,26.838112719252642,393.9082791238974,1.6812,1.9963
50.0,1.0,7850,1,21.36939849441184,476.8227588303723,1.5855,2.9685
50.0,1.0,7850,0,18.037742735298842,676.6338951666371,1.6615,1.1622
50.0,1.0,7850,2,23.663544769710157,688.7492415940249,1.4894,2.8543
50.0,1.0,7850,1,29.77436244361472,450.8513277225647,1.5406,3.1395
50.0,1.0,7850,0,25.063943501051586,460.6419528948261,1.6604,1.7071
50.0,1.0,7850,0,31.06948034996456,475.49146581346974,1.661,1.6538
50.0,1.0,7850,2,30.819501576633932,627.729306585616,1.496,3.1318
50.0,1.0,7850,1,18.965485800705828,722.1778664315586,1.5616,1.96
50.0,1.0,7850,0,28.199374453529977,418.61755150803174,1.6754,1.8785
50.0,1.0,7850,2,27.01288025504002,697.0075306042111,1.4992,2.8205
50.0,1.0,7850,2,20.90585097164628,394.07931208355006,1.4992,4.9886
50.0,1.0,7850,1,22.4793422305662,668.1839685712412,1.5663,2.1184
50.0,1.0,7850,1,27.829505788318635,701.2071996343077,1.5799,2.0186
50.0,1.0,7850,1,18.58809783799588,481.8500937296223,1.5738,2.9375
50.0,1.0,7850,1,20.56191985813556,437.8417073439717,1.5631,3.2328
50.0,1.0,7850,0,24.580031225848426,640.7123296032305,1.6705,1.2273
50.0,1.0,7850,0,26.125409943364957,471.7150619826487,1.6588,1.667
50.0,1.0,7850,0,18.356657874909235,398.3182896521887,1.6728,1.9742
50.0,1.0,7850,1,27.176747008465206,625.0257070924058,1.5797,2.2646
50.0,1.0,7850,0,24.483711419832392,562.3268119002399,1.6659,1.3984
50.0,1.0,7850,1,19.687270823185496,702.8427063714361,1.556,2.0139
50.0,1.0,7850,0,31.641130319461084,497.3255950179894,1.6646,1.5812
50.0,1.0,7850,1,24.755933622331206,615.8526213277801,1.5835,2.2984
50.0,1.0,7850,2,31.384326552319706,428.4577543065541,1.4963,4.5883
50.0,1.0,7850,1,20.416809961776384,687.5046379935379,1.5409,2.0588
50.0,1.0,7850,0,20.21245427241346,486.45178145238197,1.678,1.6165
50.0,1.0,7850,0,25.993450757411807,418.28389413500025,1.6649,1.88
50.0,1.0,7850,0,29.429920113177218,627.658235594031,1.6613,1.2529
50.0,1.0,7850,2,31.80643513039533,629.7287920952599,1.4623,3.1218
50.0,1.0,7850,2,24.144751700649337,531.7526402739245,1.4428,3.697
50.0,1.0,7850,0,30.3767909229352,437.7051387157318,1.6564,1.7966
50.0,1.0,7850,0,29.03324476317686,497.04876683213035,1.6748,1.5821
50.0,1.0,7850,0,18.757653359974178,643.1592593841798,1.661,1.2227
50.0,1.0,7850,1,25.018861216442936,538.0934528197431,1.581,2.6305
50.0,1.0,7850,2,28.290458179887843,503.6402052241559,1.4614,3.9034
50.0,1.0,7850,2,30.08994999680757,425.23620659796404,1.4964,4.6231
50.0,1.0,7850,1,23.00506000535656,743.495735621284,1.5541,1.9038
50.0,1.0,7850,1,26.021406685840695,516.2957450340209,1.5614,2.7416
50.0,1.0,7850,1,31.236271708031634,545.7023855752122,1.5584,2.5938
50.0,1.0,7850,1,30.930804878600807,723.954951412507,1.5439,1.9552
50.0,1.0,7850,1,22.36832088800206,643.4785783049028,1.5487,2.1997
50.0,1.0,7850,2,30.331361145132966,428.37898688478464,1.4504,4.5892
50.0,1.0,7850,0,23.541390822410698,350.70223235623627,1.6662,2.2423
50.0,1.0,7850,1,20.16574565117128,544.720001153798,1.5841,2.5985
50.0,1.0,7850,1,20.793563617733398,368.9032444018235,1.5426,3.8369
50.0,1.0,7850,0,31.995379477772794,486.24854683105025,1.6755,1.6172
50.0,1.0,7850,1,29.10528108270757,422.55950396147813,1.5627,3.3497
50.0,1.0,7850,2,20.19961889608662,472.8968752362525,1.4496,4.1572
50.0,1.0,7850,2,29.345155009853627,445.8915111942095,1.4845,4.4089
50.0,1.0,7850,0,31.185432727249356,678.666151394309,1.678,1.1587
50.0,1.0,7850,1,31.26242216875981,537.7525776884718,1.5841,2.6322
50.0,1.0,7850,2,18.210076693920062,387.9344536267455,1.4809,5.0676
50.0,1.0,7850,0,21.68981471741681,666.1445399057378,1.6575,1.1805
50.0,1.0,7850,0,24.019202197252262,593.3842227073277,1.6562,1.3252
50.0,1.0,7850,0,18.03993740177573,659.8207212205268,1.6746,1.1918
50.0,1.0,7850,2,26.886039661643988,566.1980623309843,1.4834,3.4721
50.0,1.0,7850,1,25.036403611065232,366.13225439209873,1.5868,3.866
50.0,1.0,7850,1,22.91674808446001,590.8829900194272,1.5517,2.3955
50.0,1.0,7850,0,22.81679372024021,628.3774380061992,1.6697,1.2514
50.0,1.0,7850,2,28.285883704473846,477.81923591065953,1.4576,4.1143
50.0,1.0,7850,1,22.608502462222976,741.6271471740044,1.5481,1.9086
50.0,1.0,7850,2,20.991737687180077,734.4886729589623,1.4422,2.6766
50.0,1.0,7850,0,31.985956300673173,551.9630711763488,1.6728,1.4247
50.0,1.0,7850,1,27.153080993613074,535.3691445755752,1.5499,2.6439
50.0,1.0,7850,0,19.43316971161489,696.3357525052854,1.6693,1.1293
50.0,1.0,7850,1,30.697127168735346,519.0567362228699,1.5529,2.727
50.0,1.0,7850,0,31.778190690084795,725.4380677851684,1.6781,1.084
50.0,1.0,7850,2,20.874354485452315,481.84079647947584,1.4546,4.08
50.0,1.0,7850,2,29.961706655959432,656.3649661465786,1.4515,2.9952
50.0,1.0,7850,2,18.203378992807973,552.6995118708791,1.4986,3.5569
50.0,1.0,7850,2,29.526617184207808,493.57547614463874,1.4906,3.983
50.0,1.0,7850,1,27.187903719796267,393.0970083989905,1.5723,3.6008
50.0,1.0,7850,1,30.579140764819833,438.7693238501844,1.554,3.226
50.0,1.0,7850,0,30.099519378732303,664.7535303562076,1.6582,1.1829
50.0,1.0,7850,1,22.955387097209385,595.7107490867561,1.5545,2.3761
50.0,1.0,7850,1,20.865219162188826,402.4940955823757,1.5469,3.5167
50.0,1.0,7850,2,27.428830110519613,664.8271760124496,1.5028,2.957
50.0,1.0,7850,1,22.699188336167893,665.7063137324731,1.5651,2.1262
50.0,1.0,7850,2,29.211078973011887,638.9686690933668,1.4475,3.0767
50.0,1.0,7850,2,22.732891067969963,550.870292049279,1.4844,3.5687
50.0,1.0,7850,2,20.701066004571008,718.5636802857866,1.5038,2.7359
50.0,1.0,7850,0,27.67869137471585,521.0162707680955,1.6802,1.5093
50.0,1.0,7850,2,26.622013582078385,469.43751147616956,1.4923,4.1878
50.0,1.0,7850,2,26.653491067707467,546.7296675024344,1.4542,3.5958
50.0,1.0,7850,1,24.648147717790533,637.6602950513945,1.5535,2.2198
50.0,1.0,7850,1,23.15076138169796,499.5185359383575,1.5828,2.8336
50.0,1.0,7850,1,18.60368042764646,489.357941909798,1.5843,2.8925
50.0,1.0,7850,2,28.359863125570453,663.6180592185585,1.4695,2.9624
50.0,1.0,7850,1,30.612419566863284,529.2251598232118,1.5494,2.6746
50.0,1.0,7850,0,26.457115210174173,532.5415417794252,1.6728,1.4766
50.0,1.0,7850,1,18.623738222794476,403.2527964634049,1.5547,3.5101
50.0,1.0,7850,1,19.221445159866374,536.3121040021282,1.5654,2.6392
50.0,1.0,7850,1,25.850226645442838,398.45970009436815,1.5752,3.5523
50.0,1.0,7850,2,19.924702955987144,730.4856039455374,1.4437,2.6912
50.0,1.0,7850,2,24.223544237111575,428.9160196613323,1.4679,4.5834
50.0,1.0,7850,1,28.505936967923148,386.4410789186104,1.5531,3.6628
50.0,1.0,7850,1,30.48121166231084,727.1419798855393,1.5848,1.9466
50.0,1.0,7850,2,24.417404176129313,432.0602128167843,1.4882,4.5501
50.0,1.0,7850,0,21.548805001299186,638.0919754250705,1.6781,1.2324
50.0,1.0,7850,2,27.454272144163422,718.8727664801739,1.4787,2.7347
50.0,1.0,7850,2,22.191058048232858,428.98375215044314,1.4481,4.5827
50.0,1.0,7850,2,18.459087929987692,595.7929354829266,1.4902,3.2997
50.0,1.0,7850,0,19.03081974358294,596.5268537297779,1.6679,1.3182
50.0,1.0,7850,1,26.864055437406076,437.1623188442935,1.5538,3.2378
50.0,1.0,7850,1,30.98505273612372,605.4437871718071,1.5658,2.3379
50.0,1.0,7850,2,23.679808951236033,363.15301445733,1.4845,5.4135
50.0,1.0,7850,2,22.509890253414763,576.1070778987254,1.4785,3.4124
50.0,1.0,7850,1,29.627717802781753,631.1263537440677,1.577,2.2427
50.0,1.0,7850,2,18.128330659280905,477.3298515321983,1.486,4.1186
50.0,1.0,7850,2,27.542508742009666,499.54247233210873,1.4589,3.9354
50.0,1.0,7850,1,28.00885433028089,568.2007581449836,1.5453,2.4911
50.0,1.0,7850,1,31.678613535852477,697.5621664778205,1.5753,2.0291
50.0,1.0,7850,1,31.12428072533011,649.613051044799,1.5479,2.1789
50.0,1.0,7850,1,27.929935520818184,572.3692841849347,1.5812,2.473
50.0,1.0,7850,1,24.412462767894155,657.2622983262664,1.5451,2.1536
50.0,1.0,7850,2,27.4004089613237,398.24097903750555,1.4597,4.9365
50.0,1.0,7850,0,19.996861196282495,600.7730125982607,1.661,1.3089
50.0,1.0,7850,2,21.07929416292184,426.1745462138359,1.4859,4.6129
50.0,1.0,7850,2,30.970769120162544,444.9997438984458,1.4408,4.4178
50.0,1.0,7850,0,19.121511317820516,571.0959987794032,1.6784,1.3769
50.0,1.0,7850,2,29.78267622607833,745.634959715997,1.4825,2.6366
50.0,1.0,7850,0,19.611352720777308,660.7451887245851,1.6643,1.1901
50.0,1.0,7850,1,19.94222147560631,680.509970861122,1.543,2.08
50.0,1.0,7850,2,30.65182518983316,352.9028838164026,1.4761,5.5707
50.0,1.0,7850,1,28.73877239222754,482.118364137001,1.5807,2.9359
50.0,1.0,7850,2,25.47908817082068,422.1648393914784,1.4554,4.6567
50.0,1.0,7850,0,20.541828892420096,648.6838131668095,1.6664,1.2122
50.0,1.0,7850,2,18.555864748780284,687.316967381156,1.5002,2.8603
50.0,1.0,7850,2,20.44044547718852,684.9170369151541,1.4863,2.8703
50.0,1.0,7850,2,26.27903895500783,374.2111804323461,1.4754,5.2535
50.0,1.0,7850,0,31.66377258604406,442.25269912410454,1.6636,1.7781
50.0,1.0,7850,1,24.67153593383277,705.0645341517603,1.5514,2.0076
50.0,1.0,7850,0,23.95300990503892,546.329300094951,1.6568,1.4394
50.0,1.0,7850,1,21.194457654479972,676.7746141011759,1.5528,2.0915
50.0,1.0,7850,1,28.284203403809524,496.65522032947547,1.553,2.85
50.0,1.0,7850,1,26.44250305473763,679.0325384938951,1.5559,2.0845
50.0,1.0,7850,1,20.81899192927203,726.2519583054842,1.5552,1.949
50.0,1.0,7850,2,24.13762263642532,441.8615847672078,1.4772,4.4492
50.0,1.0,7850,1,30.433715727831668,712.2995682069127,1.5705,1.9872
50.0,1.0,7850,1,30.948768421470046,391.4456549708333,1.5544,3.616
50.0,1.0,7850,1,28.35613745493717,724.749828872448,1.5618,1.953
50.0,1.0,7850,0,31.63990120172297,579.8326462876084,1.6713,1.3562
50.0,1.0,7850,2,24.916882154630166,380.9177246231977,1.4602,5.161
50.0,1.0,7850,1,22.62169758005063,699.893844265225,1.5582,2.0224
50.0,1.0,7850,2,22.68130746012777,707.2552836849184,1.4522,2.7796
50.0,1.0,7850,0,31.78988222622639,363.8796554665986,1.6743,2.1611
50.0,1.0,7850,0,21.666167758910298,469.5664054042454,1.6775,1.6747
50.0,1.0,7850,2,25.517494839251704,464.7763222260856,1.4786,4.2298
50.0,1.0,7850,1,26.494520115253707,630.1604853499316,1.5781,2.2462
50.0,1.0,7850,2,19.58443187885689,712.6442466851449,1.4893,2.7586
50.0,1.0,7850,1,19.93877188343306,437.12307277753,1.5564,3.2381
50.0,1.0,7850,2,21.97442723228061,393.83338625588203,1.4415,4.9917
50.0,1.0,7850,0,23.02227675523175,397.5982202833699,1.6562,1.9778
50.0,1.0,7850,2,31.352735322425513,616.7963370778514,1.491,3.1873
50.0,1.0,7850,0,30.349120038071874,537.5010446474741,1.6742,1.463
50.0,1.0,7850,2,29.964443221320792,380.51812421906146,1.4656,5.1664
50.0,1.0,7850,0,29.26169346830268,582.9085579121689,1.6762,1.349
50.0,1.0,7850,0,30.152869313860126,714.8340198445158,1.6767,1.1001
50.0,1.0,7850,1,26.57951548556306,717.4709300909896,1.547,1.9728
50.0,1.0,7850,0,18.231032976717596,485.49542642766824,1.6564,1.6197
50.0,1.0,7850,1,19.744296997429895,408.88958724143436,1.5567,3.4617
50.0,1.0,7850,0,26.104504413238647,470.90949763311124,1.6665,1.6699
50.0,1.0,7850,1,30.723089725633187,571.401404904961,1.5812,2.4772
50.0,1.0,7850,0,19.907977178129443,360.21620498856964,1.6679,2.183
50.0,1.0,7850,0,26.374237014469188,561.2676873549923,1.6814,1.4011
50.0,1.0,7850,0,31.006560869692184,662.187618918608,1.6781,1.1875
50.0,1.0,7850,0,27.355309659465988,690.9985521160716,1.6684,1.138
50.0,1.0,7850,0,20.177185043442687,480.74594862750274,1.6781,1.6357
50.0,1.0,7850,1,28.874148211015665,357.5937335835035,1.5692,3.9583
50.0,1.0,7850,1,31.073946659773526,643.18936634805,1.545,2.2007
50.0,1.0,7850,2,18.110796123099547,644.3660882252962,1.4594,3.0509
50.0,1.0,7850,0,23.696432636105666,513.7991998075021,1.6729,1.5305
50.0,1.0,7850,1,26.549536135257757,480.4448877672132,1.5466,2.9461
50.0,1.0,7850,0,31.93558812686388,689.3488948813388,1.6704,1.1407
50.0,1.0,7850,1,26.616546742544095,658.4295686154104,1.5438,2.1497
50.0,1.0,7850,2,22.710722735912398,373.4791642755789,1.4939,5.2638
50.0,1.0,7850,0,23.237969042580666,539.7701723721856,1.6682,1.4569
50.0,1.0,7850,2,25.112731381033953,607.046971438102,1.474,3.2385
50.0,1.0,7850,0,27.318044455897173,578.8868818098721,1.6631,1.3584
50.0,1.0,7850,1,27.83384240730502,408.6341997705167,1.5732,3.4639
50.0,1.0,7850,1,26.40408395721478,701.5656339679392,1.5717,2.0176
50.0,1.0,7850,0,28.07257683249692,398.35648382799985,1.6799,1.974
50.0,1.0,7850,0,27.16437954185116,573.6456317725972,1.677,1.3708
50.0,1.0,7850,1,21.108854260835336,689.007324531346,1.5743,2.0543
50.0,1.0,7850,1,26.791232634998536,371.2083979548781,1.5525,3.8131
50.0,1.0,7850,1,18.609710628584764,476.0368409091643,1.557,2.9734
50.0,1.0,7850,0,29.288580091830582,540.2579638149418,1.6712,1.4555
50.0,1.0,7850,2,31.66164106858305,584.2157023515617,1.4414,3.365
50.0,1.0,7850,1,23.861650080931632,483.8287010365233,1.5511,2.9255
50.0,1.0,7850,2,22.418132793330372,543.2574748954136,1.4697,3.6187
50.0,1.0,7850,2,29.20179277433858,721.1825203016864,1.47,2.726
50.0,1.0,7850,1,23.127636335057904,497.2467777677912,1.5836,2.8466
50.0,1.0,7850,1,18.462775040053923,408.9099686926328,1.5645,3.4615
50.0,1.0,7850,1,30.15392197827734,352.6977700645129,1.5872,4.0132
50.0,1.0,7850,0,25.18100145305049,536.104729122453,1.6564,1.4668
50.0,1.0,7850,2,31.9331252557545,422.9371011149852,1.4461,4.6482
50.0,1.0,7850,0,29.89223192134593,553.1599254131004,1.6764,1.4216
50.0,1.0,7850,2,19.293791726680077,526.4300240976291,1.4765,3.7344
50.0,1.0,7850,2,30.44144129553921,359.98483266538767,1.4974,5.4611
50.0,1.0,7850,1,30.025414169450436,417.1934383619202,1.558,3.3928
50.0,1.0,7850,1,18.56155165258985,580.7543032606744,1.5693,2.4373
50.0,1.0,7850,2,27.181940499502204,500.7560615684778,1.4769,3.9259
50.0,1.0,7850,1,21.146420652858417,471.64624919977854,1.5426,3.0011
50.0,1.0,7850,0,24.691465270096444,357.5488526544531,1.6675,2.1993
50.0,1.0,7850,1,20.09378683618505,361.519227913591,1.5624,3.9153
50.0,1.0,7850,2,26.98709613627976,541.5721311342737,1.5027,3.63
50.0,1.0,7850,0,30.9485721960259,362.97462032281544,1.6794,2.1664
50.0,1.0,7850,0,24.756537592567394,417.03886791645164,1.6682,1.8856
50.0,1.0,7850,2,31.463809606717444,548.1760167593795,1.4426,3.5863
50.0,1.0,7850,1,27.560247823746657,498.47948869769084,1.5496,2.8395
50.0,1.0,7850,0,28.793584112823957,399.357836766295,1.681,1.9691
50.0,1.0,7850,1,30.642023839542066,657.7432715170438,1.5773,2.152
50.0,1.0,7850,2,26.973653779496747,566.1023804767638,1.4779,3.4727
50.0,1.0,7850,1,29.845142009501167,432.9713732611386,1.5623,3.2692
50.0,1.0,7850,2,29.157429361197465,440.190067683301,1.4874,4.4661
50.0,1.0,7850,0,27.052889827808297,392.1335254834908,1.6729,2.0054
50.0,1.0,7850,0,20.049844937532292,483.4565833904048,1.6718,1.6265
50.0,1.0,7850,0,22.09548967816864,451.9596114739966,1.6804,1.7399
50.0,1.0,7850,1,26.2497296044315,736.3100659539049,1.565,1.9224
50.0,1.0,7850,1,25.079691482763884,694.1765628421653,1.578,2.039
50.0,1.0,7850,0,31.946917384866246,355.06545315809535,1.679,2.2147
50.0,1.0,7850,1,20.344489456610496,579.1362466375679,1.5873,2.4441
50.0,1.0,7850,1,30.82523739690324,436.059342644249,1.5478,3.246
50.0,1.0,7850,2,31.029093409678246,369.8418429787529,1.4793,5.3156
50.0,1.0,7850,1,18.425670217358416,722.0314509007037,1.5501,1.9604
50.0,1.0,7850,1,25.953955384435154,732.8730651955062,1.5722,1.9314
50.0,1.0,7850,1,26.61768051474064,363.01301830811195,1.5488,3.8992
50.0,1.0,7850,2,18.982967712560832,455.8173700195374,1.4537,4.3129
50.0,1.0,7850,1,21.156176611946325,534.3473437342266,1.5691,2.6489
50.0,1.0,7850,1,25.17425650964673,649.5652876865745,1.5617,2.1791
50.0,1.0,7850,0,19.407725849853243,543.2053338386546,1.668,1.4476
50.0,1.0,7850,1,22.751720380751586,622.1739462140865,1.567,2.275
50.0,1.0,7850,2,24.295152031988785,408.8245962629758,1.4741,4.8087
50.0,1.0,7850,2,27.556187009951742,596.3312571322965,1.4865,3.2967
50.0,1.0,7850,2,22.99144844175825,592.4037280142076,1.4848,3.3185
50.0,1.0,7850,2,23.88650062226405,692.9556471645451,1.4667,2.837
50.0,1.0,7850,1,19.933378891327738,510.577454985721,1.5481,2.7723
50.0,1.0,7850,1,26.490975975415072,613.2894881663303,1.5418,2.308
50.0,1.0,7850,0,29.71038326888987,659.7136252385355,1.6606,1.192
50.0,1.0,7850,0,30.344540999771972,721.3071322896155,1.6741,1.0902
50.0,1.0,7850,2,26.891636267919584,568.7863090307045,1.4639,3.4563
50.0,1.0,7850,0,25.926330694607465,494.32075330340297,1.6687,1.5908
50.0,1.0,7850,2,28.677225114102853,499.6520799449105,1.4441,3.9346
50.0,1.0,7850,0,18.580679783156402,748.2304571820058,1.6631,1.051
50.0,1.0,7850,2,20.600920625116853,447.9536654517156,1.5023,4.3887
50.0,1.0,7850,2,20.927598601395665,677.5801796605567,1.4466,2.9014
50.0,1.0,7850,1,29.708695349204184,410.1988173980947,1.5478,3.4507
50.0,1.0,7850,0,30.07156385982705,683.8498777369671,1.6806,1.1499
50.0,1.0,7850,1,28.161768864602745,446.55226372282783,1.5733,3.1697
50.0,1.0,7850,0,20.001682143944425,657.9404926300366,1.6627,1.1952
50.0,1.0,7850,2,19.99292724634634,437.5235404871554,1.5037,4.4933
50.0,1.0,7850,1,21.400717113483957,576.5027587075793,1.5545,2.4552
50.0,1.0,7850,0,21.313111188013508,632.7593575094988,1.6811,1.2428
50.0,1.0,7850,0,19.656387405668173,568.9073424066537,1.6561,1.3822
50.0,1.0,7850,1,29.172866815358525,374.2763594428417,1.549,3.7819
50.0,1.0,7850,2,22.074677627439616,729.1064167006068,1.4786,2.6963
50.0,1.0,7850,1,23.640507409033198,372.95817041976005,1.5845,3.7952
50.0,1.0,7850,2,31.678359331019408,357.74613602168773,1.4633,5.4953
50.0,1.0,7850,0,29.996260812815457,647.7376817540155,1.6739,1.214
50.0,1.0,7850,2,25.111793570424833,616.8898127422422,1.5006,3.1868
50.0,1.0,7850,0,27.53600378943612,360.09576135273016,1.6798,2.1838
50.0,1.0,7850,2,24.285985720253144,729.5545511043903,1.4998,2.6947
50.0,1.0,7850,2,29.890499933691423,450.38143551604503,1.4707,4.365
50.0,1.0,7850,1,23.403145439283314,360.474765614554,1.546,3.9266
50.0,1.0,7850,0,22.594176061482912,423.9749985981964,1.6701,1.8547
50.0,1.0,7850,0,23.812441683354706,628.7231604086721,1.6605,1.2507
50.0,1.0,7850,0,19.43889044250037,492.54720224150344,1.6682,1.5965
50.0,1.0,7850,0,27.277472793411718,585.5625216693696,1.6678,1.3429
50.0,1.0,7850,0,18.2744687798078,636.0246265387674,1.6715,1.2364
50.0,1.0,7850,0,28.36619142571297,409.92646577219773,1.6615,1.9183
50.0,1.0,7850,0,20.001562310087728,698.8988488666739,1.6564,1.1251
50.0,1.0,7850,0,28.972410967677348,618.3414710280865,1.6672,1.2717
50.0,1.0,7850,2,25.091987283496834,577.9808937786315,1.4643,3.4013
50.0,1.0,7850,0,30.96867258884466,592.228387527609,1.6611,1.3278
50.0,1.0,7850,0,28.975704358655644,542.2674213889293,1.6772,1.4501
50.0,1.0,7850,1,21.855134479783697,519.4300717174348,1.541,2.725
50.0,1.0,7850,0,19.754803208839945,442.8084831867274,1.6794,1.7759
50.0,1.0,7850,1,18.84474120137994,608.245618658209,1.5705,2.3271
50.0,1.0,7850,2,25.310670685717714,568.5301134805427,1.4579,3.4579
50.0,1.0,7850,2,28.09460593625724,568.2629398016591,1.4974,3.4595
50.0,1.0,7850,0,21.684872685498338,441.4613849280987,1.6627,1.7813
50.0,1.0,7850,1,20.220686663282486,710.385783060809,1.5795,1.9925
50.0,1.0,7850,1,26.35387416506825,606.7977854997371,1.5653,2.3327
50.0,1.0,7850,2,24.65389597818976,537.8575077273706,1.4963,3.6551
50.0,1.0,7850,1,28.179383879986034,622.3955566915347,1.5822,2.2742
50.0,1.0,7850,0,24.24470613042203,713.413350563369,1.6681,1.1023
50.0,1.0,7850,2,25.703369970390284,504.1060837976074,1.4711,3.8998
50.0,1.0,7850,0,28.99756946978957,473.1816696598256,1.6623,1.6619
50.0,1.0,7850,0,18.02018248104168,529.1429501709664,1.6589,1.4861
50.0,1.0,7850,2,20.452576478016972,510.84619690635003,1.4955,3.8483
50.0,1.0,7850,2,23.121050155028144,707.1731019261802,1.4719,2.78
50.0,1.0,7850,2,23.956047677774244,625.020443661864,1.4976,3.1454
50.0,1.0,7850,2,18.427438768097993,705.2632361200269,1.4975,2.7875
50.0,1.0,7850,1,24.403352098632173,488.02678140001575,1.5616,2.9004
50.0,1.0,7850,0,23.098836808549155,606.2545754015271,1.6595,1.2971
50.0,1.0,7850,2,24.858609210996917,699.4077382051858,1.4416,2.8108
50.0,1.0,7850,2,22.465232433276128,474.52495943812244,1.4654,4.1429
50.0,1.0,7850,0,23.123656517130968,548.9996259937118,1.6779,1.4324
50.0,1.0,7850,1,31.15477727502096,416.4467984606108,1.5737,3.3989
50.0,1.0,7850,0,20.850606597502846,435.6082879726124,1.6597,1.8052
50.0,1.0,7850,0,28.125822172868602,575.7712838891352,1.673,1.3658
50.0,1.0,7850,0,30.38439334183292,570.1851419035687,1.6713,1.3791
50.0,1.0,7850,0,24.399569043717758,469.4234653714705,1.6746,1.6752
50.0,1.0,7850,2,20.673108589911795,591.7203017099428,1.5014,3.3224
50.0,1.0,7850,2,27.709701625976283,421.51334031335807,1.4645,4.6639
50.0,1.0,7850,2,19.002038671033983,600.3368719245786,1.4852,3.2747
50.0,1.0,7850,0,25.73835104081375,450.84595768740724,1.6622,1.7442
50.0,1.0,7850,1,19.442505089544913,417.2744685556157,1.5755,3.3921
50.0,1.0,7850,1,30.973008299585082,465.2034090221125,1.5825,3.0427
50.0,1.0,7850,2,27.005256893597384,681.2922136391808,1.4997,2.8856
50.0,1.0,7850,1,30.573293955709936,644.5703127033613,1.5504,2.196
50.0,1.0,7850,0,18.72665995058508,636.0596252111213,1.6579,1.2363
50.0,1.0,7850,1,28.606555139276487,418.1467108102242,1.554,3.3851
50.0,1.0,7850,0,25.627325401731074,721.8988494760836,1.6675,1.0893
50.0,1.0,7850,2,18.789822752125172,719.3259862606676,1.4575,2.733
50.0,1.0,7850,2,22.62214095603826,366.64502228549713,1.4679,5.3619
50.0,1.0,7850,2,20.698779625189292,636.6011768722101,1.4537,3.0881
50.0,1.0,7850,0,28.039359718315698,747.6607883218528,1.6676,1.0518
50.0,1.0,7850,1,30.840335057368524,362.05493700438757,1.5473,3.9095
50.0,1.0,7850,2,26.19766056808037,432.1535903726756,1.4789,4.5491
50.0,1.0,7850,0,27.387650680473314,483.0504619569585,1.6786,1.6279
50.0,1.0,7850,1,25.01806243959553,574.5995266116124,1.5456,2.4634
50.0,1.0,7850,2,26.693284649767904,418.3468758615072,1.4687,4.6992
50.0,1.0,7850,1,20.854521115436608,580.7341878086764,1.5428,2.4374
50.0,1.0,7850,2,30.513906872151697,358.2091105959173,1.4546,5.4882
50.0,1.0,7850,1,24.585714161658522,567.9447882699814,1.573,2.4922
50.0,1.0,7850,0,29.001970567077638,620.6454722001208,1.6624,1.267
50.0,1.0,7850,0,28.804755577190672,356.802623440072,1.6767,2.2039
50.0,1.0,7850,2,27.59823588963859,398.3667346410419,1.4738,4.9349
50.0,1.0,7850,1,28.70051647765858,745.2621514535729,1.5608,1.8993
50.0,1.0,7850,0,28.37348270640514,461.1818073438327,1.6819,1.7051
50.0,1.0,7850,1,30.032475981489178,645.2794584977999,1.548,2.1936
50.0,1.0,7850,2,26.762936225083735,580.801918720099,1.482,3.3848
50.0,1.0,7850,0,29.68087301201721,495.4004322103294,1.6775,1.5873
50.0,1.0,7850,2,19.787041032776383,412.9636932396057,1.481,4.7605
50.0,1.0,7850,0,24.028547472568086,450.55959577807863,1.6574,1.7453
50.0,1.0,7850,1,30.377855087623402,527.7907283341245,1.5869,2.6819
50.0,1.0,7850,1,26.378480843587532,417.60938074523176,1.5684,3.3894
50.0,1.0,7850,1,23.810252036005558,350.14109959783906,1.5433,4.0425
50.0,1.0,7850,1,21.514596421948326,624.4685828366419,1.5535,2.2667
50.0,1.0,7850,2,18.101226861260166,608.0401283859401,1.4621,3.2332
50.0,1.0,7850,1,31.63304378430327,495.0424434190611,1.5786,2.8593
50.0,1.0,7850,1,19.19992162755911,593.9903693981876,1.5682,2.383
50.0,1.0,7850,0,18.834647360120492,600.2312533686152,1.6578,1.3101
50.0,1.0,7850,0,20.524869731490206,380.6836825792949,1.6782,2.0657
50.0,1.0,7850,1,21.5890181946946,607.0781390085872,1.5711,2.3316
50.0,1.0,7850,2,25.123716070626546,672.9643404028361,1.4891,2.9213
50.0,1.0,7850,1,27.57525246057072,528.3150280543451,1.5812,2.6792
50.0,1.0,7850,0,18.64699787676889,683.5579934856696,1.6799,1.1504
50.0,1.0,7850,0,18.279441955316337,490.1043531316751,1.666,1.6045
50.0,1.0,7850,1,22.38402900550528,367.0352942385048,1.5865,3.8565
50.0,1.0,7850,1,21.23800592458182,705.6769651184172,1.575,2.0058
50.0,1.0,7850,2,31.137774974035406,486.02842697614386,1.481,4.0449
50.0,1.0,7850,0,31.01888382468638,616.1680318338631,1.678,1.2762
50.0,1.0,7850,0,29.870303951935334,660.3763717312438,1.6729,1.1908
50.0,1.0,7850,1,21.322991997637683,405.2758326361003,1.5596,3.4926
50.0,1.0,7850,0,23.20674362367597,409.50343757808776,1.6598,1.9203
50.0,1.0,7850,1,29.575335124819894,387.20171145239954,1.5618,3.6556
50.0,1.0,7850,0,21.740581147660947,686.1916185955054,1.6583,1.146
50.0,1.0,7850,1,26.452843271750027,442.0554987092614,1.5541,3.202
50.0,1.0,7850,1,21.73904192940422,690.3137332251373,1.5862,2.0505
50.0,1.0,7850,2,21.261377773095234,419.4587513861409,1.4765,4.6868
50.0,1.0,7850,1,30.02357797890319,444.9053373411047,1.5742,3.1815
50.0,1.0,7850,2,23.543180243087818,693.3163274641831,1.4611,2.8355
50.0,1.0,7850,1,31.44630742662939,670.8545598887854,1.5876,2.1099
50.0,1.0,7850,1,26.12891988223233,558.0496637512765,1.5674,2.5364
50.0,1.0,7850,0,26.83312585067094,519.4246475583384,1.6622,1.5139
50.0,1.0,7850,1,21.633195385126392,400.7165038058699,1.5614,3.5323
50.0,1.0,7850,1,31.672908296647353,637.0444793902665,1.5804,2.2219
50.0,1.0,7850,1,22.142131722515373,671.6481688810629,1.5661,2.1074
50.0,1.0,7850,2,29.50207240349765,409.5317334071439,1.456,4.8004
50.0,1.0,7850,2,25.68357807814461,425.1940338601507,1.4709,4.6236
50.0,1.0,7850,0,22.410902772561663,565.6385128185268,1.6786,1.3902
50.0,1.0,7850,1,31.64666383298458,426.73597922778976,1.5771,3.3169
50.0,1.0,7850,0,24.028348158300375,562.4124685656241,1.6612,1.3982
50.0,1.0,7850,0,22.741425974484084,401.8005683005936,1.6758,1.9571
50.0,1.0,7850,0,25.509588580237107,442.7329143420324,1.6756,1.7762
50.0,1.0,7850,1,21.837183694201826,691.9549197416176,1.5771,2.0456
50.0,1.0,7850,0,30.74300484424584,378.1391974328834,1.6797,2.0796
50.0,1.0,7850,2,24.897389042193915,395.8022355841498,1.4703,4.9669
50.0,1.0,7850,2,26.938003262765843,520.1278998757128,1.4968,3.7797
50.0,1.0,7850,0,18.883741317780363,487.1796052302865,1.6715,1.6141
50.0,1.0,7850,0,25.800408583636777,442.43932094460126,1.6615,1.7773
50.0,1.0,7850,0,27.302514117551723,475.00235749649005,1.6793,1.6555
50.0,1.0,7850,0,22.924757075104587,718.7407818418963,1.675,1.0941
50.0,1.0,7850,1,26.778728704729097,418.7267608735167,1.5509,3.3804
50.0,1.0,7850,1,23.226118322248716,726.5089671708258,1.5628,1.9483
50.0,1.0,7850,2,25.8105524969082,609.3559592908475,1.4707,3.2262
50.0,1.0,7850,0,22.831796173062344,576.7115315850599,1.6763,1.3635
50.0,1.0,7850,0,20.082758548891956,646.8337363960557,1.6773,1.2157
50.0,1.0,7850,0,24.296840242540718,488.7815376226756,1.6603,1.6088
50.0,1.0,7850,0,28.00532549864731,371.9794895829234,1.6694,2.114
50.0,1.0,7850,1,22.775321680184405,657.2860051550076,1.5654,2.1535
50.0,1.0,7850,2,26.986682267408806,460.4820178644117,1.4663,4.2692
50.0,1.0,7850,2,29.915554719281694,474.93025285318146,1.4936,4.1394
50.0,1.0,7850,1,27.85777185971709,736.020691812824,1.5412,1.9231
50.0,1.0,7850,1,29.535513700730327,502.6655562422451,1.5722,2.8159
50.0,1.0,7850,2,27.341691420711783,452.80858379083764,1.4805,4.3416
50.0,1.0,7850,0,21.983382098679392,374.0066191221338,1.67,2.1025
50.0,1.0,7850,2,28.987672553857568,580.6519932941296,1.4604,3.3857
50.0,1.0,7850,2,28.344480663348342,455.7937300131387,1.497,4.3132
50.0,1.0,7850,2,24.397557071123813,453.25151773100447,1.4724,4.3374
50.0,1.0,7850,2,22.957152291953573,614.275991020352,1.4432,3.2004
50.0,1.0,7850,0,28.74746766060056,400.2114479570572,1.6626,1.9649
50.0,1.0,7850,1,24.510160857890746,395.89254400523646,1.554,3.5754
50.0,1.0,7850,0,30.782877999846185,541.4999602236951,1.6794,1.4522
50.0,1.0,7850,1,28.313589529928798,675.2860452590321,1.5607,2.0961
50.0,1.0,7850,2,28.15746164489569,508.02121474103456,1.4595,3.8697
50.0,1.0,7850,1,23.706388335689766,461.92771185799285,1.568,3.0642
50.0,1.0,7850,2,19.199180261284074,685.6819291037873,1.5004,2.8671
50.0,1.0,7850,2,29.158047324683668,475.7745018651414,1.4636,4.132
50.0,1.0,7850,1,26.359887450345322,598.4420799274203,1.5522,2.3652
50.0,1.0,7850,0,23.087663344476688,468.40036376977366,1.6673,1.6788
50.0,1.0,7850,1,31.615050846317036,492.6813269223127,1.5706,2.873
50.0,1.0,7850,1,27.31191491254191,590.9889166213759,1.5832,2.3951
50.0,1.0,7850,2,31.88674962744221,620.3995159767221,1.4881,3.1688
50.0,1.0,7850,2,25.630031053069267,424.297950082607,1.4896,4.6333
50.0,1.0,7850,2,24.03835240210574,470.96806470449457,1.4904,4.1742
50.0,1.0,7850,1,27.823440983786803,667.0075684918536,1.5484,2.1221
50.0,1.0,7850,1,25.137166171039127,354.1733472016852,1.5864,3.9965
50.0,1.0,7850,0,30.404846467784694,512.7541036271273,1.6643,1.5336
50.0,1.0,7850,0,21.043844424864357,673.2916202250246,1.676,1.1679
50.0,1.0,7850,2,24.26369362243615,717.1187256825292,1.4412,2.7414
50.0,1.0,7850,1,27.88750470114461,398.31717319744445,1.5588,3.5536
50.0,1.0,7850,1,22.35232995126519,614.9714601214093,1.5705,2.3017
50.0,1.0,7850,0,22.13038591146364,675.7269196524067,1.6697,1.1637
50.0,1.0,7850,1,22.64643492654662,689.1533760773914,1.5817,2.0539
50.0,1.0,7850,2,25.165257438554548,445.10846228032636,1.4807,4.4167
50.0,1.0,7850,1,25.078417038538966,550.813144309064,1.5663,2.5698
50.0,1.0,7850,0,31.199968963519893,461.7142110990287,1.6757,1.7031
50.0,1.0,7850,1,25.539649557805028,666.1300798870125,1.5695,2.1249
50.0,1.0,7850,1,29.94603134941655,687.4348181407544,1.5563,2.059
50.0,1.0,7850,2,26.11024352165709,363.5225046238467,1.4932,5.408
50.0,1.0,7850,2,29.192381199820126,512.3649213360361,1.4719,3.8369
50.0,1.0,7850,1,25.56118104497792,673.8968776952966,1.5481,2.1004
50.0,1.0,7850,2,21.56231342760111,451.64524495043804,1.4492,4.3528
50.0,1.0,7850,1,25.62758246262086,370.7586483748829,1.5834,3.8177
50.0,1.0,7850,1,29.96440799273823,470.11746285156414,1.5536,3.0109
50.0,1.0,7850,0,27.295011662627473,614.0653913302399,1.6559,1.2806
50.0,1.0,7850,1,23.701303388790976,443.5816482425191,1.5707,3.191
50.0,1.0,7850,1,22.522456161486062,518.9814221474633,1.556,2.7274
50.0,1.0,7850,1,18.454845356105217,489.99345142030995,1.5826,2.8887
50.0,1.0,7850,0,24.07591354392738,421.7616038328695,1.6809,1.8645
50.0,1.0,7850,2,25.483196976361288,620.9278273550887,1.4908,3.1661
50.0,1.0,7850,0,24.69822998820696,525.3385365245474,1.6677,1.4969
50.0,1.0,7850,1,26.56699324354757,657.0540071717879,1.5783,2.1542
50.0,1.0,7850,2,28.585463946166534,557.6594934203822,1.488,3.5253
50.0,1.0,7850,2,24.160880408786728,713.6924952966822,1.4498,2.7546
50.0,1.0,7850,2,27.377944234452997,679.0264893364795,1.4584,2.8952
50.0,1.0,7850,0,21.617093200465995,411.04530303334496,1.6788,1.9131
50.0,1.0,7850,1,28.902773966899108,558.4635478560598,1.5437,2.5346
50.0,1.0,7850,2,27.225568301011656,416.77435072440954,1.471,4.717
50.0,1.0,7850,0,26.21401460186454,423.870422080699,1.6606,1.8552
50.0,1.0,7850,2,19.260517059494134,604.1733304237478,1.4872,3.2539
50.0,1.0,7850,0,22.447543493321504,706.3830291227982,1.659,1.1132
50.0,1.0,7850,2,23.73853699235469,700.2818560500167,1.4634,2.8073
50.0,1.0,7850,2,20.345189692643476,375.35608743329914,1.4627,5.2375
50.0,1.0,7850,0,20.748346125548156,546.1847846213532,1.6572,1.4397
50.0,1.0,7850,1,24.91539952929812,718.6350898384499,1.5797,1.9696
50.0,1.0,7850,1,25.82386114825869,448.1169988343659,1.5815,3.1587
50.0,1.0,7850,1,20.41430144078084,645.4397170272077,1.583,2.193
50.0,1.0,7850,0,28.709873101722494,510.1238262965339,1.6733,1.5415
50.0,1.0,7850,2,30.460377775807466,682.0064313064886,1.4517,2.8825
50.0,1.0,7850,1,27.430113956592493,636.5958622650074,1.5434,2.2235
50.0,1.0,7850,0,22.993673278681626,472.4441508602753,1.6625,1.6645
50.0,1.0,7850,0,25.185949324267924,392.44058269601834,1.6645,2.0038
50.0,1.0,7850,2,22.522142762310654,396.7677055066077,1.4906,4.9548
50.0,1.0,7850,2,28.277259533199157,371.00328925380654,1.462,5.2989
50.0,1.0,7850,1,25.485641021857614,698.3478532287775,1.5528,2.0269
50.0,1.0,7850,2,25.91334204672554,464.1233320099155,1.4701,4.2358
50.0,1.0,7850,2,21.354832250328965,733.1664062219627,1.4935,2.6814
50.0,1.0,7850,1,26.844776979978338,405.0857769778053,1.5632,3.4942
50.0,1.0,7850,0,27.280759612430415,505.6575725306799,1.6744,1.5551
50.0,1.0,7850,0,18.05258048929263,539.4847729976909,1.6718,1.4576
50.0,1.0,7850,2,27.839545169926964,689.1272776812516,1.4608,2.8528
50.0,1.0,7850,1,29.795483411385646,711.5160787024175,1.5829,1.9894
50.0,1.0,7850,2,25.851350123529762,489.56610481974514,1.4397,4.0156
50.0,1.0,7850,2,24.38952673701075,487.9077810773283,1.4995,4.0293
50.0,1.0,7850,0,24.750706649206432,488.4692847388703,1.6766,1.6099
50.0,1.0,7850,0,30.530096171258048,473.0056069124849,1.6634,1.6625
50.0,1.0,7850,0,30.532833775028216,603.1082492688932,1.6731,1.3039
50.0,1.0,7850,2,19.13342155390285,381.65773490816986,1.4751,5.151
50.0,1.0,7850,1,29.759064346337205,580.9667678018895,1.5854,2.4364
50.0,1.0,7850,2,28.906639183042255,516.8125152847565,1.4525,3.8039
50.0,1.0,7850,2,18.120209270644192,622.7911429089784,1.441,3.1566
50.0,1.0,7850,2,24.43886934079216,369.82634417170226,1.5038,5.3158
50.0,1.0,7850,2,27.098236669323406,544.9786215038058,1.4664,3.6073
50.0,1.0,7850,1,19.801701560944103,658.4204113883231,1.5464,2.1498
50.0,1.0,7850,1,27.687508098542946,509.18794288317645,1.547,2.7798
50.0,1.0,7850,0,28.97942997273607,522.4032619940733,1.664,1.5053
50.0,1.0,7850,1,27.547934284567788,379.40330462228997,1.5802,3.7307
50.0,1.0,7850,1,30.643507300591743,607.1472239247008,1.5666,2.3313
50.0,1.0,7850,2,23.411575980190666,359.443647987583,1.4685,5.4693
50.0,1.0,7850,0,22.44901236957997,465.10675161501115,1.6813,1.6907
50.0,1.0,7850,1,22.002233247748705,588.1720864762625,1.5853,2.4065
50.0,1.0,7850,2,30.210170596110235,532.5965931379951,1.4648,3.6912
50.0,1.0,7850,0,24.414115176804813,526.2593340292326,1.6697,1.4943
50.0,1.0,7850,0,31.839289108845872,695.850781217888,1.661,1.1301
50.0,1.0,7850,0,30.076056604618344,451.44003557965516,1.6745,1.7419
50.0,1.0,7850,2,27.93083488994608,475.9877174852545,1.4955,4.1302
50.0,1.0,7850,0,28.087840490906522,682.2640476204465,1.6574,1.1526
50.0,1.0,7850,1,24.857577570633847,523.6185062121218,1.5516,2.7032
50.0,1.0,7850,2,21.782737970250277,516.9634176556838,1.4898,3.8028
50.0,1.0,7850,2,31.263830536061786,639.7826144693995,1.4538,3.0728
50.0,1.0,7850,1,21.067884330545365,597.2914089050014,1.5584,2.3698
50.0,1.0,7850,0,28.02252770827021,514.3458725670592,1.6734,1.5289
50.0,1.0,7850,1,19.325891087377773,711.1817434979026,1.5853,1.9903
50.0,1.0,7850,2,31.96347000353924,441.94167349263546,1.4465,4.4484
50.0,1.0,7850,2,18.656439108668035,681.3023048144543,1.4558,2.8855
50.0,1.0,7850,0,31.28463127659213,415.3101923603589,1.6603,1.8934
50.0,1.0,7850,0,30.534842254776898,425.8387567660502,1.6619,1.8466
50.0,1.0,7850,1,20.67549059196967,710.180136794058,1.567,1.9931
50.0,1.0,7850,2,18.66795513099677,742.7430456155441,1.4664,2.6468
50.0,1.0,7850,0,30.75706479332372,445.8548061960358,1.6595,1.7637
50.0,1.0,7850,1,21.476195860402928,543.8701102139976,1.5796,2.6026
50.0,1.0,7850,2,27.94550864144493,525.0554607927338,1.5003,3.7442
50.0,1.0,7850,2,29.620482648092267,638.1435268897802,1.4605,3.0807
50.0,1.0,7850,2,27.505744613511883,375.25074533685535,1.4778,5.2389
50.0,1.0,7850,0,27.17239731584992,644.2753810726473,1.6705,1.2205
50.0,1.0,7850,1,20.93215366335298,461.4136426267359,1.5768,3.0677
50.0,1.0,7850,1,24.35591411243451,646.0393410748328,1.5458,2.191
50.0,1.0,7850,1,19.82371339898933,716.1069426683446,1.5863,1.9766
50.0,1.0,7850,1,22.520536992137988,372.7423154520607,1.5668,3.7974
50.0,1.0,7850,2,24.716628987026773,540.3592078318159,1.4523,3.6382
50.0,1.0,7850,2,31.62938661617345,396.96298116042516,1.4838,4.9524
50.0,1.0,7850,1,29.106511976584937,674.1348323757938,1.5648,2.0997
50.0,1.0,7850,0,27.573092108762324,384.9722232250727,1.6747,2.0427
50.0,1.0,7850,2,26.08623814214828,708.2927103725699,1.4991,2.7756
50.0,1.0,7850,0,23.3596983775841,743.4577862743994,1.6682,1.0577
50.0,1.0,7850,2,31.39447626972305,659.3577699464074,1.4833,2.9816
50.0,1.0,7850,0,27.234019479246452,730.5511464101307,1.6569,1.0764
50.0,1.0,7850,2,24.570377823018386,572.4102245140479,1.4806,3.4344
50.0,1.0,7850,2,30.52374785314142,577.8706150168744,1.4974,3.402
50.0,1.0,7850,2,26.576737252930627,721.0720013561734,1.4643,2.7264
50.0,1.0,7850,2,27.973437235296732,586.0631073979978,1.4736,3.3544
50.0,1.0,7850,0,30.02456346959594,525.448203080284,1.6757,1.4966
50.0,1.0,7850,2,27.08577935753342,652.3529691732768,1.4863,3.0136
50.0,1.0,7850,1,23.18033946364535,730.9056785637536,1.5569,1.9366
50.0,1.0,7850,0,19.714518060039424,401.3738855965318,1.6769,1.9592
50.0,1.0,7850,1,29.133520906228377,645.1420294465327,1.5753,2.194
50.0,1.0,7850,1,29.44636948104312,488.0708267950214,1.5673,2.9001
50.0,1.0,7850,1,31.7069099397174,628.5256219254547,1.5609,2.252
50.0,1.0,7850,2,31.755791049556628,353.40873534435724,1.4468,5.5627
50.0,1.0,7850,0,21.596491967723065,538.2021274898364,1.6766,1.4611
50.0,1.0,7850,1,22.98267840048943,729.7728059821129,1.5658,1.9396
50.0,1.0,7850,1,29.99567531793197,548.2220053208202,1.5735,2.5819
50.0,1.0,7850,0,31.334971089349306,432.99456523543216,1.6658,1.8161
50.0,1.0,7850,0,31.846155867431435,662.6688506264373,1.6742,1.1867
50.0,1.0,7850,2,28.636092289695593,633.8015350125086,1.4482,3.1018
50.0,1.0,7850,2,20.60532789563422,376.8731394831057,1.4851,5.2164
50.0,1.0,7850,1,19.044763875473667,625.5310578833539,1.5677,2.2628
50.0,1.0,7850,1,25.144070293241015,524.7856181830558,1.5461,2.6972
50.0,1.0,7850,2,25.421711585651458,647.8657862469738,1.4878,3.0344
50.0,1.0,7850,1,21.731730054442178,462.80916871261655,1.5519,3.0584
50.0,1.0,7850,1,18.87074970949384,632.5389863726996,1.5687,2.2377
50.0,1.0,7850,1,28.990809608286884,650.5232401568,1.5526,2.1759
50.0,1.0,7850,2,28.58862334607388,457.5128061031256,1.4574,4.297
50.0,1.0,7850,1,24.61915171679405,417.8745842220447,1.5588,3.3873
50.0,1.0,7850,2,28.0316843735335,505.8919218858955,1.4776,3.886
50.0,1.0,7850,0,22.463625471465377,396.74979342712436,1.6601,1.982
50.0,1.0,7850,0,21.206465502968854,655.913719327883,1.6699,1.1989
50.0,1.0,7850,1,29.326337273152568,724.4819733224431,1.5821,1.9538
50.0,1.0,7850,0,30.949848683692224,668.284579554896,1.676,1.1767
50.0,1.0,7850,0,22.393806098745785,578.3917045177208,1.6756,1.3596
50.0,1.0,7850,2,25.675293632328824,377.0478756140716,1.4504,5.214
50.0,1.0,7850,2,27.390011796415294,702.2205365322387,1.4745,2.7996
50.0,1.0,7850,2,26.162116196878728,511.76089752399,1.4566,3.8415
50.0,1.0,7850,2,25.62144472588018,378.35963177837135,1.4415,5.1959
50.0,1.0,7850,0,22.437484122810627,740.1379066112252,1.6733,1.0625
50.0,1.0,7850,2,28.21796303511389,455.1759710528605,1.4884,4.319
50.0,1.0,7850,0,30.274426025086207,749.4976492967855,1.6591,1.0492
50.0,1.0,7850,2,27.734284860644557,507.30782761724026,1.4625,3.8752
50.0,1.0,7850,0,31.22676859152971,387.2076570782571,1.6572,2.0309
50.0,1.0,7850,2,27.356633303514258,431.93648265339516,1.4812,4.5514
50.0,1.0,7850,0,20.33492666055811,503.48883587576256,1.6653,1.5618
50.0,1.0,7850,0,27.671182906483452,685.4811225673891,1.6656,1.1472
50.0,1.0,7850,2,23.221206696654647,415.69504020046986,1.4775,4.7292
50.0,1.0,7850,2,27.725623635456827,489.9230073276615,1.4878,4.0127
50.0,1.0,7850,2,30.4522085841444,460.9550036638779,1.4579,4.2649
50.0,1.0,7850,2,30.187785376405053,423.6301186368688,1.4889,4.6406
50.0,1.0,7850,1,31.460437265074365,476.36112943456857,1.5709,2.9714
50.0,1.0,7850,0,18.377696676372274,715.2718573087986,1.6587,1.0994
50.0,1.0,7850,2,26.793944624953888,602.6885865895479,1.4445,3.2619
50.0,1.0,7850,0,25.028350265185402,717.2234545138801,1.6627,1.0964
50.0,1.0,7850,2,23.963927957337717,488.10113880879385,1.4565,4.0277
50.0,1.0,7850,0,25.767354922740324,479.49406795024197,1.6578,1.64
50.0,1.0,7850,0,30.68263106280284,590.0322320111923,1.6774,1.3327
50.0,1.0,7850,1,18.016109604917926,604.6005799418176,1.5412,2.3411
50.0,1.0,7850,1,26.72170661940149,566.0203179674511,1.5577,2.5007
50.0,1.0,7850,0,29.526100737492747,565.6270080862373,1.6658,1.3903
50.0,1.0,7850,0,28.23980813123378,507.1308325264349,1.6758,1.5506
50.0,1.0,7850,2,26.243740964602928,662.3532269199645,1.4632,2.9681
50.0,1.0,7850,0,23.094102000720778,525.326988566997,1.6674,1.4969
50.0,1.0,7850,2,29.858221837876954,411.56364486113193,1.4781,4.7767
50.0,1.0,7850,2,28.457179967516687,648.8878959714145,1.4917,3.0297
50.0,1.0,7850,1,25.04792863943141,503.0106982089726,1.5524,2.814
50.0,1.0,7850,1,28.714732938081966,718.7385505734308,1.5649,1.9694
50.0,1.0,7850,2,26.69760034922836,498.18770778069916,1.4675,3.9461
50.0,1.0,7850,1,19.316566277776683,527.946515625536,1.5657,2.6811
50.0,1.0,7850,0,31.246571888555664,479.49169650196336,1.6805,1.64
50.0,1.0,7850,0,24.315993171228037,433.6540923361937,1.6731,1.8133
50.0,1.0,7850,0,28.19663409910736,620.4972235647747,1.6806,1.2673
50.0,1.0,7850,0,29.498640241962136,475.88819215312805,1.6636,1.6524
50.0,1.0,7850,2,26.93569374383816,593.3650925150135,1.4981,3.3132
50.0,1.0,7850,2,29.065410469810853,383.6686792333494,1.4451,5.124
50.0,1.0,7850,1,23.330253942677512,442.96022425899116,1.5444,3.1954
50.0,1.0,7850,1,19.24810553989159,353.7776204895977,1.564,4.001
50.0,1.0,7850,2,23.251759873771242,551.3128051954614,1.4646,3.5659
50.0,1.0,7850,2,30.306254938965914,617.154246580649,1.4913,3.1854
50.0,1.0,7850,0,29.309762699939572,720.1825274419787,1.6589,1.0919
50.0,1.0,7850,0,20.337729557666414,535.1316072939317,1.6589,1.4695
50.0,1.0,7850,0,31.042277088204038,701.5842691467135,1.6617,1.1208
50.0,1.0,7850,1,20.658922274318115,494.5522255721776,1.5606,2.8621
50.0,1.0,7850,1,26.163238573063268,692.3419811566741,1.5791,2.0444
50.0,1.0,7850,0,30.22646791620506,669.6761539158178,1.6613,1.1742
50.0,1.0,7850,1,20.640769178101348,394.8850625309666,1.5691,3.5845
50.0,1.0,7850,1,21.209162882631453,700.3569207465129,1.5527,2.0211
50.0,1.0,7850,1,27.06577698208966,684.7936148364918,1.542,2.067
50.0,1.0,7850,2,26.316707037874632,395.7260677737421,1.4696,4.9679
50.0,1.0,7850,0,22.727764364334337,522.8886548099925,1.6818,1.5039
50.0,1.0,7850,1,28.38032464716235,538.4082431086592,1.5488,2.629
50.0,1.0,7850,1,19.66750137711345,593.5238847673575,1.564,2.3848
50.0,1.0,7850,0,21.685998122210695,522.1210999154849,1.6632,1.5061
50.0,1.0,7850,1,28.673691831196464,649.4761481528928,1.5596,2.1794
50.0,1.0,7850,0,22.46919586131958,531.2686501122384,1.6805,1.4802
50.0,1.0,7850,0,27.507955278393524,406.2254078400932,1.6705,1.9358
50.0,1.0,7850,1,23.879859753360016,573.0463977538484,1.5697,2.4701
50.0,1.0,7850,0,19.97833505472776,586.41151926623,1.6687,1.341
50.0,1.0,7850,0,30.73672912529412,516.4343559233241,1.6768,1.5227
50.0,1.0,7850,0,26.62454074536913,588.8629026653363,1.6585,1.3354
50.0,1.0,7850,2,25.333651946339856,367.8167400750353,1.4915,5.3448
50.0,1.0,7850,2,18.11093121082477,579.0339894607627,1.4966,3.3952
50.0,1.0,7850,1,30.371762543938445,505.32949073115583,1.551,2.8011
50.0,1.0,7850,2,21.548715542459053,639.8323409885918,1.486,3.0725
50.0,1.0,7850,2,19.032143113324594,541.6354342154776,1.4604,3.6296
50.0,1.0,7850,1,18.581809088762533,625.2945691498119,1.5864,2.2637
50.0,1.0,7850,1,21.607485017954186,502.65397775165866,1.5691,2.816
50.0,1.0,7850,0,29.787596673756635,434.6703259123893,1.6804,1.8091
50.0,1.0,7850,0,26.229638689451516,705.2113755391033,1.6645,1.1151
50.0,1.0,7850,1,18.91769751069065,450.3962213123435,1.5763,3.1427
50.0,1.0,7850,0,23.091053506299644,495.7823950985104,1.6575,1.5861
50.0,1.0,7850,1,31.340375417108206,576.0966447359983,1.5634,2.457
50.0,1.0,7850,0,25.407390657010946,703.8959026292596,1.6745,1.1172
50.0,1.0,7850,2,18.245156210432587,527.4023565497732,1.4704,3.7275
50.0,1.0,7850,2,18.62997356613669,366.99456840377366,1.4837,5.3568
50.0,1.0,7850,0,19.996905398379425,428.1135227654993,1.6619,1.8368
50.0,1.0,7850,2,24.624629335229855,736.2246581201714,1.4426,2.6703
50.0,1.0,7850,2,27.094895320835892,399.99077511164194,1.5044,4.9149
50.0,1.0,7850,0,31.757067887271223,592.0866029581391,1.6804,1.3281
50.0,1.0,7850,1,24.67917505819772,623.174200224234,1.5484,2.2714
50.0,1.0,7850,1,30.84645566884026,356.91917641906275,1.5546,3.9658
50.0,1.0,7850,1,23.132669413762265,727.2182568682992,1.5835,1.9464
50.0,1.0,7850,2,20.928603643745085,514.7143921412238,1.4675,3.8194
50.0,1.0,7850,0,25.282056117636053,590.9613524777957,1.6696,1.3307
50.0,1.0,7850,2,31.87999986983442,485.6106183779075,1.4871,4.0483
50.0,1.0,7850,1,30.49696076919751,620.3211678889946,1.5655,2.2818
50.0,1.0,7850,0,18.728954610313437,388.9369393434816,1.6737,2.0218
50.0,1.0,7850,2,24.850913298319846,746.8647040892936,1.4514,2.6322
50.0,1.0,7850,2,27.94455103983789,350.1243413879424,1.4424,5.6149
50.0,1.0,7850,0,24.746985562000454,659.3086284602284,1.6651,1.1927
50.0,1.0,7850,0,25.041889969125013,673.5182537751786,1.6637,1.1675
50.0,1.0,7850,2,23.473798382828093,550.2994689057597,1.498,3.5724
50.0,1.0,7850,0,25.51672469802429,547.2769875325355,1.6647,1.4369
50.0,1.0,7850,1,24.776434069204843,580.3355161760977,1.5804,2.439
50.0,1.0,7850,0,24.99493835650928,727.8983402389567,1.6689,1.0803
50.0,1.0,7850,0,19.619927861219267,521.7617390815531,1.6609,1.5071
50.0,1.0,7850,0,22.960057161867475,711.3298373107532,1.6702,1.1055
50.0,1.0,7850,0,24.152258575482463,396.87134802086473,1.6725,1.9814
50.0,1.0,7850,0,25.52596966197816,526.1670863186704,1.6768,1.4945
50.0,1.0,7850,0,19.586165041871382,376.26310879858556,1.6603,2.0899
50.0,1.0,7850,2,26.74214587073319,727.6256141675868,1.4473,2.7018
50.0,1.0,7850,0,21.476184075638077,595.6461698346418,1.6808,1.3202
50.0,1.0,7850,2,19.019623762026058,549.1568731340562,1.4981,3.5799
50.0,1.0,7850,2,21.25410047505002,559.6940220988413,1.4688,3.5125
50.0,1.0,7850,0,20.63190948036179,367.9702008771895,1.6644,2.137
50.0,1.0,7850,1,27.229269739059532,594.7698111473585,1.547,2.3798
50.0,1.0,7850,2,22.50855941595446,713.1904196905089,1.4969,2.7565
50.0,1.0,7850,2,24.171520721763557,616.2879247935298,1.4618,3.1899
50.0,1.0,7850,1,24.412839533914415,384.2156322794818,1.5686,3.684
50.0,1.0,7850,0,25.99220692417117,410.75013025698604,1.6606,1.9145
50.0,1.0,7850,1,31.897532553795813,362.0808978654761,1.5728,3.9092
50.0,1.0,7850,2,24.75820815902666,586.4005863527735,1.4608,3.3525
50.0,1.0,7850,2,21.472185376931282,476.069136665417,1.4472,4.1295
50.0,1.0,7850,1,21.3767419496447,504.9962620370962,1.5448,2.8029
50.0,1.0,7850,0,22.420954761654073,431.162031683888,1.6786,1.8238
50.0,1.0,7850,1,25.814100414922443,404.16840606258336,1.5617,3.5021
50.0,1.0,7850,1,19.682068862332102,500.9237291105204,1.5779,2.8257
50.0,1.0,7850,2,28.585357421299385,434.1292579038399,1.4767,4.5284
50.0,1.0,7850,0,19.503110143250865,580.4691898891447,1.6707,1.3547
50.0,1.0,7850,1,24.584547268203867,533.1724203313167,1.5691,2.6548
180.0,3.5,2700,2,19.98333281698451,393.1534946131235,1.3253,6.6113
180.0,3.5,2700,2,29.031040073518465,391.64235338877273,1.3492,6.6368
180.0,3.5,2700,0,18.543937613927763,725.8907013517132,1.618,1.4323
180.0,3.5,2700,1,23.074979805631173,522.8250144487655,1.4585,3.5795
180.0,3.5,2700,2,30.20354363791285,524.8723128712684,1.3674,4.9522
180.0,3.5,2700,2,28.463633141490547,431.8927774899906,1.3849,6.0183
180.0,3.5,2700,1,27.15741798015239,481.0584206087003,1.5159,3.8903
180.0,3.5,2700,1,21.607493494537977,361.18206716881804,1.5051,5.1815
180.0,3.5,2700,1,29.879726999362596,536.0612851170843,1.4865,3.4911
180.0,3.5,2700,0,22.455512031632985,669.5446387430352,1.6404,1.5528
180.0,3.5,2700,2,26.463448692483915,490.6887632108606,1.3653,5.2971
180.0,3.5,2700,0,26.562945342168717,458.1798415773071,1.6173,2.2692
180.0,3.5,2700,2,27.50986053196687,389.26591596177116,1.4045,6.6773
180.0,3.5,2700,0,31.112568927624146,637.8986392365562,1.6233,1.6299
180.0,3.5,2700,0,19.598935568313156,393.3178097115986,1.6142,2.6434
180.0,3.5,2700,0,29.220530399916118,719.9279121386401,1.6422,1.4442
180.0,3.5,2700,1,25.19199200901049,493.4340479787431,1.4899,3.7927
180.0,3.5,2700,0,28.333533634165974,629.5744719017534,1.6284,1.6514
180.0,3.5,2700,0,29.899969692749963,672.6094208623631,1.6171,1.5458
180.0,3.5,2700,0,31.348784256664274,722.8473186496474,1.6251,1.4383
180.0,3.5,2700,2,28.966686811419567,687.4012449990585,1.342,3.7813
180.0,3.5,2700,2,24.938295637023636,384.3021649101221,1.3465,6.7636
180.0,3.5,2700,0,28.045955703349705,717.9650102147377,1.628,1.4481
180.0,3.5,2700,0,27.887549854051727,618.6476837565135,1.6269,1.6806
180.0,3.5,2700,1,22.46883054575448,703.5017410799283,1.4949,2.6602
180.0,3.5,2700,1,30.373042542720754,567.9051755413346,1.4958,3.2954
180.0,3.5,2700,0,21.590587877831073,395.3720277963081,1.6131,2.6297
180.0,3.5,2700,0,29.400232630072004,610.803887300379,1.6114,1.7022
180.0,3.5,2700,2,21.191123617725147,396.1423370176437,1.3806,6.5614
180.0,3.5,2700,2,29.677161315114333,358.7167119253719,1.4095,7.246
180.0,3.5,2700,2,28.682043520612503,694.3983027252625,1.3243,3.7432
180.0,3.5,2700,0,27.28638359726741,508.11035905580576,1.6355,2.0462
180.0,3.5,2700,2,19.40248770872392,719.3256605667559,1.3875,3.6135
180.0,3.5,2700,0,27.349524406314575,738.1520135946205,1.642,1.4085
180.0,3.5,2700,1,29.312646432829055,416.90775102928444,1.5157,4.4889
180.0,3.5,2700,1,18.36578054545264,543.4937754992136,1.5172,3.4434
180.0,3.5,2700,2,25.901423519901066,450.76635067798486,1.4097,5.7663
180.0,3.5,2700,0,25.089863589692815,570.5054617633472,1.63,1.8224
180.0,3.5,2700,1,30.863923028523313,591.9117299884138,1.4808,3.1617
180.0,3.5,2700,1,24.567009711723944,443.25202941080687,1.4946,4.2221
180.0,3.5,2700,2,27.640989756158675,487.4813727757262,1.3484,5.332
180.0,3.5,2700,0,24.32074062113805,693.0325570669195,1.6379,1.5002
180.0,3.5,2700,1,24.365902413024322,703.8118250139912,1.4691,2.659
180.0,3.5,2700,2,27.04965178283313,727.8284491409801,1.3833,3.5712
180.0,3.5,2700,1,19.325100840027098,488.57815816934874,1.4705,3.8304
180.0,3.5,2700,1,31.13346207620941,447.8163363797131,1.4953,4.1791
180.0,3.5,2700,2,25.920526948330803,712.4988484076689,1.3311,3.6481
180.0,3.5,2700,2,25.40689831842615,379.54773831156683,1.3356,6.8483
180.0,3.5,2700,2,20.86997258340189,591.4953149068442,1.3968,4.3944
180.0,3.5,2700,0,18.041558253311152,375.92071813506857,1.6339,2.7657
180.0,3.5,2700,0,21.013635317315934,635.3161555985193,1.6333,1.6365
180.0,3.5,2700,0,30.981876687810974,687.0216624886698,1.6428,1.5133
180.0,3.5,2700,0,31.558700693557082,388.1420366654921,1.617,2.6787
180.0,3.5,2700,1,18.822763392597437,457.1602935736617,1.4671,4.0937
180.0,3.5,2700,2,31.60699328744525,421.3417848798735,1.3657,6.169
180.0,3.5,2700,0,30.45518218935048,396.69177249924076,1.6274,2.6209
180.0,3.5,2700,0,27.101747811808437,727.7415840712749,1.6155,1.4287
180.0,3.5,2700,0,21.143392725255012,540.0916916827787,1.6296,1.925
180.0,3.5,2700,2,31.582708641259057,725.2063222626857,1.3815,3.5842
180.0,3.5,2700,2,20.41232338170947,664.6353278592547,1.3505,3.9108
180.0,3.5,2700,2,22.3361366077419,701.3313881387521,1.3701,3.7062
180.0,3.5,2700,0,27.920144372635317,698.7311368102676,1.6118,1.488
180.0,3.5,2700,2,30.197393161386884,583.5623000663155,1.3335,4.4541
180.0,3.5,2700,2,26.178874602023157,730.6440245414856,1.4078,3.5575
180.0,3.5,2700,2,25.977848876985163,396.5308329606663,1.4072,6.555
180.0,3.5,2700,1,24.29654999978368,525.8960358111075,1.4666,3.5586
180.0,3.5,2700,1,24.260657741935155,745.5614531531123,1.5045,2.5101
180.0,3.5,2700,1,31.554975007060555,629.4354972288322,1.4845,2.9732
180.0,3.5,2700,2,25.199643783121477,469.11829724602023,1.3238,5.5407
180.0,3.5,2700,1,25.862387968289713,531.6524752199747,1.4892,3.5201
180.0,3.5,2700,0,20.222344979332238,426.38607275658745,1.6156,2.4384
180.0,3.5,2700,2,27.355824720542703,487.5198209240078,1.3656,5.3316
180.0,3.5,2700,1,26.37947443340378,598.0369969438698,1.5183,3.1293
180.0,3.5,2700,2,23.246601858706853,475.1138050659949,1.3659,5.4708
180.0,3.5,2700,2,24.83705512123826,498.0029049536903,1.3817,5.2193
180.0,3.5,2700,1,31.117984205778,521.6218151313262,1.5087,3.5878
180.0,3.5,2700,1,29.292628584105046,411.53643001672464,1.4697,4.5475
180.0,3.5,2700,0,21.337028024447566,585.5800567861768,1.6324,1.7755
180.0,3.5,2700,1,21.150555420798675,619.5785608733888,1.5032,3.0205
180.0,3.5,2700,0,31.346211095925952,645.7288402149941,1.6218,1.6101
180.0,3.5,2700,0,25.65009914909941,696.3576576995329,1.6287,1.4931
180.0,3.5,2700,2,25.14489086374275,428.12041271949795,1.3672,6.0713
180.0,3.5,2700,0,18.784851368990775,437.00146574911463,1.63,2.3792
180.0,3.5,2700,0,18.330865593335886,564.9394199682927,1.6386,1.8404
180.0,3.5,2700,1,27.88187528997797,490.7114819142706,1.4615,3.8138
180.0,3.5,2700,1,31.586037702271284,397.5690256064077,1.4672,4.7073
180.0,3.5,2700,0,21.43679537171102,455.5795244219521,1.6318,2.2821
180.0,3.5,2700,1,30.878894088827543,359.0058315484259,1.468,5.2129
180.0,3.5,2700,1,20.931933076959627,727.335821744573,1.4946,2.573
180.0,3.5,2700,1,28.238575533980033,458.14664169243633,1.5151,4.0848
180.0,3.5,2700,2,22.174815875132325,490.2055770679227,1.3401,5.3024
180.0,3.5,2700,1,21.647366704506304,353.02088774473896,1.5081,5.3013
180.0,3.5,2700,0,24.216607365819122,523.4453269547236,1.6433,1.9863
180.0,3.5,2700,2,30.70807684969723,650.8618230723317,1.3577,3.9935
180.0,3.5,2700,0,26.74411215304256,603.9268040498189,1.638,1.7216
180.0,3.5,2700,1,30.4774628956755,509.37993035315856,1.4776,3.674
180.0,3.5,2700,0,18.172204450422914,410.80796911344277,1.6423,2.5309
180.0,3.5,2700,1,26.323103011567998,417.4575952262577,1.4655,4.483
180.0,3.5,2700,2,25.56230868992268,548.9004944596152,1.4036,4.7354
180.0,3.5,2700,1,22.220350125327286,503.05700206629774,1.5049,3.7202
180.0,3.5,2700,0,28.755255861125327,632.867610036996,1.639,1.6428
180.0,3.5,2700,0,31.768182757867457,354.67225717192764,1.6165,2.9314
180.0,3.5,2700,1,20.325272177223518,608.9412745125762,1.5067,3.0733
180.0,3.5,2700,2,31.706136165317922,655.6229332489115,1.3331,3.9645
180.0,3.5,2700,1,20.025552833982445,672.2117008153093,1.4609,2.784
180.0,3.5,2700,1,22.71646340671959,662.5165795949812,1.4734,2.8248
180.0,3.5,2700,2,26.592374230513485,637.2695242871754,1.3513,4.0787
180.0,3.5,2700,2,29.538628608817458,538.4224133857902,1.36,4.8275
180.0,3.5,2700,2,30.184107427186607,514.6803204652313,1.3243,5.0502
180.0,3.5,2700,1,22.829393556689695,746.9686359300761,1.4708,2.5054
180.0,3.5,2700,0,21.693586032625642,721.4203262501987,1.612,1.4412
180.0,3.5,2700,0,24.68809991631723,503.76733389207646,1.6102,2.0638
180.0,3.5,2700,2,20.309235951204894,630.2145421538895,1.3346,4.1244
180.0,3.5,2700,1,18.188304861286426,438.68040345623297,1.4937,4.2661
180.0,3.5,2700,0,24.406846509599347,515.0565065805044,1.6239,2.0186
180.0,3.5,2700,0,20.0547306625055,683.496002815536,1.6133,1.5211
180.0,3.5,2700,1,29.785499891042363,358.4622342295905,1.5139,5.2208
180.0,3.5,2700,2,22.0669072944919,428.3169159374634,1.3605,6.0685
180.0,3.5,2700,1,27.611667680451294,400.36184822512223,1.4608,4.6744
180.0,3.5,2700,0,21.11037436073737,699.8585279363299,1.6371,1.4856
180.0,3.5,2700,0,28.976564899032393,360.5076321692304,1.6336,2.884
180.0,3.5,2700,1,18.96536391817552,576.7363909170645,1.4901,3.2449
180.0,3.5,2700,2,31.105064479384893,470.7785269362467,1.3433,5.5212
180.0,3.5,2700,2,19.764439556845822,597.3731240797863,1.4008,4.3511
180.0,3.5,2700,2,25.587061019155822,415.2912411573376,1.3732,6.2589
180.0,3.5,2700,1,29.972562211732903,518.8214213472539,1.5039,3.6071
180.0,3.5,2700,1,20.985991353487954,587.3380826876155,1.4572,3.1863
180.0,3.5,2700,1,26.39821748977242,350.1345505523223,1.4884,5.345
180.0,3.5,2700,1,22.50603567357126,468.4119218795232,1.4889,3.9953
180.0,3.5,2700,1,23.90982737768473,480.89601107433066,1.4842,3.8916
180.0,3.5,2700,1,26.036824984248913,370.14466916827485,1.4886,5.056
180.0,3.5,2700,1,22.64711232719243,677.2864186107108,1.5096,2.7632
180.0,3.5,2700,2,24.681221785637817,705.4882541651754,1.374,3.6843
180.0,3.5,2700,0,27.023453875422476,745.1050400061692,1.6325,1.3954
180.0,3.5,2700,0,23.122236443900466,627.4240855621563,1.6306,1.6571
180.0,3.5,2700,0,31.76946343127129,412.33188938514616,1.6341,2.5215
180.0,3.5,2700,1,23.635872624528435,469.21205044013834,1.4991,3.9885
180.0,3.5,2700,1,28.408678290386526,625.2112592868621,1.5045,2.9933
180.0,3.5,2700,1,18.143033667095473,457.629303642278,1.5152,4.0895
180.0,3.5,2700,0,26.79624171530314,554.2695964793604,1.6339,1.8758
180.0,3.5,2700,2,21.749371488858188,681.6637388317578,1.3274,3.8131
180.0,3.5,2700,2,18.991396471113475,697.8847644620664,1.3443,3.7245
180.0,3.5,2700,0,27.63245239197583,679.3938859396862,1.6198,1.5303
180.0,3.5,2700,0,29.079707988360713,658.0747998479319,1.641,1.5799
180.0,3.5,2700,0,21.536245477477475,405.2523829218161,1.6129,2.5656
180.0,3.5,2700,2,30.734577171728986,479.16381184816424,1.3371,5.4246
180.0,3.5,2700,0,30.430076645189082,654.8407582356683,1.6159,1.5877
180.0,3.5,2700,0,24.96273053882639,524.0000034546662,1.6122,1.9842
180.0,3.5,2700,2,30.094789535517933,408.4516333348234,1.343,6.3637
180.0,3.5,2700,0,30.181496239119888,351.950365403131,1.6431,2.9541
180.0,3.5,2700,2,21.505635923870777,357.53008081384354,1.3416,7.27
180.0,3.5,2700,1,26.928503420263105,598.8926446226467,1.4765,3.1249
180.0,3.5,2700,1,18.98806340959811,729.2286579870786,1.5128,2.5664
180.0,3.5,2700,0,29.302299356684976,371.2461652211074,1.6409,2.8006
180.0,3.5,2700,0,22.545578017568477,402.6162256644087,1.6191,2.5824
180.0,3.5,2700,0,21.291863084933354,691.6538637722192,1.6258,1.5032
180.0,3.5,2700,2,26.479580384331562,641.6812108198636,1.3543,4.0507
180.0,3.5,2700,0,29.820117243668747,494.91737402909143,1.6293,2.1008
180.0,3.5,2700,0,21.92669352876459,545.4974537413974,1.6194,1.906
180.0,3.5,2700,2,18.883213509604097,414.44194263608057,1.3437,6.2717
180.0,3.5,2700,2,23.73574194633497,508.9096431433409,1.3559,5.1075
180.0,3.5,2700,2,28.880889589575595,381.9114044100099,1.3409,6.8059
180.0,3.5,2700,2,25.214671612303242,387.8291705304303,1.3632,6.702
180.0,3.5,2700,1,28.47421982403484,728.148810316988,1.4656,2.5702
180.0,3.5,2700,2,18.347233374405015,732.519052874841,1.3503,3.5484
180.0,3.5,2700,1,20.228577335955215,446.53378674093966,1.4731,4.1911
180.0,3.5,2700,0,22.585428628167442,610.7441062932439,1.6411,1.7023
180.0,3.5,2700,2,31.95559781354001,619.3788472996512,1.3592,4.1965
180.0,3.5,2700,0,23.443586209201463,439.744370995657,1.6169,2.3643
180.0,3.5,2700,0,21.02655047477006,450.443505047829,1.627,2.3082
180.0,3.5,2700,1,25.627049855668417,570.8587173676858,1.5036,3.2783
180.0,3.5,2700,0,19.47893659657881,637.3983895580002,1.6369,1.6312
180.0,3.5,2700,2,31.181742679858864,574.9424309592466,1.3562,4.5209
180.0,3.5,2700,1,28.90791904240905,462.5333024581133,1.4673,4.0461
180.0,3.5,2700,1,30.75645915082911,429.11264658023276,1.4909,4.3612
180.0,3.5,2700,1,25.11015963947615,654.5252909268933,1.4601,2.8593
180.0,3.5,2700,1,31.759034230154533,492.2876109533391,1.5143,3.8016
180.0,3.5,2700,2,30.736387701404322,681.586604280217,1.4007,3.8135
180.0,3.5,2700,0,31.64446560126419,509.15926982458154,1.6171,2.042
180.0,3.5,2700,1,19.30532724647837,646.605053931647,1.504,2.8943
180.0,3.5,2700,0,27.51583453939219,419.6031973358256,1.6412,2.4778
180.0,3.5,2700,1,29.727015514781918,351.54309115327555,1.5029,5.3236
180.0,3.5,2700,0,19.343898746606996,421.25473615294607,1.6115,2.4681
180.0,3.5,2700,0,29.460521693240715,609.4520286482131,1.6295,1.706
180.0,3.5,2700,0,23.50035752132871,698.178348938583,1.6223,1.4892
180.0,3.5,2700,1,30.285790507502245,414.14362532006464,1.4942,4.5189
180.0,3.5,2700,1,28.544694259733635,356.4665911061048,1.5152,5.25
180.0,3.5,2700,0,24.445739957288982,362.81112763981673,1.6337,2.8657
180.0,3.5,2700,0,24.390931512924936,547.2139169080308,1.6412,1.9
180.0,3.5,2700,0,29.131445534320992,497.35528157129113,1.6356,2.0905
180.0,3.5,2700,0,23.418807089996054,510.9879136198008,1.6231,2.0347
180.0,3.5,2700,1,29.932844214570636,597.5241543235876,1.4946,3.132
180.0,3.5,2700,1,28.83382402869277,654.830267610447,1.5123,2.8579
180.0,3.5,2700,1,20.119455721944846,501.65954296453486,1.4582,3.7305
180.0,3.5,2700,1,23.415557668287654,672.8637517819872,1.5007,2.7813
180.0,3.5,2700,1,29.11997922533167,625.6170806005716,1.4717,2.9914
180.0,3.5,2700,0,18.74008777013057,495.1302588822806,1.6096,2.0999
180.0,3.5,2700,1,28.317646010172854,456.9884736216633,1.458,4.0952
180.0,3.5,2700,0,25.76600097187832,586.4639027283581,1.6362,1.7728
180.0,3.5,2700,0,30.01649472028756,669.2883302940995,1.6253,1.5534
180.0,3.5,2700,2,31.22024471562441,494.02521449949836,1.3295,5.2614
180.0,3.5,2700,1,18.289230090359226,662.4148137432753,1.4948,2.8252
180.0,3.5,2700,0,23.080965613322075,692.1870880112011,1.6397,1.502
180.0,3.5,2700,0,25.254827408733505,541.5678673628734,1.6389,1.9198
180.0,3.5,2700,2,22.973583171466736,577.0851607017958,1.4045,4.5041
180.0,3.5,2700,0,29.66448930345406,401.65490400732995,1.6144,2.5885
180.0,3.5,2700,1,31.082805609607483,613.8973175951303,1.5096,3.0485
180.0,3.5,2700,1,21.918758620670395,599.16039248672,1.5153,3.1235
180.0,3.5,2700,1,22.03103291675306,555.7090963776259,1.4987,3.3677
180.0,3.5,2700,1,22.99480050857801,371.2695474191428,1.4954,5.0407
180.0,3.5,2700,1,26.17672224735084,355.7400024047328,1.4706,5.2607
180.0,3.5,2700,0,27.170941586748945,641.6381641880824,1.6139,1.6204
180.0,3.5,2700,2,22.697545003399476,632.1449347188734,1.4007,4.1118
180.0,3.5,2700,1,23.173071118910674,653.2498266636012,1.492,2.8648
180.0,3.5,2700,0,19.220576713019533,615.6157681826983,1.6105,1.6889
180.0,3.5,2700,2,24.172233310157853,364.51880805352033,1.3374,7.1306
180.0,3.5,2700,0,29.346359550725225,577.9369749924741,1.6224,1.799
180.0,3.5,2700,1,29.32711769336838,720.2806350872131,1.5186,2.5982
180.0,3.5,2700,2,25.385240937174423,624.9014323034576,1.3368,4.1595
180.0,3.5,2700,2,27.66829529997798,613.6903771288345,1.3487,4.2354
180.0,3.5,2700,0,24.86789674742459,384.50871950892355,1.6095,2.704
180.0,3.5,2700,0,31.686783475688802,620.5366445659139,1.6409,1.6755
180.0,3.5,2700,0,25.835833209905573,537.4021609323987,1.6201,1.9347
180.0,3.5,2700,0,30.93549463463979,365.92547371443425,1.6212,2.8413
180.0,3.5,2700,2,28.083127649810102,623.2245442494545,1.3756,4.1706
180.0,3.5,2700,0,20.509572048436578,378.427485285612,1.6203,2.7474
180.0,3.5,2700,1,21.330263571635548,496.9785343558473,1.516,3.7657
180.0,3.5,2700,0,29.527424863606146,430.4085838746472,1.6288,2.4156
180.0,3.5,2700,1,23.296754339784563,635.4642413656843,1.4824,2.945
180.0,3.5,2700,0,24.068111042647573,358.76435740277276,1.638,2.898
180.0,3.5,2700,0,24.680708063226245,430.1438297846445,1.6296,2.4171
180.0,3.5,2700,1,30.178138677546563,581.0316292176302,1.4678,3.2209
180.0,3.5,2700,1,24.64111778944134,439.7083372554687,1.5066,4.2561
180.0,3.5,2700,2,28.052858907190604,700.1562177158496,1.3245,3.7124
180.0,3.5,2700,1,19.173544111951962,522.0932568027503,1.4983,3.5845
180.0,3.5,2700,2,21.470482573260696,607.2162350784652,1.4033,4.2806
180.0,3.5,2700,2,25.456453143573196,552.6579504656429,1.4021,4.7032
180.0,3.5,2700,2,23.71778749040135,657.1135441546667,1.3664,3.9556
180.0,3.5,2700,0,25.353292296536463,352.83840283579076,1.6381,2.9467
180.0,3.5,2700,2,20.857238054783885,687.6505352958756,1.3715,3.7799
180.0,3.5,2700,2,22.092094473898825,362.7449576385499,1.3914,7.1655
180.0,3.5,2700,0,24.017187107537417,497.07458535975974,1.634,2.0916
180.0,3.5,2700,1,21.45678832447932,516.2664838033436,1.4841,3.625
180.0,3.5,2700,2,29.62215045384678,591.7876405747365,1.3402,4.3922
180.0,3.5,2700,1,19.588442107985653,507.9190548812908,1.4875,3.6846
180.0,3.5,2700,1,31.136442736544602,657.2475376831646,1.4645,2.8474
180.0,3.5,2700,2,25.597963965116424,745.5524181930921,1.3575,3.4863
180.0,3.5,2700,2,25.005222435188053,389.2664432530681,1.3357,6.6773
180.0,3.5,2700,2,22.360115838853865,668.9819571556691,1.4032,3.8854
180.0,3.5,2700,2,25.851299146868456,692.4462989537165,1.3358,3.7537
180.0,3.5,2700,0,30.505479213563845,492.84716970787343,1.635,2.1096
180.0,3.5,2700,1,23.803666779431605,683.611851762572,1.4737,2.7376
180.0,3.5,2700,2,24.549136261231816,480.6368461665263,1.3949,5.4079
180.0,3.5,2700,1,18.875042285583188,555.8717494069404,1.4707,3.3667
180.0,3.5,2700,2,19.674386154335597,393.1468513721417,1.389,6.6114
180.0,3.5,2700,0,25.15373392899454,457.194426318357,1.641,2.2741
180.0,3.5,2700,1,31.234333822681627,387.2362190496518,1.4993,4.8329
180.0,3.5,2700,1,20.757889888036924,532.44057059867,1.5055,3.5149
180.0,3.5,2700,2,21.115314532398727,650.3812948907716,1.3865,3.9965
180.0,3.5,2700,1,18.26658766399098,380.82315114714,1.4728,4.9142
180.0,3.5,2700,1,21.4135333397014,675.9238147484492,1.4578,2.7687
180.0,3.5,2700,2,27.74471358150667,725.7191060646649,1.3554,3.5816
180.0,3.5,2700,2,30.19068928830274,746.5939455875032,1.3328,3.4815
180.0,3.5,2700,1,25.019563712190784,737.2591915765822,1.5179,2.5384
180.0,3.5,2700,0,21.42006298204108,445.5736845413717,1.6254,2.3334
180.0,3.5,2700,0,21.95795440053407,662.9032747838629,1.6193,1.5684
180.0,3.5,2700,2,20.743288004845443,697.2449026377966,1.3291,3.7279
180.0,3.5,2700,1,30.344915910858145,591.1048471117653,1.4862,3.166
180.0,3.5,2700,0,31.13179940545522,528.6579579171846,1.6308,1.9667
180.0,3.5,2700,1,22.221290976974686,557.5680325272509,1.5112,3.3565
180.0,3.5,2700,0,18.992629899362353,536.8489756729501,1.6268,1.9367
180.0,3.5,2700,2,23.963745923521707,582.1335716886003,1.401,4.465
180.0,3.5,2700,1,23.746985841321717,404.26944019530447,1.4643,4.6292
180.0,3.5,2700,0,27.166785244798398,703.6163413874203,1.6426,1.4777
180.0,3.5,2700,2,19.234552511469012,565.5764464901006,1.4002,4.5958
180.0,3.5,2700,2,19.61334625909384,515.118955834998,1.3539,5.0459
180.0,3.5,2700,0,22.877509706227258,358.1963953351164,1.6372,2.9026
180.0,3.5,2700,1,19.15798219823523,563.8086045804788,1.4678,3.3193
180.0,3.5,2700,0,28.68333061408358,682.8022477219006,1.6424,1.5227
180.0,3.5,2700,2,29.01683829886525,665.4854941055934,1.3889,3.9058
180.0,3.5,2700,1,31.865485175357733,490.2377934563112,1.4625,3.8175
180.0,3.5,2700,2,28.99779301281539,435.4996876053118,1.3586,5.9684
180.0,3.5,2700,0,18.94534164081889,405.8521585845643,1.6298,2.5618
180.0,3.5,2700,1,30.260961100098463,373.7588304896706,1.47,5.0071
180.0,3.5,2700,1,19.808451505034324,634.5971633068309,1.512,2.9491
180.0,3.5,2700,2,26.365710883232424,422.57866049432596,1.3873,6.1509
180.0,3.5,2700,2,26.237628681429882,414.06749536311327,1.4024,6.2774
180.0,3.5,2700,0,23.24921546785589,478.12148359855405,1.6255,2.1746
180.0,3.5,2700,2,25.245900090410366,603.7456811873476,1.3645,4.3052
180.0,3.5,2700,2,25.350181652023636,425.83670134218437,1.3956,6.1039
180.0,3.5,2700,2,22.22263836566881,543.6401398396987,1.3477,4.7812
180.0,3.5,2700,1,29.823719913784224,505.9694336456895,1.5017,3.6988
180.0,3.5,2700,1,23.001860690286367,732.5672116181343,1.4585,2.5547
180.0,3.5,2700,0,27.540543136889752,714.8067186245171,1.6205,1.4545
180.0,3.5,2700,2,27.919372291518425,731.4160407712823,1.3646,3.5537
180.0,3.5,2700,2,24.016401468602346,354.7334021148755,1.382,7.3273
180.0,3.5,2700,2,26.95670483761598,503.6778713653872,1.3502,5.1605
180.0,3.5,2700,1,22.62339344636661,514.123197547964,1.4794,3.6401
180.0,3.5,2700,0,25.754517582854852,724.9005638028098,1.6307,1.4343
180.0,3.5,2700,2,25.79109933374925,706.0886204364649,1.401,3.6812
180.0,3.5,2700,2,18.323230869204586,708.8119757639424,1.3304,3.667
180.0,3.5,2700,0,29.51037174839426,634.6059089369262,1.6407,1.6383
180.0,3.5,2700,2,19.02246799115227,617.1041279400907,1.3316,4.212
180.0,3.5,2700,0,31.57957440600756,661.5127936552212,1.6166,1.5717
180.0,3.5,2700,2,30.52382605098085,652.7129152660098,1.3816,3.9822
180.0,3.5,2700,0,19.17171244186348,654.478678130019,1.6286,1.5886
180.0,3.5,2700,0,29.690715296807483,510.904173055648,1.6156,2.035
180.0,3.5,2700,1,29.86079800077843,517.1389716604602,1.5145,3.6189
180.0,3.5,2700,1,20.874911406751146,559.2855280501551,1.5037,3.3462
180.0,3.5,2700,0,28.853991194144914,425.8155127366059,1.6423,2.4417
180.0,3.5,2700,1,30.453153044252097,572.7770450477946,1.5009,3.2673
180.0,3.5,2700,1,19.55839756806507,514.5341160203722,1.4756,3.6372
180.0,3.5,2700,1,27.31816020893911,496.1486852350621,1.5068,3.772
180.0,3.5,2700,0,23.005695923139356,624.2440340823905,1.6396,1.6655
180.0,3.5,2700,1,22.416707053904,684.8470936941385,1.4699,2.7327
180.0,3.5,2700,0,18.04279492040655,387.76891887480014,1.6266,2.6812
180.0,3.5,2700,1,19.54959868212689,746.5854932300658,1.5089,2.5067
180.0,3.5,2700,2,26.916740737144806,492.86351735498863,1.3348,5.2738
180.0,3.5,2700,2,26.92218508175183,405.940705105995,1.3816,6.403
180.0,3.5,2700,2,18.65862363310717,519.7433260490541,1.406,5.001
180.0,3.5,2700,2,23.959157041727657,655.1606996205578,1.3943,3.9673
180.0,3.5,2700,1,27.32988899208307,528.9046750242894,1.4812,3.5384
180.0,3.5,2700,2,24.105117965358605,595.4745457515431,1.3753,4.365
180.0,3.5,2700,1,28.47439586826962,370.12506046046707,1.4901,5.0563
180.0,3.5,2700,0,19.345334243898687,403.5509105409117,1.6151,2.5764
180.0,3.5,2700,2,24.447523475213718,369.37807710518626,1.3644,7.0368
180.0,3.5,2700,2,28.601782178164438,381.6378844353936,1.3598,6.8108
180.0,3.5,2700,2,18.67832891021435,680.9348061372061,1.386,3.8172
180.0,3.5,2700,0,23.690643125250748,360.96759573394394,1.6342,2.8803
180.0,3.5,2700,1,31.39978532274336,650.0519865809281,1.4719,2.8789
180.0,3.5,2700,0,31.271763895474024,446.09251303745515,1.6406,2.3307
180.0,3.5,2700,1,26.113722030417875,674.11916568796,1.4711,2.7762
180.0,3.5,2700,0,29.188365672503124,553.6338178914849,1.6244,1.878
180.0,3.5,2700,0,28.384241067460124,705.8540385902346,1.6174,1.473
180.0,3.5,2700,0,27.78118503687039,477.2476750287393,1.6418,2.1785
180.0,3.5,2700,1,30.99729678722838,457.09028227929423,1.5005,4.0943
180.0,3.5,2700,0,20.444274830743602,674.4475003962948,1.643,1.5416
180.0,3.5,2700,2,24.984008932413317,669.7058500845773,1.3463,3.8812
180.0,3.5,2700,1,31.697512931391124,469.99173105219484,1.5173,3.9819
180.0,3.5,2700,2,21.07323397987976,463.6352520097496,1.3418,5.6062
180.0,3.5,2700,0,18.404323790148617,661.6769490232357,1.6233,1.5713
180.0,3.5,2700,1,26.646307076875203,744.7313731124223,1.4975,2.5129
180.0,3.5,2700,2,26.475264578027204,445.7130639183304,1.3871,5.8317
180.0,3.5,2700,0,21.886738160205738,558.1923048741355,1.6429,1.8626
180.0,3.5,2700,0,25.75358317923522,726.235803454266,1.616,1.4316
180.0,3.5,2700,0,30.331736277625595,681.846215388916,1.6363,1.5248
180.0,3.5,2700,0,18.20391412865628,592.9365893988856,1.6224,1.7535
180.0,3.5,2700,0,27.372731943858998,700.9406943347888,1.6291,1.4833
180.0,3.5,2700,1,28.070988641319584,586.8691144618517,1.5157,3.1889
180.0,3.5,2700,0,27.862501997935464,523.577238678301,1.6169,1.9858
180.0,3.5,2700,1,24.571695976665225,371.395568645446,1.4989,5.039
180.0,3.5,2700,2,30.18066253307196,692.3298886133518,1.3997,3.7543
180.0,3.5,2700,1,19.38499742540215,583.0647795413836,1.4914,3.2097
180.0,3.5,2700,1,19.844829881072563,399.3423940449357,1.4596,4.6864
180.0,3.5,2700,2,24.45754198817356,407.6714077609563,1.3279,6.3758
180.0,3.5,2700,0,30.206454389242033,446.4144078382673,1.6347,2.329
180.0,3.5,2700,2,19.294979390549916,459.1885694546992,1.3943,5.6605
180.0,3.5,2700,1,23.11006757661292,414.13712721312083,1.478,4.5189
180.0,3.5,2700,1,21.7445050493025,410.6566567617359,1.5124,4.5572
180.0,3.5,2700,1,26.54195852665083,748.9330342727535,1.4814,2.4988
180.0,3.5,2700,1,20.315053147715602,583.0416426336385,1.4766,3.2098
180.0,3.5,2700,2,28.31641368820346,364.436264357323,1.4054,7.1322
180.0,3.5,2700,2,27.990419635543184,459.95499089699206,1.3499,5.6511
180.0,3.5,2700,2,22.306001044660178,480.20927857173865,1.4086,5.4127
180.0,3.5,2700,0,31.98751511031033,742.9746851368101,1.6292,1.3994
180.0,3.5,2700,1,21.74484771597392,420.541198231844,1.5056,4.4501
180.0,3.5,2700,1,31.141088154206713,496.51764042458797,1.4649,3.7692
180.0,3.5,2700,2,19.57826655487664,546.4045083543153,1.3626,4.757
180.0,3.5,2700,2,27.075624664217028,474.46783857931854,1.3475,5.4782
180.0,3.5,2700,2,31.686208635920245,675.5282033549888,1.3968,3.8477
180.0,3.5,2700,2,24.260341128769717,452.48200040274696,1.3994,5.7444
180.0,3.5,2700,1,28.541363600013618,660.8563612466753,1.4739,2.8319
180.0,3.5,2700,1,27.128252861422332,424.1764632178173,1.4901,4.412
180.0,3.5,2700,0,21.455221044382608,726.1611247336032,1.6317,1.4318
180.0,3.5,2700,0,19.109091225005468,567.5208868263626,1.6299,1.832
180.0,3.5,2700,0,22.44801112252604,707.6575770420973,1.6184,1.4692
180.0,3.5,2700,2,25.014984424467393,501.1941136151754,1.3534,5.1861
180.0,3.5,2700,1,22.520196443771997,444.0148533422998,1.4923,4.2149
180.0,3.5,2700,1,27.41786688372577,632.080463863369,1.4573,2.9608
180.0,3.5,2700,1,25.594165318098298,350.6573527525724,1.4942,5.337
180.0,3.5,2700,2,25.166372983693822,388.91306039217477,1.3249,6.6834
180.0,3.5,2700,0,20.941797303836346,497.1996495107778,1.6392,2.0911
180.0,3.5,2700,1,24.551240664198545,630.9834327745342,1.4958,2.9659
180.0,3.5,2700,2,27.93498110690517,475.1441338720806,1.3721,5.4704
180.0,3.5,2700,1,19.562602964011642,426.0922800231789,1.4575,4.3921
180.0,3.5,2700,2,31.553038242071644,444.91028960538097,1.3786,5.8422
180.0,3.5,2700,1,22.707753712954354,422.93124530722446,1.458,4.425
180.0,3.5,2700,1,19.59318172391229,701.5942902624688,1.4861,2.6674
180.0,3.5,2700,1,31.249748061296305,503.7489929357922,1.4646,3.7151
180.0,3.5,2700,1,28.350076209746057,533.4247598495921,1.5139,3.5084
180.0,3.5,2700,0,20.92281459802508,358.6984460056472,1.6118,2.8985
180.0,3.5,2700,0,27.603719994639423,560.6048200016588,1.6317,1.8546
180.0,3.5,2700,2,27.616841576941418,689.7870169036604,1.3392,3.7682
180.0,3.5,2700,0,29.242987767164962,730.8851321317036,1.6234,1.4225
180.0,3.5,2700,0,25.30594904461985,602.1553279288665,1.6153,1.7266
180.0,3.5,2700,0,26.594997751195265,545.1537492074098,1.6296,1.9072
180.0,3.5,2700,2,25.64845176592246,362.06021543958127,1.3825,7.1791
180.0,3.5,2700,0,18.317971744568226,429.93611373716044,1.6096,2.4183
180.0,3.5,2700,0,26.064706502458883,675.2406481473238,1.6135,1.5397
180.0,3.5,2700,1,23.188614285028702,606.8606266770446,1.484,3.0838
180.0,3.5,2700,1,19.382125800960264,722.0241494708656,1.5066,2.592
180.0,3.5,2700,2,23.61959136708714,651.6953369508956,1.3621,3.9884
180.0,3.5,2700,1,25.287619296718265,677.3971230336301,1.5077,2.7627
180.0,3.5,2700,1,24.204856989072738,590.4484884173886,1.4928,3.1696
180.0,3.5,2700,1,29.859365019547973,446.46788472542823,1.4609,4.1917
180.0,3.5,2700,2,21.08763267362488,679.691587831288,1.3695,3.8242
180.0,3.5,2700,0,21.9961556301182,747.1349448312826,1.6256,1.3916
180.0,3.5,2700,2,26.717948671922862,738.5993782090849,1.4022,3.5192
180.0,3.5,2700,2,25.791816332821583,363.7726968982486,1.3275,7.1453
180.0,3.5,2700,1,28.65806731546303,688.9385915380858,1.4792,2.7164
180.0,3.5,2700,0,24.029225617515138,587.8325911344259,1.6267,1.7687
180.0,3.5,2700,1,20.22183080496735,556.2175767469214,1.5186,3.3646
180.0,3.5,2700,0,22.73138130453406,392.172366964257,1.6232,2.6511
180.0,3.5,2700,1,20.517689157875147,529.2746843985279,1.5166,3.5359
180.0,3.5,2700,0,23.242090070003556,683.2635884903033,1.6407,1.5217
180.0,3.5,2700,0,24.015671406268993,484.1192955342997,1.6351,2.1476
180.0,3.5,2700,0,29.974428709118886,585.7581717280095,1.6261,1.775
180.0,3.5,2700,1,22.65713213936246,630.4843146491853,1.4985,2.9683
180.0,3.5,2700,1,20.254193895654282,617.2974731184519,1.5097,3.0317
180.0,3.5,2700,2,28.768900302284713,493.0356999019385,1.3965,5.2719
180.0,3.5,2700,1,18.971554272033558,586.7807488906005,1.4933,3.1894
180.0,3.5,2700,2,20.527675023525635,355.3040023301679,1.3869,7.3156
180.0,3.5,2700,0,21.750725301688455,710.2024071562445,1.6345,1.4639
180.0,3.5,2700,0,28.31072320411926,681.5869058095465,1.6394,1.5254
180.0,3.5,2700,0,22.282040209927867,725.8995474216906,1.6435,1.4323
180.0,3.5,2700,1,31.224402901976184,353.03788400836856,1.4843,5.301
180.0,3.5,2700,2,18.520920643137632,686.7054413277567,1.3912,3.7851
180.0,3.5,2700,0,30.649308509464092,415.35772201649854,1.6285,2.5031
180.0,3.5,2700,2,22.470370997309338,699.8463678980368,1.3423,3.714
180.0,3.5,2700,1,26.689278290604157,535.2862793552931,1.465,3.4962
180.0,3.5,2700,2,29.07938863833598,529.6680829845653,1.3963,4.9073
180.0,3.5,2700,0,24.672069315980217,455.72752008370884,1.6388,2.2814
180.0,3.5,2700,2,18.080510183707332,736.0477526750012,1.3682,3.5314
180.0,3.5,2700,2,28.64511117147413,612.4692312354301,1.3549,4.2439
180.0,3.5,2700,2,20.891769831129494,398.9526637519461,1.3577,6.5152
180.0,3.5,2700,0,22.714422813048778,506.8921076486332,1.6416,2.0511
180.0,3.5,2700,1,19.086963281130465,648.9398592432021,1.4998,2.8839
180.0,3.5,2700,1,27.341004678246296,632.7759510990948,1.487,2.9575
180.0,3.5,2700,2,21.67308711640615,748.7743626831523,1.3575,3.4713
180.0,3.5,2700,0,27.847241645689103,357.580833789486,1.619,2.9076
180.0,3.5,2700,2,31.56384212630207,464.25319357549085,1.3265,5.5988
180.0,3.5,2700,0,26.072453476012633,749.1215993496337,1.6391,1.3879
180.0,3.5,2700,1,23.997346408282027,628.235952971205,1.4783,2.9789
180.0,3.5,2700,1,24.576018330055994,741.721153764684,1.4833,2.5231
180.0,3.5,2700,0,20.74627393600588,720.9828845310226,1.6217,1.4421
180.0,3.5,2700,0,29.2867239065129,690.9556741432223,1.6389,1.5047
180.0,3.5,2700,1,29.471557302060436,663.7196405857432,1.5178,2.8197
180.0,3.5,2700,1,20.90502942437231,507.2416173076997,1.4965,3.6895
180.0,3.5,2700,2,20.136143506780186,355.8083823918834,1.3265,7.3052
180.0,3.5,2700,1,27.865593934029704,493.5077678958644,1.4844,3.7922
180.0,3.5,2700,2,22.124944534359287,593.6736910584522,1.3297,4.3782
180.0,3.5,2700,0,23.21393680219639,628.3049816013338,1.6241,1.6548
180.0,3.5,2700,1,25.094198479505614,399.14771177392845,1.4934,4.6886
180.0,3.5,2700,0,24.834546635853904,580.4789607916343,1.6303,1.7911
180.0,3.5,2700,0,23.451323933527092,582.9143287312203,1.6219,1.7836
180.0,3.5,2700,0,18.358671672901274,709.3103853414207,1.6247,1.4658
180.0,3.5,2700,1,22.516934232330144,584.4885767865217,1.4989,3.2019
180.0,3.5,2700,1,29.260259710802753,694.5285954965013,1.4573,2.6946
180.0,3.5,2700,1,27.111499178274137,712.6908410235984,1.4733,2.6259
180.0,3.5,2700,0,22.17666613455251,557.4832319433456,1.6382,1.865
180.0,3.5,2700,0,31.964042876289902,696.8588772434396,1.6406,1.492
180.0,3.5,2700,1,18.207209146654392,517.2206455634541,1.4927,3.6183
180.0,3.5,2700,2,20.610472217508665,395.91568249983135,1.3847,6.5652
180.0,3.5,2700,0,28.859002055523554,671.9255899803609,1.6154,1.5473
180.0,3.5,2700,2,29.88923720938429,454.77391757145,1.3595,5.7155
180.0,3.5,2700,0,21.932844688116823,645.3385385470831,1.6343,1.6111
180.0,3.5,2700,1,27.81012717796761,354.00148388022023,1.4806,5.2866
180.0,3.5,2700,0,25.08291379126088,599.5711638863812,1.6199,1.7341
180.0,3.5,2700,2,25.208689822306425,566.9525850239336,1.3674,4.5846
180.0,3.5,2700,1,31.416551560334135,491.93668145261165,1.4685,3.8043
180.0,3.5,2700,1,28.286487497143153,356.5279907260213,1.4661,5.2491
180.0,3.5,2700,1,30.77104402258498,479.0697903087329,1.4598,3.9064
180.0,3.5,2700,2,19.791121059034555,354.82109810892666,1.3273,7.3255
180.0,3.5,2700,0,29.615519743025427,452.54228014405726,1.6367,2.2975
180.0,3.5,2700,2,22.310654235677383,448.77872555047276,1.3683,5.7918
180.0,3.5,2700,2,24.226077281680592,597.7488573804019,1.3251,4.3484
180.0,3.5,2700,1,23.792616214152503,542.7121560316211,1.4759,3.4483
180.0,3.5,2700,1,30.559262387852122,438.2718771936417,1.4907,4.2701
180.0,3.5,2700,0,26.622726416268222,630.5530425098468,1.6163,1.6489
180.0,3.5,2700,2,30.806154336566138,440.97603102561277,1.3455,5.8943
180.0,3.5,2700,2,24.111161326300923,598.4465083277316,1.3934,4.3433
180.0,3.5,2700,0,23.597657603179407,645.4805326526924,1.6379,1.6107
180.0,3.5,2700,0,28.407317727239437,351.42008711527444,1.6277,2.9586
180.0,3.5,2700,1,30.585699172198986,709.8232910908953,1.4851,2.6365
180.0,3.5,2700,1,29.945415253053543,697.1511503824095,1.4972,2.6844
180.0,3.5,2700,2,19.927695482807653,635.582399505305,1.3255,4.0896
180.0,3.5,2700,1,27.327475257191345,678.1947996488725,1.5124,2.7595
180.0,3.5,2700,2,23.145705955189264,563.0377629426631,1.3317,4.6165
180.0,3.5,2700,1,27.070153144874453,478.3669841209759,1.4842,3.9122
180.0,3.5,2700,0,31.477406914045286,643.528501961076,1.6149,1.6156
180.0,3.5,2700,1,18.42164853021759,563.1700866316563,1.4785,3.3231
180.0,3.5,2700,2,18.463413780128633,548.7531389492859,1.3404,4.7366
180.0,3.5,2700,2,31.3732234835243,749.0750786094299,1.3706,3.4699
180.0,3.5,2700,2,20.11959650555629,601.5101800265107,1.3325,4.3212
180.0,3.5,2700,1,21.643362962081472,501.5340684471298,1.4895,3.7315
180.0,3.5,2700,1,18.699908890934505,624.4992384974839,1.4808,2.9967
180.0,3.5,2700,2,20.321290402498782,628.5625311970969,1.3672,4.1352
180.0,3.5,2700,0,23.245642121627398,637.6818641625796,1.6307,1.6304
180.0,3.5,2700,1,24.184007057737574,393.19978583119365,1.5124,4.7596
180.0,3.5,2700,0,20.863086245653285,519.1895603405025,1.6344,2.0025
180.0,3.5,2700,2,23.515966470810014,484.5433714816722,1.3561,5.3643
180.0,3.5,2700,0,22.315481690795174,611.7040677570487,1.6306,1.6997
180.0,3.5,2700,1,22.474723385261683,548.1239749697783,1.4967,3.4143
180.0,3.5,2700,2,27.83900318647204,643.5472006142454,1.3392,4.0389
180.0,3.5,2700,2,19.11335842166967,735.0518956677571,1.3753,3.5361
180.0,3.5,2700,2,24.416805686614843,452.3240098595263,1.3276,5.7464
180.0,3.5,2700,0,31.290207063772723,516.8571174255446,1.6311,2.0116
180.0,3.5,2700,1,18.554605044560194,631.869446802949,1.4691,2.9618
180.0,3.5,2700,2,31.473436178548944,485.68623863911614,1.3424,5.3517
180.0,3.5,2700,1,19.430262318357375,742.1427744791663,1.4787,2.5217
180.0,3.5,2700,1,21.668426384985267,647.46933603482,1.4728,2.8904
180.0,3.5,2700,0,22.147699911754025,542.7479163820847,1.6129,1.9156
180.0,3.5,2700,0,22.84662055819352,501.14492575468705,1.6117,2.0746
180.0,3.5,2700,0,24.553608225417285,520.0117013727024,1.6366,1.9994
180.0,3.5,2700,2,25.99164395157972,467.57158256924095,1.4063,5.559
180.0,3.5,2700,1,31.774519830920916,547.4922976516585,1.4591,3.4182
180.0,3.5,2700,2,22.223766558395987,473.8503880955649,1.3555,5.4854
180.0,3.5,2700,1,24.52374462211727,373.98754458881575,1.5083,5.0041
180.0,3.5,2700,2,23.432001790145453,724.0344385417809,1.3361,3.59
180.0,3.5,2700,1,30.243321442897475,424.8706566239172,1.4637,4.4048
180.0,3.5,2700,0,28.967299957305976,512.0225573928151,1.6397,2.0306
180.0,3.5,2700,0,26.143372035620047,576.9956504747901,1.6282,1.8019
180.0,3.5,2700,1,26.831838931422155,661.4069968539893,1.4779,2.8295
180.0,3.5,2700,0,30.200646119347404,572.9016590807246,1.6431,1.8148
180.0,3.5,2700,2,27.45219225309994,395.942334961446,1.3973,6.5647
180.0,3.5,2700,0,24.204552245778554,410.16604506142465,1.6309,2.5348
180.0,3.5,2700,1,18.778059959534474,630.0906753257387,1.519,2.9701
180.0,3.5,2700,0,28.366941304385918,398.63038342184717,1.6404,2.6082
180.0,3.5,2700,1,26.248355289922536,589.1007791414627,1.4707,3.1768
180.0,3.5,2700,1,24.426585275836928,616.9387481124295,1.5092,3.0335
180.0,3.5,2700,2,25.037033568745407,512.3926595889596,1.3658,5.0728
180.0,3.5,2700,0,30.00074534006129,528.2633346134103,1.6158,1.9681
180.0,3.5,2700,1,30.67877352115753,460.0939383241125,1.4925,4.0676
180.0,3.5,2700,2,29.867109799167103,404.029595368391,1.3552,6.4333
180.0,3.5,2700,0,19.53806633723315,364.4345202072887,1.614,2.8529
180.0,3.5,2700,1,20.177066693648662,655.5326667707648,1.4942,2.8549
180.0,3.5,2700,1,26.656049708339946,539.7778297253321,1.4716,3.4671
180.0,3.5,2700,1,31.23428621114821,718.3590832581947,1.5128,2.6052
180.0,3.5,2700,0,18.686703893629126,378.05550724546197,1.6392,2.7501
180.0,3.5,2700,0,26.30018809026847,748.7512784100966,1.6392,1.3886
180.0,3.5,2700,0,22.37586140682155,614.1806588312382,1.6186,1.6928
180.0,3.5,2700,1,22.2313367023902,527.4208355745602,1.5142,3.5483
180.0,3.5,2700,2,19.96183736725749,619.2754373584596,1.4063,4.1972
180.0,3.5,2700,2,26.678399600086294,511.9241655729711,1.3771,5.0774
180.0,3.5,2700,0,18.969883890797306,541.6800337534545,1.6379,1.9194
180.0,3.5,2700,0,31.896951429268555,655.1899767965863,1.6276,1.5869
180.0,3.5,2700,2,18.411692491986948,591.8212137587072,1.367,4.3919
180.0,3.5,2700,0,24.436732290526876,406.203253585753,1.6299,2.5596
180.0,3.5,2700,0,24.47968503450772,669.4452569727364,1.6146,1.5531
180.0,3.5,2700,1,26.535037266402824,492.2485156870712,1.5182,3.8019
180.0,3.5,2700,2,22.175690765889723,463.083094814244,1.3866,5.6129
180.0,3.5,2700,2,28.582851897810198,620.7142053149626,1.3252,4.1875
180.0,3.5,2700,1,28.427596010926692,727.0891932345738,1.4585,2.5739
180.0,3.5,2700,0,27.15766055124074,401.33520180700725,1.6157,2.5906
180.0,3.5,2700,0,21.583736329469264,641.3051314562881,1.6359,1.6212
180.0,3.5,2700,1,31.551077137581174,596.2816579091962,1.4628,3.1385
180.0,3.5,2700,0,23.606812851945595,371.4366857931146,1.6354,2.7991
180.0,3.5,2700,0,22.953438511504967,365.6810015243944,1.6257,2.8432
180.0,3.5,2700,2,30.582280987673407,429.6707387903874,1.3344,6.0494
180.0,3.5,2700,0,18.089083675856656,390.18221246965334,1.6345,2.6647
180.0,3.5,2700,1,29.55550605402529,606.6255475650003,1.4647,3.085
180.0,3.5,2700,0,31.75443309039533,575.9058259580121,1.6368,1.8053
180.0,3.5,2700,1,21.64679813693011,668.0331258239778,1.5161,2.8014
180.0,3.5,2700,2,19.03648229399479,576.9410465028159,1.3536,4.5052
180.0,3.5,2700,1,21.987691960507377,524.6391107912152,1.4856,3.5671
180.0,3.5,2700,1,22.750882958866736,659.4683164056903,1.5179,2.8378
180.0,3.5,2700,1,19.49078852558596,428.9191607606733,1.4968,4.3632
180.0,3.5,2700,0,18.763210756926988,516.467517358644,1.6249,2.0131
180.0,3.5,2700,1,22.956778795272292,697.8961182310784,1.5182,2.6816
180.0,3.5,2700,0,27.907248718099474,350.7261745991781,1.6376,2.9644
180.0,3.5,2700,1,30.998770729296034,529.4996952133018,1.5179,3.5344
180.0,3.5,2700,0,18.990665459343226,452.1123869534074,1.6171,2.2996
180.0,3.5,2700,0,19.45961816792143,395.1345444759499,1.6209,2.6313
180.0,3.5,2700,0,19.01518145588541,585.0536239066125,1.6308,1.7771
180.0,3.5,2700,0,23.723265303839693,704.4936414942886,1.6309,1.4758
180.0,3.5,2700,2,25.827700781319713,591.5883123118374,1.3876,4.3937
180.0,3.5,2700,2,23.48671967263101,561.2891128550577,1.3564,4.6309
180.0,3.5,2700,2,28.27097949784565,608.7937171570184,1.3798,4.2695
180.0,3.5,2700,0,27.36970215175834,450.0607002258842,1.626,2.3101
180.0,3.5,2700,0,27.51173917851503,630.9100006120536,1.6403,1.6479
180.0,3.5,2700,0,23.63980232265107,677.4675244414798,1.6145,1.5347
180.0,3.5,2700,0,20.789210815483962,573.934505264863,1.6373,1.8115
180.0,3.5,2700,2,22.16111865748386,490.7363483452931,1.3427,5.2966
180.0,3.5,2700,0,25.704855716076786,440.7627905071254,1.6231,2.3589
180.0,3.5,2700,1,27.25279169726644,595.9098872770014,1.4882,3.1405
180.0,3.5,2700,2,22.82639313470232,564.4250985243871,1.3911,4.6051
180.0,3.5,2700,1,30.474217980762774,512.8490851706106,1.4718,3.6491
180.0,3.5,2700,1,30.858716166124708,655.8224844356898,1.5018,2.8536
180.0,3.5,2700,1,24.412425764909884,509.3894206475883,1.4732,3.6739
180.0,3.5,2700,1,22.734733752097267,749.0278887143386,1.4876,2.4985
180.0,3.5,2700,0,18.983004487974654,356.4354827454769,1.6299,2.9169
180.0,3.5,2700,2,18.740780563461772,437.6082104024056,1.3903,5.9397
180.0,3.5,2700,1,20.520629005169774,694.9126176323266,1.4898,2.6931
180.0,3.5,2700,0,22.0391459223209,659.1580449624353,1.6136,1.5773
180.0,3.5,2700,2,30.82497198455323,563.0972717954506,1.3433,4.616
180.0,3.5,2700,1,27.899705600363063,576.036967111678,1.4842,3.2489
180.0,3.5,2700,0,22.763979197857733,459.6299285140246,1.6295,2.262
180.0,3.5,2700,2,25.049894557141286,476.0312829102163,1.399,5.4602
180.0,3.5,2700,1,20.31957125959599,398.0275911604367,1.47,4.7018
180.0,3.5,2700,1,18.15444373294594,396.49765535792716,1.5149,4.72
180.0,3.5,2700,1,21.9283341127339,491.4678982869434,1.4689,3.8079
180.0,3.5,2700,1,20.001220094057643,625.3785515582472,1.468,2.9925
180.0,3.5,2700,1,29.49021620490668,639.4131608772051,1.4941,2.9268
180.0,3.5,2700,0,21.66345179411907,563.4634930162862,1.6179,1.8452
180.0,3.5,2700,0,27.012571390862714,402.33164004848186,1.6361,2.5842
180.0,3.5,2700,0,22.834249482439773,626.751004773452,1.6433,1.6589
180.0,3.5,2700,2,26.555889809008484,365.50168780310986,1.3863,7.1115
180.0,3.5,2700,2,19.90191312388613,524.5192270934397,1.3693,4.9555
180.0,3.5,2700,2,29.99226628049587,739.4823996826749,1.3897,3.515
180.0,3.5,2700,0,27.69276735610948,355.2945764674282,1.6168,2.9263
180.0,3.5,2700,1,21.436166792421623,496.0839254498742,1.4844,3.7725
180.0,3.5,2700,1,28.696049082720602,673.629380498139,1.5171,2.7782
180.0,3.5,2700,1,28.54412621913366,637.8793151097111,1.5064,2.9339
180.0,3.5,2700,2,27.19221232537039,528.5858154357602,1.3717,4.9174
180.0,3.5,2700,2,18.82983452501144,363.9636630756753,1.4053,7.1415
180.0,3.5,2700,1,25.620379254115214,598.342555504091,1.4964,3.1277
180.0,3.5,2700,1,25.193919119067953,722.7807574160504,1.5081,2.5892
180.0,3.5,2700,0,31.980384672785384,712.258287301576,1.63,1.4597
180.0,3.5,2700,2,18.962349741147776,476.2989470164516,1.3515,5.4572
180.0,3.5,2700,1,21.80653930071043,377.9103885580137,1.4624,4.9521
180.0,3.5,2700,0,27.82248959051428,614.4311519635307,1.6218,1.6921
180.0,3.5,2700,1,27.53866078021779,398.1422171452761,1.4887,4.7005
180.0,3.5,2700,0,26.854671097126484,366.28139788955747,1.6125,2.8385
180.0,3.5,2700,1,25.197987330790696,714.2011730439488,1.4723,2.6204
180.0,3.5,2700,0,27.29460056375563,694.9612671059194,1.6395,1.4961
180.0,3.5,2700,2,26.981676308440555,393.75948829803053,1.3891,6.6011
180.0,3.5,2700,1,27.949522154852588,452.5657299153053,1.4683,4.1352
180.0,3.5,2700,1,21.80418620215572,399.55372650603545,1.4951,4.6839
180.0,3.5,2700,2,31.630979046743427,552.1522582248099,1.3479,4.7075
180.0,3.5,2700,0,18.566183279594924,402.3208724319696,1.6137,2.5843
180.0,3.5,2700,2,21.295435352322706,402.65412591511404,1.3882,6.4553
180.0,3.5,2700,1,26.34086352620473,453.6747064583751,1.4619,4.1251
180.0,3.5,2700,0,26.930028327628595,657.4010608280562,1.6104,1.5815
180.0,3.5,2700,1,26.20043493016195,501.95522434429574,1.4622,3.7283
180.0,3.5,2700,0,19.485175736403377,669.8928351905155,1.6158,1.552
180.0,3.5,2700,2,19.018401392541005,368.56238551834116,1.3282,7.0524
180.0,3.5,2700,2,24.11810090306009,376.9719829222,1.3696,6.8951
180.0,3.5,2700,1,26.576983242652876,502.5035480592385,1.5097,3.7243
180.0,3.5,2700,2,23.219218230799896,516.276758343728,1.3821,5.0346
180.0,3.5,2700,2,25.762347214829404,688.256733758519,1.3718,3.7766
180.0,3.5,2700,0,26.15123056790977,450.7671295397667,1.6208,2.3065
180.0,3.5,2700,0,18.71643932351946,598.5921374937158,1.6437,1.7369
180.0,3.5,2700,2,20.286939786158385,528.8645515431076,1.3411,4.9148
180.0,3.5,2700,2,20.334734554702344,710.3168891461116,1.3455,3.6593
180.0,3.5,2700,2,21.6879123490169,411.25627277987456,1.3362,6.3203
180.0,3.5,2700,1,29.99568255927448,365.25699858548757,1.495,5.1237
180.0,3.5,2700,2,26.84746820750125,518.9041915772593,1.391,5.0091
180.0,3.5,2700,1,22.903585607527415,398.01198718923195,1.4811,4.702
180.0,3.5,2700,2,27.39044190528663,529.9100928440654,1.3372,4.9051
180.0,3.5,2700,2,28.346915007117595,355.5286376064983,1.3875,7.3109
180.0,3.5,2700,2,20.758995767656135,399.9481511175538,1.3643,6.499
180.0,3.5,2700,1,22.46650437136914,441.2265203666494,1.4853,4.2415
180.0,3.5,2700,1,30.122015878999314,683.8959723837881,1.5164,2.7365
180.0,3.5,2700,0,21.713171856812124,444.9004766773429,1.6181,2.3369
180.0,3.5,2700,2,26.86999009866825,724.9700212097696,1.3991,3.5853
180.0,3.5,2700,1,19.1670844523376,629.6872848765934,1.5158,2.972
180.0,3.5,2700,2,21.045680068963197,616.1955556294516,1.4007,4.2182
180.0,3.5,2700,1,26.595177485771096,617.6158648134121,1.5071,3.0301
180.0,3.5,2700,1,21.770282921510862,369.7426662694062,1.4705,5.0615
180.0,3.5,2700,0,19.860044483695415,608.4786209222902,1.6374,1.7087
180.0,3.5,2700,1,30.012206693175656,449.85170257762525,1.5148,4.1602
180.0,3.5,2700,0,18.082590504538818,589.3223770473654,1.6157,1.7642
180.0,3.5,2700,1,18.953610723040047,508.9959545031742,1.4668,3.6768
180.0,3.5,2700,1,23.542120823284733,727.5042993523014,1.5137,2.5724
180.0,3.5,2700,0,27.8155189039767,418.720467525168,1.6173,2.483
180.0,3.5,2700,1,26.911690437651387,362.27535276556563,1.4835,5.1658
180.0,3.5,2700,1,28.817060676168534,534.4627054325131,1.4998,3.5016
180.0,3.5,2700,2,31.200734568247505,592.2440462506333,1.3372,4.3888
180.0,3.5,2700,1,18.561152387585064,399.9784695904063,1.4819,4.6789
180.0,3.5,2700,0,26.269755409644418,634.1514572885187,1.6275,1.6395
180.0,3.5,2700,1,26.610720578510787,634.0031230124356,1.4748,2.9518
180.0,3.5,2700,1,21.204431533286222,694.8004528688439,1.4991,2.6935
180.0,3.5,2700,0,21.676310178663375,366.78715954366777,1.6222,2.8346
180.0,3.5,2700,2,30.388445875664978,581.9764185582982,1.3656,4.4662
180.0,3.5,2700,1,18.607031664832306,517.8896145424349,1.5156,3.6136
180.0,3.5,2700,1,24.282786171164922,440.8536382175588,1.4774,4.2451
180.0,3.5,2700,0,21.260312535169,471.80299244915017,1.61,2.2037
180.0,3.5,2700,1,30.242655803993216,699.1099826456984,1.4701,2.6769
180.0,3.5,2700,0,23.492689457672746,365.202615842271,1.6399,2.8469
180.0,3.5,2700,2,18.696339705280117,659.5169866683941,1.3358,3.9411
180.0,3.5,2700,0,30.50641289005142,523.9718143342287,1.6357,1.9843
180.0,3.5,2700,1,21.707387550707608,489.33191774792795,1.5135,3.8245
180.0,3.5,2700,1,19.15044154574027,746.0326549324432,1.4699,2.5085
180.0,3.5,2700,0,30.47132554555052,519.0658689937861,1.6193,2.003
180.0,3.5,2700,0,27.280468458843778,734.3381834936872,1.6367,1.4158
180.0,3.5,2700,1,23.24200538672397,557.5231267336671,1.4953,3.3567
180.0,3.5,2700,0,29.200421399555314,732.7327816008803,1.6385,1.4189
180.0,3.5,2700,2,25.64098411805692,720.391383186349,1.4013,3.6081
180.0,3.5,2700,0,28.554504959741838,734.0705940423532,1.6247,1.4163
180.0,3.5,2700,0,31.545782135976513,639.1883715100105,1.6152,1.6266
180.0,3.5,2700,0,29.069971104820553,708.4058786506262,1.619,1.4677
180.0,3.5,2700,2,27.17919486111809,511.91398324123986,1.3747,5.0775
180.0,3.5,2700,1,21.74118456132515,657.6209417248594,1.4884,2.8458
180.0,3.5,2700,1,20.806378305639303,691.5448377653372,1.4634,2.7062
180.0,3.5,2700,1,26.713656423432788,407.301374739675,1.4902,4.5948
180.0,3.5,2700,1,28.329804941480624,653.9833532498621,1.4666,2.8616
180.0,3.5,2700,2,30.628119989630598,385.2188701930944,1.3269,6.7475
180.0,3.5,2700,1,18.939850354355038,714.2952376947821,1.5048,2.62
180.0,3.5,2700,2,24.784397727592008,634.8372024113157,1.3953,4.0944
180.0,3.5,2700,1,25.346626461958618,369.0995885244368,1.4864,5.0703
180.0,3.5,2700,1,23.662758896329052,662.7293261969976,1.4619,2.8239
180.0,3.5,2700,1,31.486159294194735,496.68750897457267,1.4986,3.7679
180.0,3.5,2700,2,19.03953057792041,706.4747830474527,1.3339,3.6792
180.0,3.5,2700,1,24.35710004194231,666.7585514397564,1.5061,2.8068
180.0,3.5,2700,1,30.311489955426072,677.6413602809845,1.4663,2.7617
180.0,3.5,2700,2,23.171571528014574,714.0631791970235,1.366,3.6401
180.0,3.5,2700,2,26.627147152685886,354.3833111946758,1.3536,7.3346
180.0,3.5,2700,0,21.052233976097703,553.7160582257497,1.6322,1.8777
180.0,3.5,2700,1,26.534603675785746,646.2262133049164,1.5047,2.896
180.0,3.5,2700,1,24.040906245112126,411.3122521238207,1.4696,4.55
180.0,3.5,2700,0,30.661249937750007,668.5290555382901,1.6275,1.5552
180.0,3.5,2700,1,26.143668822983187,611.119038156985,1.4618,3.0623
180.0,3.5,2700,1,22.556092765636553,463.0230753614508,1.489,4.0418
180.0,3.5,2700,0,30.170278565868752,677.6189688710692,1.6178,1.5343
180.0,3.5,2700,1,25.42778733245399,475.6412448348739,1.5178,3.9346
180.0,3.5,2700,2,22.387640051669738,676.4689142865174,1.3512,3.8424
180.0,3.5,2700,1,22.1934620389258,632.7582406130862,1.4675,2.9576
180.0,3.5,2700,0,30.851163705107417,614.2055085360973,1.6268,1.6928
180.0,3.5,2700,2,27.04547611170629,370.6243264121293,1.38,7.0132
180.0,3.5,2700,1,26.557568466657557,545.4758988453577,1.4627,3.4309
180.0,3.5,2700,2,29.63357309664699,704.7587607318474,1.4036,3.6881
180.0,3.5,2700,1,22.967425575362586,369.11155797056364,1.4871,5.0702
180.0,3.5,2700,0,18.011518875940737,744.5080380348239,1.6232,1.3965
180.0,3.5,2700,2,23.13984308356234,477.35325875367874,1.4005,5.4451
180.0,3.5,2700,2,29.56058225567134,729.708963168468,1.3965,3.562
180.0,3.5,2700,0,30.568938655232017,672.9134146993322,1.6395,1.5451
180.0,3.5,2700,0,18.529464174821147,423.27648845626015,1.6114,2.4563
180.0,3.5,2700,1,21.816801139766504,691.2067340288313,1.4761,2.7075
180.0,3.5,2700,1,26.47021920536902,378.47082975572846,1.478,4.9448
180.0,3.5,2700,0,18.53537648892585,462.6702480674993,1.6193,2.2472
180.0,3.5,2700,2,28.29401505699417,618.4523262655364,1.3644,4.2028
180.0,3.5,2700,2,22.63061142278763,562.5060687704049,1.3502,4.6208
180.0,3.5,2700,2,21.948129321804824,355.71953953815733,1.3917,7.307
180.0,3.5,2700,0,19.570809745046244,441.7830145898367,1.6123,2.3534
180.0,3.5,2700,2,24.343899621854497,459.6244712533067,1.3934,5.6552
180.0,3.5,2700,0,29.58930710461883,371.47719638997347,1.6308,2.7988
180.0,3.5,2700,2,24.317104038565454,418.0671018302708,1.3256,6.2173
180.0,3.5,2700,2,31.704204414695536,636.6629565449439,1.409,4.0826
180.0,3.5,2700,1,25.692188284710078,533.7944493000845,1.4975,3.506
180.0,3.5,2700,0,19.475734612370232,687.4287257538508,1.6385,1.5124
180.0,3.5,2700,1,25.313094976735265,428.859177520275,1.5055,4.3638
180.0,3.5,2700,1,20.366466090735965,676.5112855712614,1.482,2.7663
180.0,3.5,2700,1,22.388551357837542,640.2075774743187,1.4933,2.9232
180.0,3.5,2700,0,22.4038454896251,487.7335629671097,1.6398,2.1317
180.0,3.5,2700,0,18.89419915283678,460.1148285929005,1.6328,2.2597
180.0,3.5,2700,2,22.773579247988785,746.2617154844056,1.3981,3.483
180.0,3.5,2700,2,26.485868640956447,601.4190844037213,1.3465,4.3219
180.0,3.5,2700,0,21.659682298656975,636.9817127789721,1.6178,1.6322
180.0,3.5,2700,0,18.51940957103458,456.94792401860565,1.6153,2.2753
180.0,3.5,2700,0,25.910966676206748,521.9782230547315,1.6223,1.9918
180.0,3.5,2700,1,23.711358129162555,386.9926403802997,1.5168,4.8359
180.0,3.5,2700,0,27.738413387949983,577.6168765563904,1.6126,1.8
180.0,3.5,2700,2,24.849088176773986,472.554320390476,1.3423,5.5004
180.0,3.5,2700,1,29.218958329636834,493.21048116616385,1.5146,3.7944
180.0,3.5,2700,1,22.485999473250182,435.04413826762004,1.4883,4.3018
180.0,3.5,2700,0,30.85108695029343,707.8813965211225,1.6128,1.4687
180.0,3.5,2700,1,23.675007335690346,469.1015216656828,1.4834,3.9895
180.0,3.5,2700,2,21.538707374044463,397.3233681619796,1.4081,6.5419
180.0,3.5,2700,0,20.295063147331554,579.8362451271998,1.6314,1.7931
180.0,3.5,2700,0,23.535587052069246,608.9865356633369,1.6184,1.7073
180.0,3.5,2700,1,20.931079503427373,488.78751499964926,1.5088,3.8288
180.0,3.5,2700,1,23.23355608904667,370.9333321080956,1.4977,5.0453
180.0,3.5,2700,2,23.16712092481389,461.29347162552426,1.3289,5.6347
180.0,3.5,2700,2,22.517505937593885,557.2166869107957,1.3503,4.6647
180.0,3.5,2700,1,28.42268994518086,621.9532326332296,1.5009,3.009
180.0,3.5,2700,1,24.05265877888364,669.4195406858655,1.5181,2.7956
180.0,3.5,2700,1,29.296206077126975,570.127270930613,1.4726,3.2825
180.0,3.5,2700,1,30.87886956228649,395.8524199099097,1.5136,4.7277
180.0,3.5,2700,0,26.03809016035799,482.79298427996105,1.6203,2.1535
180.0,3.5,2700,0,28.622190012178137,385.9724562078824,1.6436,2.6937
180.0,3.5,2700,0,26.40220848455411,454.78957774332014,1.616,2.2861
180.0,3.5,2700,1,30.220250026634865,683.6782741493282,1.4608,2.7373
180.0,3.5,2700,2,21.84823206755945,462.63789729098653,1.338,5.6183
180.0,3.5,2700,0,20.523552523283712,367.39977778069135,1.6224,2.8299
180.0,3.5,2700,0,20.211815134365672,357.3303925787458,1.626,2.9096
180.0,3.5,2700,1,25.820816847069835,703.2529112836357,1.5084,2.6611
180.0,3.5,2700,0,24.53162361814261,677.8097196254864,1.6249,1.5339
180.0,3.5,2700,1,31.019349885452353,475.26120721438843,1.5148,3.9377
180.0,3.5,2700,1,22.302211283927967,583.0906068874128,1.4832,3.2096
180.0,3.5,2700,2,21.949017822352147,381.7287425065579,1.3828,6.8092
180.0,3.5,2700,0,31.45731021743436,693.2749431664715,1.6317,1.4997
180.0,3.5,2700,0,22.48118409021493,720.4164997875627,1.6157,1.4432
180.0,3.5,2700,2,23.101814338149556,528.7245839983154,1.3661,4.9161
180.0,3.5,2700,0,27.041748589503747,635.3727552431908,1.6362,1.6364
180.0,3.5,2700,0,29.27042518915612,737.3345042052465,1.6384,1.4101
180.0,3.5,2700,2,23.21841919151984,505.00771520023875,1.3349,5.1469
180.0,3.5,2700,2,25.444132949261892,526.1631934771372,1.329,4.94
180.0,3.5,2700,0,31.74844420675681,690.272800529048,1.6167,1.5062
180.0,3.5,2700,0,31.08638299647726,696.6759330292678,1.6375,1.4924
180.0,3.5,2700,1,19.725851633251132,650.1129890653685,1.4752,2.8787
180.0,3.5,2700,2,31.97729211905415,381.1921269941568,1.3683,6.8187
180.0,3.5,2700,0,24.576426756213394,424.76672690265514,1.6416,2.4477
180.0,3.5,2700,1,28.86450665242926,643.6465631217454,1.4779,2.9076
180.0,3.5,2700,1,21.350298200058976,747.526667038147,1.4733,2.5035
180.0,3.5,2700,0,29.284097338974014,538.1473513832028,1.6148,1.932
180.0,3.5,2700,0,24.998236043403733,735.9518263897874,1.6258,1.4127
180.0,3.5,2700,2,23.011536379481367,685.179603573181,1.3662,3.7935
180.0,3.5,2700,2,30.017559106659316,595.2928649848482,1.3672,4.3663
180.0,3.5,2700,0,26.17524291408024,377.450809021886,1.6372,2.7545
180.0,3.5,2700,1,23.434172033775575,623.7106453740055,1.5097,3.0005
180.0,3.5,2700,2,24.285271854787503,620.5257568849677,1.3934,4.1888
180.0,3.5,2700,0,29.564315606268046,640.5103263770366,1.6269,1.6232
180.0,3.5,2700,2,30.81306423333976,549.2361793993479,1.3567,4.7325
180.0,3.5,2700,1,21.42685243185745,494.6761177185022,1.4595,3.7832
180.0,3.5,2700,0,21.240187495463786,360.98202252218874,1.6225,2.8802
180.0,3.5,2700,2,22.13237693038553,649.7189632427649,1.4042,4.0006
180.0,3.5,2700,1,30.218014566348206,428.82011275009097,1.5027,4.3642
180.0,3.5,2700,1,31.270579112707622,643.2898237642858,1.5154,2.9092
180.0,3.5,2700,2,28.728124707459997,583.9502849812534,1.3463,4.4511
180.0,3.5,2700,2,29.56114165859031,689.8468339015343,1.3805,3.7679
180.0,3.5,2700,1,30.81104442979525,745.5894355758833,1.5092,2.51
180.0,3.5,2700,0,30.031374753889878,490.1813826954557,1.6165,2.1211
180.0,3.5,2700,1,22.11662787304002,411.20444518421914,1.4824,4.5512
180.0,3.5,2700,0,19.355364989261297,693.4518403570963,1.6198,1.4993
180.0,3.5,2700,1,22.40299558010345,463.0451215178921,1.4994,4.0416
180.0,3.5,2700,0,31.321885391497787,710.4291479945763,1.6149,1.4635
180.0,3.5,2700,1,29.029084278684053,401.9466232677431,1.4799,4.656
180.0,3.5,2700,1,28.189071052656402,446.3833593767424,1.4783,4.1925
180.0,3.5,2700,0,31.085870236389802,662.0171581473658,1.6103,1.5705
180.0,3.5,2700,1,29.652675454574933,401.60813161237604,1.4996,4.6599
180.0,3.5,2700,2,30.84428180721376,605.4729287140008,1.3883,4.2929
180.0,3.5,2700,1,28.033615194795374,749.3357087432373,1.4586,2.4975
180.0,3.5,2700,2,26.098232724195277,361.3366992855002,1.3353,7.1934
180.0,3.5,2700,0,25.74107205019121,512.2637242222345,1.6117,2.0296
180.0,3.5,2700,2,27.676336652970775,610.8660918118826,1.3572,4.255
180.0,3.5,2700,1,25.35041737457231,647.9351276505686,1.5,2.8883
180.0,3.5,2700,0,23.89345011311598,493.2978317602185,1.6325,2.1077
180.0,3.5,2700,1,29.62794722253535,730.3155771031006,1.4732,2.5625
180.0,3.5,2700,1,19.249694240831268,515.0553726672211,1.4928,3.6335
180.0,3.5,2700,2,23.176254312073414,371.8038008927092,1.3886,6.9909
180.0,3.5,2700,2,29.22565223149072,476.5584404191271,1.3731,5.4542
180.0,3.5,2700,1,27.293776026983394,485.7464662473502,1.4593,3.8527
180.0,3.5,2700,0,20.251768977142515,605.9043102259151,1.6211,1.7159
180.0,3.5,2700,2,24.154575080372766,707.8030866507008,1.3347,3.6723
180.0,3.5,2700,0,27.483871652419733,377.78157713112154,1.6153,2.7521
180.0,3.5,2700,1,19.898536477614115,713.0163984359534,1.4965,2.6247
180.0,3.5,2700,1,21.47213089645433,732.965212629689,1.4909,2.5533
180.0,3.5,2700,1,21.026071785563147,561.1220245001924,1.4972,3.3352
180.0,3.5,2700,0,27.79938610886157,608.344704374028,1.6143,1.7091
180.0,3.5,2700,1,30.413662922971216,483.1533950283271,1.4702,3.8734
180.0,3.5,2700,0,19.53336567381132,351.9979127326265,1.6377,2.9537
180.0,3.5,2700,1,20.0028190681214,497.1545812799503,1.4606,3.7643
180.0,3.5,2700,1,25.023222259183548,602.4798899620463,1.5082,3.1063
180.0,3.5,2700,2,31.6176305732316,438.20234979674103,1.3732,5.9316
180.0,3.5,2700,0,26.803865659008,597.3863601013247,1.6416,1.7404
180.0,3.5,2700,2,24.78174889980722,722.7482753435742,1.4046,3.5963
180.0,3.5,2700,1,30.461701013599605,717.9705651334082,1.4979,2.6066
180.0,3.5,2700,2,24.087473077328006,516.9871922365633,1.3768,5.0277
180.0,3.5,2700,1,20.28551083061869,370.86330026375936,1.4792,5.0462
180.0,3.5,2700,1,29.016827753563945,448.46348375228854,1.4925,4.173
180.0,3.5,2700,2,18.3596940132021,418.3272546041889,1.3953,6.2134
180.0,3.5,2700,2,30.14859542779725,689.5666964213742,1.386,3.7694
180.0,3.5,2700,0,20.71593456490675,597.9955102956175,1.6196,1.7386
180.0,3.5,2700,2,21.701400469545185,375.08951031271715,1.3345,6.9297
180.0,3.5,2700,0,30.058018852464315,585.4594840203046,1.6146,1.7759
180.0,3.5,2700,1,22.649136723723164,443.40672358136635,1.5049,4.2206
180.0,3.5,2700,2,28.41475887754354,425.6254109025451,1.3681,6.1069
180.0,3.5,2700,0,21.291107995199773,728.7334203819471,1.6236,1.4267
180.0,3.5,2700,1,22.747742494978496,578.4297275068124,1.5159,3.2354
180.0,3.5,2700,2,22.614555180353346,662.2101943472286,1.344,3.9251
180.0,3.5,2700,2,27.24750109429928,571.7011761935065,1.3963,4.5465
180.0,3.5,2700,2,24.939844914286155,629.1760268245255,1.3994,4.1312
180.0,3.5,2700,0,23.60110970831857,536.0072398229914,1.6249,1.9397
180.0,3.5,2700,1,22.62884914083164,440.75589433373125,1.5026,4.246
180.0,3.5,2700,2,19.126004098978502,738.5666605358234,1.3609,3.5193
180.0,3.5,2700,1,24.061093727286682,732.7489849706537,1.4769,2.554
180.0,3.5,2700,0,18.895762684289057,398.6816670217479,1.6096,2.6078
180.0,3.5,2700,1,20.764198696673148,628.3874446415282,1.4596,2.9782
180.0,3.5,2700,2,31.46845047594075,695.1249363872682,1.3493,3.7393
180.0,3.5,2700,1,20.75302306986782,711.2803604248679,1.4857,2.6311
180.0,3.5,2700,1,27.11342280319206,597.4251620081326,1.4649,3.1325
180.0,3.5,2700,0,25.417645015898877,621.8011671337878,1.6255,1.6721
180.0,3.5,2700,1,26.79523257179953,604.4552719856831,1.478,3.0961
180.0,3.5,2700,0,22.322702360042427,463.7540342693626,1.6231,2.2419
180.0,3.5,2700,2,23.111790197217132,534.6090351678392,1.4002,4.862
180.0,3.5,2700,0,31.711765886742906,400.74072820355286,1.6374,2.5944
180.0,3.5,2700,2,23.89948519053847,604.2119417574187,1.3239,4.3019
180.0,3.5,2700,2,24.733456151509593,718.8090703948865,1.3529,3.616
180.0,3.5,2700,0,30.04982413774647,483.3378815677586,1.6243,2.1511
180.0,3.5,2700,2,20.625297147853903,632.1569630774985,1.3934,4.1117
180.0,3.5,2700,0,29.52839023356615,424.26700357886125,1.6279,2.4506
180.0,3.5,2700,2,18.820916699759618,714.1660730419487,1.3308,3.6396
180.0,3.5,2700,2,24.525452419099103,519.8842307558443,1.3534,4.9997
180.0,3.5,2700,2,19.355073754585987,604.6716327217206,1.3938,4.2986
180.0,3.5,2700,1,30.986525045815736,566.5954724082499,1.4966,3.303
180.0,3.5,2700,0,27.80185881382722,598.6158707078173,1.6393,1.7368
180.0,3.5,2700,1,27.13495353878858,365.60364139685197,1.4878,5.1188
180.0,3.5,2700,1,25.093386055212576,711.0609792783721,1.491,2.6319
180.0,3.5,2700,0,19.246519981892185,635.6876011735616,1.6222,1.6356
180.0,3.5,2700,0,24.108234609053113,478.27952831277685,1.6375,2.1738
180.0,3.5,2700,0,22.231286166577547,513.3270887083445,1.6358,2.0254
180.0,3.5,2700,2,28.53683372045899,527.1542271771805,1.3383,4.9307
180.0,3.5,2700,2,26.564386661845894,350.9052113519751,1.3952,7.4073
180.0,3.5,2700,0,29.433043938724907,417.48439021762715,1.6105,2.4904
180.0,3.5,2700,0,24.5379603381615,526.1686492889103,1.6349,1.976
180.0,3.5,2700,2,27.95543341607018,426.8467284251076,1.3942,6.0894
180.0,3.5,2700,2,27.413712690447653,434.212937675647,1.3843,5.9861
180.0,3.5,2700,1,19.582188257873213,679.7415770301809,1.5118,2.7532
180.0,3.5,2700,0,20.294391730353425,513.61495471272,1.6239,2.0243
180.0,3.5,2700,2,21.810809684526095,528.9900823173764,1.4085,4.9136
180.0,3.5,2700,0,24.581924118614857,550.9141899162157,1.6135,1.8872
180.0,3.5,2700,2,20.778582842008753,375.43786420518035,1.3263,6.9232
180.0,3.5,2700,0,24.080718045096738,660.0820154614282,1.6131,1.5751
180.0,3.5,2700,0,31.474354008499887,625.9778945136679,1.6259,1.6609
180.0,3.5,2700,1,20.714087011507402,437.72219701532504,1.4891,4.2754
180.0,3.5,2700,2,20.449543156943726,513.711155645866,1.3335,5.0597
180.0,3.5,2700,1,30.47444278191308,438.9441667929385,1.4692,4.2635
180.0,3.5,2700,2,31.937317418149334,521.312470851612,1.325,4.986
180.0,3.5,2700,1,31.028547088727066,688.1134547881668,1.4601,2.7197
180.0,3.5,2700,1,21.94811631525371,457.47145896879556,1.5021,4.0909
180.0,3.5,2700,1,21.12976373349612,627.4351370782972,1.469,2.9827
180.0,3.5,2700,1,19.750558361840493,584.2933786834546,1.4932,3.2029
180.0,3.5,2700,0,21.418578484942792,459.4890612190287,1.6131,2.2627
180.0,3.5,2700,0,27.181490386007482,741.2125572290287,1.6312,1.4027
180.0,3.5,2700,0,19.17132785080936,548.7415345971709,1.6119,1.8947
180.0,3.5,2700,2,25.797074930587698,596.0333465642105,1.393,4.3609
180.0,3.5,2700,1,29.69655040022171,612.5039982482049,1.4678,3.0554
180.0,3.5,2700,0,20.51163860606626,518.110089793877,1.64,2.0067
180.0,3.5,2700,0,31.54264340133959,577.6673358039938,1.6426,1.7998
180.0,3.5,2700,0,25.35895062990224,636.1620588628714,1.6378,1.6343
180.0,3.5,2700,0,25.494042784961284,415.2341044043214,1.6153,2.5039
180.0,3.5,2700,2,19.243167151229805,635.3455377466993,1.3947,4.0911
180.0,3.5,2700,1,22.234809246072196,700.974217628475,1.4589,2.6698
180.0,3.5,2700,0,19.08783641592635,619.8986935176738,1.6118,1.6772
180.0,3.5,2700,0,29.510819824142548,455.8284374519055,1.6257,2.2809
180.0,3.5,2700,2,28.606512170574298,598.1396413405506,1.3715,4.3456
180.0,3.5,2700,1,29.958723063085245,400.1568831571913,1.5067,4.6768
180.0,3.5,2700,0,27.69207215972293,468.38727160460695,1.6288,2.2197
180.0,3.5,2700,0,19.66677527684341,535.0183862630442,1.6267,1.9433
180.0,3.5,2700,2,21.17876715025511,508.8579692832403,1.3359,5.108
180.0,3.5,2700,0,30.227603522420097,622.7333098326624,1.6379,1.6696
180.0,3.5,2700,0,26.733353244859302,723.063986240212,1.6341,1.4379
180.0,3.5,2700,1,25.335417098009877,495.81064168843784,1.5134,3.7745
180.0,3.5,2700,1,29.78296005326665,433.3394933751022,1.4597,4.3187
180.0,3.5,2700,1,21.07927798072149,600.8733305318706,1.5174,3.1146
180.0,3.5,2700,0,26.085247647591924,584.4705770374683,1.612,1.7789
180.0,3.5,2700,1,25.863208632545604,352.679772937621,1.4627,5.3064
180.0,3.5,2700,0,18.205073355700605,503.3070378138188,1.6177,2.0657
180.0,3.5,2700,0,25.82596911730276,376.0440382579474,1.6296,2.7648
180.0,3.5,2700,1,18.82721027874816,396.99387027961063,1.4619,4.7141
180.0,3.5,2700,1,30.448215129082676,629.7109304442619,1.504,2.9719
180.0,3.5,2700,1,28.97417803119575,734.9381907810473,1.4835,2.5464
180.0,3.5,2700,1,24.809329079129704,475.5171131578392,1.472,3.9356
180.0,3.5,2700,2,29.189775490922244,414.49695313640933,1.3707,6.2709
180.0,3.5,2700,0,19.22522912599516,447.220629813314,1.6109,2.3248
180.0,3.5,2700,0,22.796953795686797,683.8986867420749,1.6162,1.5203
180.0,3.5,2700,1,21.54088240752135,400.02472446457904,1.4993,4.6784
180.0,3.5,2700,1,18.8635655790128,405.07174974185534,1.4614,4.6201
180.0,3.5,2700,1,26.139880121332133,601.7883640160816,1.4718,3.1098
180.0,3.5,2700,2,23.302713323156695,598.6476564771058,1.3414,4.3419
180.0,3.5,2700,0,22.80625979999772,500.2421739514925,1.6282,2.0784
180.0,3.5,2700,2,24.83966258104082,552.3900155075547,1.4025,4.7055
180.0,3.5,2700,1,20.90370162882968,374.7554649207009,1.4787,4.9938
180.0,3.5,2700,0,29.84866328157704,621.6925688501353,1.6327,1.6724
180.0,3.5,2700,0,27.795696194729462,365.63622496080137,1.6369,2.8435
180.0,3.5,2700,1,22.961873140889217,423.12282501856066,1.4687,4.423
180.0,3.5,2700,1,24.567157302429564,420.2757096288716,1.4878,4.4529
180.0,3.5,2700,0,25.907146615817137,356.1016378249621,1.6255,2.9197
180.0,3.5,2700,0,25.0377659600348,393.90932961507394,1.6254,2.6394
180.0,3.5,2700,0,25.19197753565783,637.7250463277637,1.6164,1.6303
180.0,3.5,2700,0,25.614432325036155,567.6671504849468,1.6344,1.8315
180.0,3.5,2700,0,22.415028932043615,364.53326469258076,1.6326,2.8521
180.0,3.5,2700,1,18.360059521146592,458.0918037236315,1.4618,4.0853
180.0,3.5,2700,1,23.453353465558056,451.3567863721817,1.5047,4.1463
180.0,3.5,2700,2,28.94179503715855,470.7952789670197,1.33,5.521
180.0,3.5,2700,1,18.478733843890133,485.9355785879301,1.5153,3.8512
180.0,3.5,2700,1,24.428966201171555,615.5492864777103,1.4764,3.0403
180.0,3.5,2700,0,20.531395275401714,669.1127350537131,1.6199,1.5538
180.0,3.5,2700,2,21.269103598210975,573.6778741037126,1.3309,4.5309
180.0,3.5,2700,1,21.526537044669542,547.2052756146471,1.507,3.42
180.0,3.5,2700,2,25.457419504194885,553.2272093855004,1.3971,4.6983
180.0,3.5,2700,1,26.795222770997288,686.5218801034162,1.5105,2.726
180.0,3.5,2700,0,28.139109498844693,638.8826143469125,1.6366,1.6274
180.0,3.5,2700,1,28.089355281997754,637.6856551547344,1.4963,2.9348
180.0,3.5,2700,0,24.295057979954684,533.4997435842826,1.6147,1.9488
180.0,3.5,2700,2,28.959688313708952,572.5346671824303,1.3549,4.5399
180.0,3.5,2700,2,29.405159539733802,583.814318884623,1.393,4.4522
180.0,3.5,2700,2,21.339379246316092,487.12952050335576,1.3947,5.3358
180.0,3.5,2700,1,27.47040928954561,732.5232831948313,1.4932,2.5548
180.0,3.5,2700,2,30.59995671359313,397.4057368205306,1.3746,6.5405
180.0,3.5,2700,1,22.49820105658506,578.9617917142864,1.4988,3.2324
180.0,3.5,2700,2,25.96727807348165,407.07743260290465,1.3979,6.3851
180.0,3.5,2700,2,18.613725989939432,378.3126984515118,1.3611,6.8706
180.0,3.5,2700,0,28.921008427247433,687.3483890438351,1.6208,1.5126
180.0,3.5,2700,2,28.18697661376235,633.9455238569046,1.3432,4.1001
180.0,3.5,2700,1,19.914837773059286,563.7371187678418,1.4983,3.3197
180.0,3.5,2700,2,28.966490543707483,457.67767322458235,1.3652,5.6792
180.0,3.5,2700,1,28.474797963822702,389.92012847755893,1.4608,4.7996
180.0,3.5,2700,2,24.775608783608924,477.1956700882809,1.3713,5.4469
180.0,3.5,2700,0,30.288383951008854,533.918539286041,1.6159,1.9473
180.0,3.5,2700,1,21.638446619695216,426.1821970247122,1.4801,4.3912
180.0,3.5,2700,2,27.076880887307276,525.8191840901427,1.3639,4.9432
180.0,3.5,2700,0,30.730073154558752,716.9479361046583,1.6414,1.4502
180.0,3.5,2700,2,18.549348670065132,489.6628556706757,1.3961,5.3082
180.0,3.5,2700,1,22.045219896928156,395.9008330435185,1.4668,4.7271
180.0,3.5,2700,2,23.858599498043287,600.9363568532551,1.3813,4.3253
180.0,3.5,2700,0,27.255927521429363,587.3596293710448,1.642,1.7701
180.0,3.5,2700,2,21.136241210020096,387.236996574457,1.3834,6.7123
180.0,3.5,2700,2,23.017640642235946,421.9722432757114,1.3489,6.1598
180.0,3.5,2700,2,20.43765896862029,414.4618368683742,1.4031,6.2714
385.0,9.0,8940,0,30.727408560944703,738.5477508767285,1.5891,1.6129
385.0,9.0,8940,0,26.03142710711011,364.4879601166274,1.614,3.2681
385.0,9.0,8940,2,29.650616654779085,673.3791983774818,1.2952,4.4224
385.0,9.0,8940,1,27.619765631093436,728.5485432354824,1.4521,2.943
385.0,9.0,8940,2,22.40894790187754,407.48896794038166,1.2693,7.308
385.0,9.0,8940,2,30.58004376177379,474.7053926283355,1.3396,6.2732
385.0,9.0,8940,0,30.58068477827459,716.1099976016749,1.609,1.6634
385.0,9.0,8940,0,20.568013289199598,714.9213438794968,1.592,1.6662
385.0,9.0,8940,2,19.021099149194477,493.6781941683072,1.274,6.0321
385.0,9.0,8940,2,30.236225410702147,552.6768196523268,1.2761,5.3882
385.0,9.0,8940,1,24.794288111134794,609.8040735105319,1.4544,3.516
385.0,9.0,8940,1,22.12078756343079,425.76427322605,1.4778,5.0359
385.0,9.0,8940,1,21.337534778294433,672.5941611374489,1.4428,3.1878
385.0,9.0,8940,2,28.43995371925645,699.4483129475116,1.2642,4.2575
385.0,9.0,8940,0,24.87622003228703,689.1613477070102,1.6105,1.7284
385.0,9.0,8940,1,22.82114850201537,456.1589152289828,1.4094,4.7003
385.0,9.0,8940,2,29.094634293393895,585.149063650713,1.2626,5.0892
385.0,9.0,8940,2,30.273863346623394,516.3838145796176,1.3477,5.7669
385.0,9.0,8940,1,20.210904182465057,444.20107878151373,1.4532,4.8269
385.0,9.0,8940,0,21.784162577365578,376.9788484474709,1.6115,3.1598
385.0,9.0,8940,0,31.852277373802345,412.1097130959975,1.6004,2.8904
385.0,9.0,8940,1,27.229829993245282,464.6669994650401,1.45,4.6143
385.0,9.0,8940,2,25.256005206474818,363.25978344944076,1.3481,8.1978
385.0,9.0,8940,1,18.709165928769156,494.95979105433315,1.4127,4.3319
385.0,9.0,8940,0,18.423386958106153,617.2531919333127,1.5884,1.9298
385.0,9.0,8940,0,22.634885965078066,717.5235463100195,1.598,1.6601
385.0,9.0,8940,1,18.829046308988705,453.3267122796627,1.4457,4.7297
385.0,9.0,8940,0,18.53591493502675,731.2047573260885,1.6092,1.629
385.0,9.0,8940,2,30.213133222711512,604.3442547685128,1.2965,4.9275
385.0,9.0,8940,2,24.151074817083323,633.0663533599547,1.3321,4.704
385.0,9.0,8940,2,22.49940767804157,744.3799732409614,1.289,4.0005
385.0,9.0,8940,2,23.372204641367556,539.80791044996,1.3359,5.5166
385.0,9.0,8940,0,19.967611717924253,536.4752395969577,1.6205,2.2204
385.0,9.0,8940,2,31.23242130095986,571.02016572095,1.2795,5.2151
385.0,9.0,8940,2,22.331514876531855,581.5903637008555,1.3247,5.1203
385.0,9.0,8940,1,20.35425607262705,605.3808913705777,1.4515,3.5417
385.0,9.0,8940,2,30.756032361777923,469.53365852422206,1.3351,6.3423
385.0,9.0,8940,1,24.336789129417376,489.1030468897976,1.4427,4.3837
385.0,9.0,8940,0,18.61386441243481,350.9595567010368,1.5989,3.394
385.0,9.0,8940,2,27.15051751129368,440.00496729990687,1.2849,6.7679
385.0,9.0,8940,1,23.76782763609247,650.0400897290186,1.4447,3.2984
385.0,9.0,8940,2,22.023860559539667,420.53778315108866,1.2779,7.0812
385.0,9.0,8940,1,19.886455973816258,480.43538313074123,1.4725,4.4628
385.0,9.0,8940,0,26.296219912841376,699.4813366824521,1.6126,1.7029
385.0,9.0,8940,1,27.802428116859225,624.6385540339862,1.4643,3.4325
385.0,9.0,8940,0,24.83892421884192,501.4096054731824,1.5883,2.3756
385.0,9.0,8940,2,18.326481236797896,606.294166157631,1.2899,4.9117
385.0,9.0,8940,1,31.712919013841848,454.9981160438922,1.4185,4.7123
385.0,9.0,8940,2,24.050889502307015,512.5165551766815,1.2891,5.8104
385.0,9.0,8940,2,31.435370523937284,354.83951387699375,1.2872,8.3923
385.0,9.0,8940,1,20.264809432490562,544.7410980477171,1.4691,3.936
385.0,9.0,8940,2,22.884726670971602,708.7914741225292,1.3403,4.2014
385.0,9.0,8940,0,25.08086168583948,603.0680740632482,1.589,1.9752
385.0,9.0,8940,2,19.826842216252277,615.250367210567,1.2923,4.8402
385.0,9.0,8940,0,20.584134576530754,686.8533145734189,1.6179,1.7342
385.0,9.0,8940,1,23.519412015748227,534.7568526086069,1.4435,4.0095
385.0,9.0,8940,1,21.694218583940216,662.352237641751,1.4196,3.2371
385.0,9.0,8940,0,31.99076371462597,641.2742573246146,1.6122,1.8575
385.0,9.0,8940,0,24.445839710397713,478.33911107409995,1.6208,2.4902
385.0,9.0,8940,2,22.061954052390753,678.0433869151198,1.342,4.3919
385.0,9.0,8940,2,19.711086444012494,495.3048142267426,1.301,6.0123
385.0,9.0,8940,2,22.218875087420876,608.769488114623,1.2653,4.8917
385.0,9.0,8940,0,21.315735576348576,723.5055587284261,1.5848,1.6464
385.0,9.0,8940,0,25.341602273939706,491.5344243753873,1.5828,2.4234
385.0,9.0,8940,0,29.943940358713277,514.7230363946918,1.6023,2.3142
385.0,9.0,8940,0,27.023471918923853,409.3574757934957,1.6038,2.9098
385.0,9.0,8940,1,23.86469289337532,687.675275239169,1.4309,3.1179
385.0,9.0,8940,0,21.570297810431136,598.5287191204671,1.5938,1.9902
385.0,9.0,8940,1,23.10754021684576,664.0726486203658,1.4236,3.2287
385.0,9.0,8940,0,20.665198710559807,704.6422552241263,1.5839,1.6905
385.0,9.0,8940,2,24.203670803220213,708.9812884110202,1.2549,4.2003
385.0,9.0,8940,0,23.45957017102124,617.9447942049597,1.604,1.9276
385.0,9.0,8940,0,22.279016741681197,717.5093064541963,1.5952,1.6601
385.0,9.0,8940,2,19.67364630463442,461.54751210675073,1.3167,6.452
385.0,9.0,8940,1,25.704415587815042,412.40372932510144,1.4447,5.199
385.0,9.0,8940,1,28.413875815754402,609.9785680929585,1.4081,3.515
385.0,9.0,8940,0,23.0403978519307,654.3649341858643,1.597,1.8203
385.0,9.0,8940,1,23.4018419256619,670.0128536430669,1.421,3.2001
385.0,9.0,8940,1,29.389830272837255,636.4731755097134,1.4161,3.3687
385.0,9.0,8940,2,29.507962675466388,645.6345629865921,1.3445,4.6124
385.0,9.0,8940,2,25.070414689797673,543.6036559211941,1.2876,5.4781
385.0,9.0,8940,2,18.260061529952107,730.6506115288024,1.3243,4.0757
385.0,9.0,8940,1,31.98795875990037,362.70346291925495,1.4197,5.9114
385.0,9.0,8940,2,29.560276265769005,492.43035222441586,1.2955,6.0474
385.0,9.0,8940,2,18.039251478869723,586.4391135305219,1.337,5.078
385.0,9.0,8940,0,31.661046931642083,391.602687314539,1.6031,3.0418
385.0,9.0,8940,0,23.819556872426812,361.9749979944746,1.6039,3.2907
385.0,9.0,8940,0,20.629602464444353,743.2691226075733,1.5845,1.6026
385.0,9.0,8940,1,19.412265483744928,748.4352889153167,1.4559,2.8648
385.0,9.0,8940,1,24.2608705445653,473.511875511474,1.4635,4.5281
385.0,9.0,8940,1,27.646788928624886,501.1443288143898,1.4653,4.2784
385.0,9.0,8940,2,22.285328383074017,584.2313819129699,1.2585,5.0972
385.0,9.0,8940,2,24.801320060836307,598.2823941828065,1.3065,4.9774
385.0,9.0,8940,1,28.22178490325475,477.534913298623,1.4311,4.4899
385.0,9.0,8940,0,25.59379186768939,357.6300921131346,1.6048,3.3307
385.0,9.0,8940,1,19.772016692741232,478.25716766339303,1.463,4.4832
385.0,9.0,8940,1,24.727923688610204,439.6598963674591,1.45,4.8767
385.0,9.0,8940,2,23.014582147372977,682.2158988044991,1.3122,4.3651
385.0,9.0,8940,0,29.064827486455798,516.1295475119518,1.5849,2.3079
385.0,9.0,8940,1,18.625433260302472,434.45077619793346,1.46,4.9352
385.0,9.0,8940,1,24.010574319243144,621.6025120918235,1.4211,3.4493
385.0,9.0,8940,0,22.093391099011086,623.2679768740516,1.587,1.9112
385.0,9.0,8940,2,28.9522556346909,659.0841372623164,1.2635,4.5183
385.0,9.0,8940,1,20.283104006869586,622.5134412894022,1.4462,3.4443
385.0,9.0,8940,2,26.177362037439266,431.5941549167092,1.3338,6.8998
385.0,9.0,8940,2,21.62985187996404,439.6350426679709,1.2891,6.7736
385.0,9.0,8940,1,28.332299689907316,432.64176391969386,1.43,4.9558
385.0,9.0,8940,1,27.091292544792182,526.0734132682308,1.4677,4.0757
385.0,9.0,8940,2,25.06034336324988,724.3573992346214,1.2577,4.1111
385.0,9.0,8940,2,28.37947406894049,412.8094470214738,1.3506,7.2138
385.0,9.0,8940,0,20.22579055809397,431.7374198676107,1.5819,2.759
385.0,9.0,8940,2,30.412025338091595,590.149690521086,1.3471,5.046
385.0,9.0,8940,1,30.75103858247039,693.3256154389722,1.4549,3.0925
385.0,9.0,8940,0,31.99819786500099,696.3046007742539,1.6194,1.7107
385.0,9.0,8940,1,26.158443046377055,699.0056506163013,1.4263,3.0674
385.0,9.0,8940,1,23.699748714535104,551.2920914964213,1.452,3.8892
385.0,9.0,8940,0,23.22914198396447,749.8151150580078,1.5816,1.5886
385.0,9.0,8940,1,31.48749770359393,392.7135671793949,1.4099,5.4597
385.0,9.0,8940,2,22.01253240066809,362.1315005614185,1.3089,8.2233
385.0,9.0,8940,2,28.533849370004564,576.8968190132823,1.3393,5.162
385.0,9.0,8940,1,22.589417515184827,710.6088074426941,1.423,3.0173
385.0,9.0,8940,0,28.173020557433077,582.4451530604738,1.5973,2.0451
385.0,9.0,8940,2,28.59850625418721,627.5855984904091,1.325,4.745
385.0,9.0,8940,1,29.35044233802799,636.0816798136575,1.4621,3.3708
385.0,9.0,8940,1,30.071423394146994,624.6630685298504,1.4084,3.4324
385.0,9.0,8940,0,28.788593966658702,398.75809529805895,1.6078,2.9872
385.0,9.0,8940,2,19.52687684074151,360.2162327162577,1.3,8.267
385.0,9.0,8940,1,28.568561385169417,495.1587831867917,1.4096,4.3301
385.0,9.0,8940,1,28.835973612974325,745.0882133599563,1.4495,2.8776
385.0,9.0,8940,2,28.358553816862056,470.77734719025364,1.2699,6.3255
385.0,9.0,8940,1,21.39732397551327,745.206984505628,1.4576,2.8772
385.0,9.0,8940,0,25.762810559721974,690.0955117302144,1.5994,1.7261
385.0,9.0,8940,0,26.386558857933807,604.3897701592684,1.5841,1.9709
385.0,9.0,8940,0,29.95337495920922,635.540120135467,1.5965,1.8743
385.0,9.0,8940,2,31.121380292459985,430.14500534340823,1.3193,6.9231
385.0,9.0,8940,2,29.091806719681124,584.9263488520044,1.3227,5.0911
385.0,9.0,8940,0,18.12841284666499,711.0847673155654,1.6058,1.6751
385.0,9.0,8940,0,24.593261682136863,535.6638100101997,1.6018,2.2237
385.0,9.0,8940,1,31.895419606878733,352.0144568721012,1.4257,6.0909
385.0,9.0,8940,0,26.419416324724374,433.63164225479443,1.5857,2.747
385.0,9.0,8940,0,19.809328745549028,473.6707575611974,1.5972,2.5148
385.0,9.0,8940,2,22.7800115646466,360.87503254358893,1.3427,8.2519
385.0,9.0,8940,2,30.739179876209832,742.6515393148875,1.276,4.0098
385.0,9.0,8940,0,25.23412639490841,657.9181135033436,1.5986,1.8105
385.0,9.0,8940,0,18.414723026944205,634.6732009412596,1.5965,1.8768
385.0,9.0,8940,1,18.83235935880857,394.4889678628177,1.4129,5.4351
385.0,9.0,8940,2,18.48216853881052,521.5964259459333,1.2957,5.7092
385.0,9.0,8940,1,21.51438736051177,486.0830531668611,1.4598,4.411
385.0,9.0,8940,0,18.203646662746838,501.1281021969394,1.6106,2.377
385.0,9.0,8940,1,27.535465808807352,492.31413110632656,1.443,4.3551
385.0,9.0,8940,2,29.080851687150577,397.2430666620452,1.3225,7.4965
385.0,9.0,8940,0,19.112868114554203,539.6000477713669,1.5939,2.2075
385.0,9.0,8940,0,26.17365701194833,369.93012727084505,1.5975,3.22
385.0,9.0,8940,2,26.963830521746956,464.0431459242484,1.2645,6.4173
385.0,9.0,8940,1,27.377240056340675,535.2925176390745,1.4521,4.0055
385.0,9.0,8940,1,19.927464841980424,357.24713821055053,1.4207,6.0017
385.0,9.0,8940,2,29.13637970007275,446.369879032298,1.2802,6.6714
385.0,9.0,8940,1,27.42143423549598,508.4511944336693,1.4146,4.2169
385.0,9.0,8940,1,23.384745126206532,528.1687588910686,1.4582,4.0595
385.0,9.0,8940,1,26.40845488254371,434.3880765818836,1.4303,4.9359
385.0,9.0,8940,1,27.96869802395222,559.5462165198106,1.4721,3.8319
385.0,9.0,8940,1,28.88593113608515,528.2638908114238,1.4456,4.0588
385.0,9.0,8940,1,20.766594399234712,639.4509234736984,1.4282,3.353
385.0,9.0,8940,2,27.396873829629804,727.7791667063063,1.3193,4.0918
385.0,9.0,8940,0,25.939953640161814,697.4491763215368,1.5996,1.7079
385.0,9.0,8940,2,24.180875202584758,699.2595671302399,1.3263,4.2587
385.0,9.0,8940,2,18.634901594492526,648.3868944024398,1.2715,4.5928
385.0,9.0,8940,0,18.784905078113685,475.031656895342,1.6065,2.5076
385.0,9.0,8940,0,20.676634807451983,645.2143282591882,1.5962,1.8462
385.0,9.0,8940,1,21.299405764905462,373.5076811819145,1.4344,5.7404
385.0,9.0,8940,1,30.590414918561617,573.362427724854,1.413,3.7395
385.0,9.0,8940,1,18.482063894237697,484.1527831397103,1.4693,4.4286
385.0,9.0,8940,0,28.920067628067947,526.5385722805943,1.5851,2.2623
385.0,9.0,8940,1,28.52738458314822,717.640065858784,1.4345,2.9877
385.0,9.0,8940,2,29.678334911318856,557.835023605646,1.3271,5.3384
385.0,9.0,8940,2,31.706375181508772,642.9983286448361,1.266,4.6313
385.0,9.0,8940,2,19.4187450124784,442.33896197603923,1.3162,6.7322
385.0,9.0,8940,1,31.408725540368494,402.0334984199124,1.4334,5.3331
385.0,9.0,8940,0,18.728347145539196,591.9425933930894,1.6121,2.0123
385.0,9.0,8940,1,20.55060140359899,503.9993699317489,1.4572,4.2542
385.0,9.0,8940,2,26.90841709736588,600.1769531203302,1.2861,4.9617
385.0,9.0,8940,2,30.635412554709248,645.1164921656294,1.3438,4.6161
385.0,9.0,8940,2,23.066171845551537,369.2183054583522,1.3465,8.0655
385.0,9.0,8940,0,20.39394539907073,371.10867912225297,1.5851,3.2098
385.0,9.0,8940,1,26.565031153735866,639.8094039071432,1.4149,3.3512
385.0,9.0,8940,1,31.588995146801462,539.0143090283962,1.4537,3.9778
385.0,9.0,8940,1,28.7896023058693,419.1518950834177,1.4269,5.1153
385.0,9.0,8940,0,20.719626067503413,677.780273549129,1.6018,1.7575
385.0,9.0,8940,0,26.013250396836597,602.1092424064459,1.6211,1.9783
385.0,9.0,8940,1,19.611512268236407,513.960561070203,1.4304,4.1717
385.0,9.0,8940,2,29.196576518742834,504.38630032974544,1.2978,5.904
385.0,9.0,8940,2,29.389683668323045,372.1398084743847,1.3163,8.0022
385.0,9.0,8940,2,30.35295567667544,367.5561350429621,1.3029,8.1019
385.0,9.0,8940,2,31.584174563467528,607.1735365283844,1.288,4.9046
385.0,9.0,8940,2,24.896949493093643,602.5432389052122,1.3117,4.9422
385.0,9.0,8940,1,19.678759977619166,424.52240273345024,1.4713,5.0506
385.0,9.0,8940,2,30.303491396781087,402.1001285756537,1.2943,7.4059
385.0,9.0,8940,1,31.525706832043884,583.0454613558614,1.4233,3.6774
385.0,9.0,8940,2,22.75854645682137,642.9112198491587,1.272,4.6319
385.0,9.0,8940,2,25.25277380533459,494.57470746840295,1.2887,6.0212
385.0,9.0,8940,2,30.446301584134943,611.4742841587567,1.3424,4.8701
385.0,9.0,8940,1,22.95219574112894,484.48215297315835,1.4463,4.4256
385.0,9.0,8940,2,21.791495464720324,436.0979120561686,1.3365,6.8286
385.0,9.0,8940,1,18.86839366367993,598.3351737007906,1.417,3.5834
385.0,9.0,8940,2,28.951664281412118,385.67968810889,1.2593,7.7212
385.0,9.0,8940,2,31.664921515829782,696.9325749493141,1.3388,4.2729
385.0,9.0,8940,1,28.521219670476377,409.42004846444905,1.4192,5.2369
385.0,9.0,8940,0,27.824443073695885,679.1509675942322,1.5906,1.7539
385.0,9.0,8940,1,20.320082669041064,616.4646304151036,1.4132,3.4781
385.0,9.0,8940,2,30.528099904695353,671.4336016982691,1.3241,4.4352
385.0,9.0,8940,1,20.473389638842015,444.93360329360667,1.4555,4.8189
385.0,9.0,8940,0,24.405901640169063,391.5554742248484,1.5824,3.0421
385.0,9.0,8940,1,24.653610917835955,537.4916099600247,1.4501,3.9891
385.0,9.0,8940,0,29.230159559450268,721.9077694029361,1.6088,1.65
385.0,9.0,8940,0,23.752726190074895,536.380446122137,1.6076,2.2208
385.0,9.0,8940,1,18.40697039916932,527.5318737539677,1.422,4.0644
385.0,9.0,8940,0,27.970315963694272,563.6760328735674,1.6165,2.1132
385.0,9.0,8940,1,21.83747448695395,746.1525776601345,1.4777,2.8735
385.0,9.0,8940,0,31.09416282759226,650.6190941871482,1.6015,1.8308
385.0,9.0,8940,2,29.535334882806573,369.0011238412166,1.3051,8.0702
385.0,9.0,8940,1,21.772996206633444,590.7424629378045,1.4384,3.6295
385.0,9.0,8940,2,19.264608080988268,612.9830658782942,1.265,4.8581
385.0,9.0,8940,1,27.916918149815213,681.0538362760874,1.4553,3.1482
385.0,9.0,8940,2,20.685845616968418,599.4891979494429,1.3206,4.9674
385.0,9.0,8940,1,30.609116842549874,589.9148264002561,1.4731,3.6346
385.0,9.0,8940,1,24.60522301661735,549.3118247020716,1.4441,3.9033
385.0,9.0,8940,1,24.196373895135658,505.2017503271106,1.4286,4.244
385.0,9.0,8940,0,18.777483108206713,517.7681725520644,1.5989,2.3006
385.0,9.0,8940,1,30.451487501659244,433.57924734110486,1.4201,4.9451
385.0,9.0,8940,0,25.018983358473257,540.208160607936,1.6133,2.205
385.0,9.0,8940,0,18.637210801093214,388.0651835012528,1.5929,3.0695
385.0,9.0,8940,0,30.30325310672006,529.1038442880495,1.5863,2.2513
385.0,9.0,8940,0,21.13264590339262,416.077340749903,1.6211,2.8629
385.0,9.0,8940,0,29.046751560822237,548.6797465305898,1.5886,2.171
385.0,9.0,8940,0,26.927148152965728,352.84381354975557,1.6109,3.3759
385.0,9.0,8940,2,18.003674322440258,691.6566618865212,1.3017,4.3055
385.0,9.0,8940,1,19.966809414934144,662.1201468949075,1.4259,3.2382
385.0,9.0,8940,0,25.20834723526289,628.4420243599725,1.6008,1.8954
385.0,9.0,8940,1,20.89261635067063,398.2279224930397,1.4267,5.3841
385.0,9.0,8940,0,25.73747424461556,568.5403011148437,1.5995,2.0951
385.0,9.0,8940,0,18.236057371633905,367.19438642674754,1.6155,3.244
385.0,9.0,8940,1,26.016659123036273,556.9313948384915,1.4541,3.8498
385.0,9.0,8940,0,18.327529462956846,671.7727101471082,1.6108,1.7732
385.0,9.0,8940,2,30.081140201574684,441.40543087279565,1.3372,6.7464
385.0,9.0,8940,0,25.10663354484722,702.3515107416096,1.6194,1.696
385.0,9.0,8940,1,21.17461995150228,522.4589093702857,1.4494,4.1039
385.0,9.0,8940,1,19.63429194652426,413.4697222259156,1.418,5.1856
385.0,9.0,8940,1,30.10597677322009,416.7158094894721,1.4597,5.1452
385.0,9.0,8940,0,21.932160598530412,462.2191465622095,1.5852,2.5771
385.0,9.0,8940,2,21.93910204727923,541.0820911934181,1.3245,5.5036
385.0,9.0,8940,0,30.244168677199944,404.43331221901616,1.5855,2.9453
385.0,9.0,8940,0,22.440048583977912,439.7631377702562,1.6018,2.7087
385.0,9.0,8940,2,29.467477025913144,474.1112736976118,1.29,6.2811
385.0,9.0,8940,2,30.873374843478267,598.701676515432,1.3499,4.974
385.0,9.0,8940,0,20.282962625871367,469.644271926743,1.6171,2.5363
385.0,9.0,8940,2,19.90376621109437,615.1407561409292,1.3527,4.841
385.0,9.0,8940,2,27.109208943254483,416.2291953899552,1.2792,7.1545
385.0,9.0,8940,2,23.774544848657154,400.4934356673819,1.2726,7.4356
385.0,9.0,8940,1,28.44641305672049,526.6155863256017,1.4082,4.0715
385.0,9.0,8940,0,26.54302865231851,550.2908225050057,1.6208,2.1646
385.0,9.0,8940,1,28.268512575552492,697.430098995341,1.4572,3.0743
385.0,9.0,8940,0,30.08269083210416,581.1294900522525,1.5845,2.0497
385.0,9.0,8940,2,20.53672507874585,743.7383617640505,1.3046,4.004
385.0,9.0,8940,0,26.59363663300742,355.2103603097726,1.5856,3.3534
385.0,9.0,8940,0,20.241001206341622,423.49259031810544,1.6144,2.8127
385.0,9.0,8940,1,19.231667369656478,629.2004152959777,1.4092,3.4077
385.0,9.0,8940,1,31.692465865829462,518.7772305840238,1.4311,4.133
385.0,9.0,8940,0,24.260953923806156,384.90063055207855,1.6189,3.0947
385.0,9.0,8940,0,27.332612266273006,698.8759864190536,1.597,1.7044
385.0,9.0,8940,2,24.080970257934585,599.2441852911974,1.3002,4.9695
385.0,9.0,8940,1,21.527928486335195,551.6149466355342,1.4424,3.887
385.0,9.0,8940,0,25.248545693453632,708.9474783992193,1.5853,1.6802
385.0,9.0,8940,2,23.360678537794435,524.9959387770136,1.2862,5.6723
385.0,9.0,8940,2,27.269416049688935,445.8204816783764,1.3398,6.6796
385.0,9.0,8940,2,20.410916556244448,642.2632547559072,1.3178,4.6366
385.0,9.0,8940,1,22.360129007467982,362.8480494482357,1.4257,5.9091
385.0,9.0,8940,1,21.919301660959377,360.14949108665746,1.4144,5.9534
385.0,9.0,8940,0,30.11014817579227,596.876224938942,1.5891,1.9957
385.0,9.0,8940,2,20.935574152324712,435.61805257075673,1.3225,6.8361
385.0,9.0,8940,0,22.306811910585417,650.0007771666285,1.6016,1.8326
385.0,9.0,8940,2,22.206388646835745,674.1821691415298,1.2904,4.4171
385.0,9.0,8940,0,24.289480183335776,418.7166041236072,1.6078,2.8448
385.0,9.0,8940,2,31.11135957703945,455.28438165020725,1.3025,6.5408
385.0,9.0,8940,2,27.398958568048247,534.7113131523481,1.311,5.5692
385.0,9.0,8940,2,20.86034410665289,667.5943171693365,1.3044,4.4607
385.0,9.0,8940,1,29.712369663475798,619.5811581791473,1.4178,3.4606
385.0,9.0,8940,0,25.590674823536784,658.3425846629783,1.5999,1.8093
385.0,9.0,8940,0,23.045924980544417,406.55473381653485,1.594,2.9299
385.0,9.0,8940,0,19.018380026344104,559.5197953387899,1.6041,2.1289
385.0,9.0,8940,2,29.580024511741755,504.08276380485654,1.2697,5.9076
385.0,9.0,8940,0,21.78543903072617,530.2644139762238,1.6052,2.2464
385.0,9.0,8940,1,31.894662132058127,633.9961569118806,1.4244,3.3819
385.0,9.0,8940,0,21.069673735629415,713.8690728411087,1.5903,1.6686
385.0,9.0,8940,0,20.692356968105777,458.5141187290547,1.5985,2.5979
385.0,9.0,8940,2,24.10718890763937,660.1369078944642,1.3456,4.5111
385.0,9.0,8940,1,19.75357209330448,721.8620984273696,1.4457,2.9702
385.0,9.0,8940,2,20.748209128100065,452.4602889338246,1.3341,6.5816
385.0,9.0,8940,1,19.01052111880949,471.39340592041714,1.4088,4.5484
385.0,9.0,8940,1,21.91291119003566,403.1081419141187,1.4411,5.3189
385.0,9.0,8940,1,27.85979012665249,716.4146832478546,1.4643,2.9928
385.0,9.0,8940,2,20.232215097888954,350.26713028241977,1.331,8.5019
385.0,9.0,8940,0,25.542850250827158,629.0384303735399,1.6175,1.8936
385.0,9.0,8940,1,20.25233459278565,437.3267118795446,1.4601,4.9027
385.0,9.0,8940,2,30.78329278858203,561.9437878177089,1.3259,5.2993
385.0,9.0,8940,0,22.990984380859047,733.1252707508258,1.6193,1.6248
385.0,9.0,8940,1,20.38198194792201,558.2578244452193,1.4641,3.8407
385.0,9.0,8940,1,21.519052148468965,419.0670827414573,1.4299,5.1164
385.0,9.0,8940,2,23.307312998071225,370.8381243339472,1.3513,8.0302
385.0,9.0,8940,2,23.182801038252585,657.8809012114777,1.3211,4.5265
385.0,9.0,8940,0,29.171148560201324,622.6513868388938,1.5907,1.9131
385.0,9.0,8940,1,24.369477398666177,730.7387965922394,1.4637,2.9342
385.0,9.0,8940,1,25.710618345558494,415.6452055425157,1.4238,5.1585
385.0,9.0,8940,1,31.766329435403566,493.21705640926723,1.4417,4.3472
385.0,9.0,8940,1,18.178466040407557,542.5863231297855,1.4594,3.9516
385.0,9.0,8940,0,20.55111828296136,457.8578712337268,1.5958,2.6016
385.0,9.0,8940,1,24.341193979798994,403.12188893362236,1.4657,5.3187
385.0,9.0,8940,0,19.83869260241606,640.7218678727065,1.6005,1.8591
385.0,9.0,8940,0,20.43231657842557,734.5971439988884,1.5924,1.6215
385.0,9.0,8940,2,19.053510905807727,427.08736232101444,1.3322,6.9726
385.0,9.0,8940,0,22.03828718958078,484.557093694532,1.6156,2.4583
385.0,9.0,8940,1,27.232484264050818,741.2243869158533,1.4752,2.8926
385.0,9.0,8940,2,21.320796737468644,491.28765016843363,1.3427,6.0615
385.0,9.0,8940,2,19.512478436488678,596.7220641729338,1.3519,4.9905
385.0,9.0,8940,1,25.228620537252368,520.6397062456234,1.429,4.1182
385.0,9.0,8940,1,26.267660807390136,550.9672912877115,1.4315,3.8915
385.0,9.0,8940,0,29.477349807470496,490.00078793866794,1.5838,2.431
385.0,9.0,8940,0,29.780244115009232,543.3776634541996,1.5844,2.1922
385.0,9.0,8940,1,21.741660911785182,394.96123231407506,1.432,5.4286
385.0,9.0,8940,0,22.3944611540269,741.0604777947949,1.5936,1.6074
385.0,9.0,8940,0,22.713197404263184,715.2819678872503,1.6025,1.6653
385.0,9.0,8940,1,31.947337942360754,598.5906695831694,1.4079,3.5819
385.0,9.0,8940,1,26.392150893776233,667.1277244618491,1.4578,3.2139
385.0,9.0,8940,0,31.40212987805296,744.2882804105816,1.6002,1.6004
385.0,9.0,8940,0,19.413822134725166,476.3541849863053,1.5893,2.5006
385.0,9.0,8940,1,31.435450764796727,694.003795283744,1.4397,3.0895
385.0,9.0,8940,2,24.909537318992086,372.1305509801628,1.2628,8.0023
385.0,9.0,8940,1,26.325519688258147,412.5682017268957,1.4635,5.197
385.0,9.0,8940,1,18.827412468079984,500.65281181431783,1.4534,4.2826
385.0,9.0,8940,2,29.228346014518664,443.00214975819836,1.3525,6.7221
385.0,9.0,8940,2,18.105777936216196,513.2924436208647,1.3475,5.8016
385.0,9.0,8940,1,18.892870842591066,356.4395528864522,1.4525,6.0153
385.0,9.0,8940,0,18.282182281599237,711.5247585701046,1.5857,1.6741
385.0,9.0,8940,2,28.333409042237456,425.60918349195606,1.3426,6.9968
385.0,9.0,8940,1,21.279380949371955,389.7775718074396,1.4126,5.5008
385.0,9.0,8940,1,22.653525708696954,508.3725109722484,1.4147,4.2176
385.0,9.0,8940,0,18.433832481004075,375.4457169449586,1.5888,3.1727
385.0,9.0,8940,0,30.8120571986588,553.9891963442021,1.6025,2.1502
385.0,9.0,8940,2,25.786785181740917,646.9264700794878,1.2693,4.6032
385.0,9.0,8940,0,24.55422783562296,723.7306971883336,1.5926,1.6459
385.0,9.0,8940,2,25.474354238926537,651.7960629829038,1.2691,4.5688
385.0,9.0,8940,2,27.2299418973327,507.91704164463545,1.3291,5.863
385.0,9.0,8940,1,26.914796078543016,656.8947318122903,1.4131,3.264
385.0,9.0,8940,1,23.07924405851865,426.5138578345871,1.4209,5.027
385.0,9.0,8940,1,24.478328417019434,554.8344957747402,1.4595,3.8644
385.0,9.0,8940,1,26.874519610104475,685.33439785335,1.4764,3.1285
385.0,9.0,8940,2,31.563584609644863,599.3233236630228,1.2647,4.9688
385.0,9.0,8940,0,24.461433145217143,716.1342969279056,1.5969,1.6633
385.0,9.0,8940,1,23.5584025559736,580.8529021880319,1.4216,3.6913
385.0,9.0,8940,1,31.266083489950972,481.4418652183647,1.4264,4.4535
385.0,9.0,8940,1,24.943015138820297,409.2597057851038,1.4215,5.239
385.0,9.0,8940,0,18.96063314364317,430.18317635276594,1.6127,2.769
385.0,9.0,8940,1,22.242308559622774,406.7176506888236,1.4581,5.2717
385.0,9.0,8940,1,18.64206036735656,635.5276199027483,1.4197,3.3737
385.0,9.0,8940,0,31.375475826408746,421.5614545146092,1.5998,2.8256
385.0,9.0,8940,1,25.855645621517834,705.2817145574984,1.4503,3.0401
385.0,9.0,8940,1,31.321548125265608,556.5895646821915,1.4331,3.8522
385.0,9.0,8940,0,22.269353367045497,477.9368295204891,1.6079,2.4923
385.0,9.0,8940,1,26.680112887154156,656.8741935690292,1.4331,3.2641
385.0,9.0,8940,0,21.06119086727728,641.764998985421,1.5836,1.8561
385.0,9.0,8940,2,26.902037470978478,591.7294179629407,1.2952,5.0326
385.0,9.0,8940,1,28.23644323513338,412.279724896815,1.425,5.2006
385.0,9.0,8940,2,22.232170080383206,705.1102683848012,1.3021,4.2233
385.0,9.0,8940,0,19.872709886370764,718.2032067851746,1.5899,1.6585
385.0,9.0,8940,0,31.980257188589626,731.4774055159842,1.6105,1.6284
385.0,9.0,8940,2,23.713280580189977,536.824790147887,1.2952,5.5473
385.0,9.0,8940,2,27.4370489206581,625.6763305493927,1.2695,4.7595
385.0,9.0,8940,0,21.417896557935535,594.4008289922116,1.5978,2.004
385.0,9.0,8940,2,19.86597262337486,682.1478553109469,1.258,4.3655
385.0,9.0,8940,2,24.355414962504756,623.4420954895485,1.2951,4.7766
385.0,9.0,8940,0,27.03298246441114,703.3676146523449,1.5898,1.6935
385.0,9.0,8940,2,19.02464432401243,642.0087166681699,1.3226,4.6384
385.0,9.0,8940,0,27.69406196137718,660.3352569529151,1.6202,1.8039
385.0,9.0,8940,2,23.577319551460256,721.7714085949806,1.3264,4.1258
385.0,9.0,8940,1,30.707869865051993,353.9192268254672,1.424,6.0582
385.0,9.0,8940,1,29.047786122087917,716.9336040166104,1.4172,2.9907
385.0,9.0,8940,1,24.73652113932173,536.4446338101615,1.4111,3.9969
385.0,9.0,8940,0,25.09828794158517,600.7233541202431,1.5976,1.9829
385.0,9.0,8940,2,27.782031065435433,692.3080371271211,1.2607,4.3014
385.0,9.0,8940,1,27.396050009845005,664.1357053550934,1.4356,3.2284
385.0,9.0,8940,2,18.224469716556268,493.7324521725645,1.2709,6.0314
385.0,9.0,8940,1,25.601334976159684,367.9841954621253,1.467,5.8266
385.0,9.0,8940,2,22.055175265706197,568.6031798349634,1.2901,5.2373
385.0,9.0,8940,2,30.53490344081904,397.6482252217676,1.3098,7.4888
385.0,9.0,8940,2,26.613715506458377,570.4718750813767,1.2788,5.2201
385.0,9.0,8940,0,30.074052530812587,724.106364306632,1.6086,1.645
385.0,9.0,8940,0,20.713690315885586,358.0297557044591,1.5839,3.327
385.0,9.0,8940,1,30.76234330034654,355.2183632911477,1.4513,6.036
385.0,9.0,8940,2,26.585671529924063,576.6028774610419,1.318,5.1646
385.0,9.0,8940,1,22.628041475368285,418.91018320284786,1.4581,5.1183
385.0,9.0,8940,0,25.950571447379595,480.99848948209456,1.5904,2.4764
385.0,9.0,8940,0,29.896069096617573,394.5798535579045,1.5867,3.0188
385.0,9.0,8940,0,25.272600997228256,491.76122057152054,1.5832,2.4222
385.0,9.0,8940,0,27.734620568904262,445.4102501838518,1.6115,2.6743
385.0,9.0,8940,1,20.963914442214335,721.5436965788263,1.4573,2.9715
385.0,9.0,8940,0,28.651012085159223,413.6472810563475,1.6052,2.8797
385.0,9.0,8940,0,29.37019981187334,537.1642134183212,1.6011,2.2175
385.0,9.0,8940,1,19.75606801671192,630.3368009894346,1.4208,3.4015
385.0,9.0,8940,1,20.241561202809493,545.8548005783905,1.4096,3.928
385.0,9.0,8940,1,19.547609062565392,664.6928354704925,1.4394,3.2257
385.0,9.0,8940,2,18.942442240946654,411.548201158551,1.2715,7.2359
385.0,9.0,8940,0,22.603190105603506,725.288795603823,1.6028,1.6423
385.0,9.0,8940,2,20.777560844449063,635.9347496817852,1.2679,4.6827
385.0,9.0,8940,1,22.43546138459326,556.8295308854351,1.4352,3.8506
385.0,9.0,8940,0,21.82875991816335,505.5948262174162,1.6081,2.356
385.0,9.0,8940,2,28.951353747495197,687.3265061876681,1.2568,4.3326
385.0,9.0,8940,0,18.80397294496526,398.960438333833,1.6193,2.9857
385.0,9.0,8940,1,19.117390117532906,579.369767875912,1.4446,3.7007
385.0,9.0,8940,0,18.38838857424506,599.7274556757503,1.6071,1.9862
385.0,9.0,8940,0,29.658326434741824,630.6847574136123,1.604,1.8887
385.0,9.0,8940,2,31.014252005830826,591.9110811350592,1.2757,5.031
385.0,9.0,8940,2,24.264962014995948,724.8948272980201,1.3007,4.1081
385.0,9.0,8940,1,25.070390417452774,648.7297022369104,1.466,3.3051
385.0,9.0,8940,2,25.52506666542662,455.3710960588254,1.305,6.5395
385.0,9.0,8940,1,18.972569937319392,520.4898276950915,1.4698,4.1194
385.0,9.0,8940,0,21.55527126796571,691.7200070198725,1.6122,1.722
385.0,9.0,8940,0,25.81959729386407,618.4803860311424,1.6091,1.926
385.0,9.0,8940,2,28.084562574219497,623.711638460403,1.2915,4.7745
385.0,9.0,8940,2,26.480630019299777,485.60879552148435,1.2629,6.1323
385.0,9.0,8940,1,28.65276216009543,563.5899094852514,1.4435,3.8044
385.0,9.0,8940,0,26.469735495077785,386.47198573927216,1.6162,3.0822
385.0,9.0,8940,2,28.736867423287443,421.2116418201919,1.3031,7.0699
385.0,9.0,8940,2,27.706810818163035,371.0728730946162,1.2987,8.0252
385.0,9.0,8940,1,31.064368350686607,720.9556672496873,1.4591,2.974
385.0,9.0,8940,0,31.065900662910614,431.00125149174653,1.5863,2.7637
385.0,9.0,8940,1,27.756304685271495,449.5551119579434,1.4589,4.7694
385.0,9.0,8940,1,31.63285769820356,564.2856158120218,1.4685,3.7997
385.0,9.0,8940,0,19.11278697185479,699.3462123266956,1.5905,1.7033
385.0,9.0,8940,1,20.149784975463884,572.8567760946198,1.4484,3.7428
385.0,9.0,8940,0,29.904817232025742,457.2743948085779,1.5959,2.6049
385.0,9.0,8940,2,25.152163813003757,542.23557782549,1.3341,5.4919
385.0,9.0,8940,2,26.11817133465252,588.4228156486856,1.2554,5.0608
385.0,9.0,8940,2,23.53000845270112,404.02271315422456,1.3072,7.3707
385.0,9.0,8940,1,21.16710313882351,565.8184575633727,1.4117,3.7894
385.0,9.0,8940,1,26.80843038621184,481.56899283244036,1.4766,4.4523
385.0,9.0,8940,0,31.04441623741355,621.3933015481994,1.5819,1.9169
385.0,9.0,8940,2,25.882610138564345,604.9296560291539,1.2559,4.9228
385.0,9.0,8940,1,22.109076906369477,590.6898545304789,1.4655,3.6298
385.0,9.0,8940,0,25.0726139379983,584.328520592982,1.583,2.0385
385.0,9.0,8940,1,26.118373253858717,680.0196534897909,1.4113,3.153
385.0,9.0,8940,0,31.366087569193667,697.7247233486719,1.5986,1.7072
385.0,9.0,8940,0,24.74201742960824,748.1712509323529,1.5901,1.5921
385.0,9.0,8940,1,30.831667072992403,393.92560617906855,1.4099,5.4429
385.0,9.0,8940,2,24.19810536534279,460.085498872045,1.3,6.4725
385.0,9.0,8940,0,29.508356891690966,638.6690015527815,1.5905,1.8651
385.0,9.0,8940,2,20.042750762443617,619.1192911258822,1.268,4.8099
385.0,9.0,8940,1,19.492602790957264,437.53223578073124,1.439,4.9004
385.0,9.0,8940,0,21.517886347425755,665.6674570153759,1.5929,1.7894
385.0,9.0,8940,1,24.5606566375781,555.7011246047639,1.4285,3.8584
385.0,9.0,8940,2,22.85691032203247,398.9573494094869,1.265,7.4643
385.0,9.0,8940,0,27.890187593305,351.819118122909,1.6151,3.3857
385.0,9.0,8940,1,18.56132112758179,403.9512161937339,1.4324,5.3078
385.0,9.0,8940,2,28.087350373220488,738.1073753170872,1.3114,4.0345
385.0,9.0,8940,1,24.55142357522794,360.9062265028853,1.4613,5.9409
385.0,9.0,8940,2,31.971412226472772,382.01409207125187,1.258,7.7953
385.0,9.0,8940,0,20.729004704644545,460.85029518707154,1.6115,2.5847
385.0,9.0,8940,1,25.246020258501822,720.2120560645174,1.4093,2.977
385.0,9.0,8940,0,20.778423589375723,739.9033918494306,1.5937,1.6099
385.0,9.0,8940,1,19.802179663069744,446.00267965942226,1.467,4.8074
385.0,9.0,8940,2,21.838056379570396,404.746577809515,1.2683,7.3575
385.0,9.0,8940,1,31.215079816216594,620.2548788728747,1.449,3.4568
385.0,9.0,8940,2,29.322846900314218,488.5933795368602,1.3444,6.0949
385.0,9.0,8940,2,23.045171117785607,625.6788917852344,1.34,4.7595
385.0,9.0,8940,1,18.975130170109598,593.0587492099505,1.4713,3.6153
385.0,9.0,8940,2,21.7195003148033,570.0727108876019,1.3075,5.2238
385.0,9.0,8940,2,29.79318956951903,608.0711724070018,1.2605,4.8973
385.0,9.0,8940,0,22.15410441370051,637.9825883113351,1.5921,1.8671
385.0,9.0,8940,0,23.576630922364146,529.8799807997063,1.6096,2.248
385.0,9.0,8940,0,26.60101772777641,571.2597526578065,1.5846,2.0852
385.0,9.0,8940,0,29.734163584778216,730.797948150502,1.6003,1.63
385.0,9.0,8940,1,24.978396939286522,555.5521256978668,1.428,3.8594
385.0,9.0,8940,1,22.63371483717919,444.93791620611887,1.4547,4.8189
385.0,9.0,8940,1,21.724620754109676,373.3413574186185,1.4743,5.743
385.0,9.0,8940,1,27.11376111389945,386.8672676353028,1.4502,5.5422
385.0,9.0,8940,1,30.97031022114192,664.721887873605,1.4733,3.2256
385.0,9.0,8940,0,24.358888058653307,403.34029507185403,1.5898,2.9533
385.0,9.0,8940,1,30.12878793043903,475.125214773484,1.451,4.5127
385.0,9.0,8940,2,23.35957897434384,638.8251866111179,1.3412,4.6616
385.0,9.0,8940,0,20.260214550297725,606.3448171717902,1.616,1.9645
385.0,9.0,8940,2,30.917631702734745,433.65372440896056,1.3048,6.867
385.0,9.0,8940,2,18.46581421528919,412.91096501746784,1.2878,7.212
385.0,9.0,8940,1,27.56423607164874,457.80355778756797,1.4122,4.6835
385.0,9.0,8940,1,28.387946210991025,363.3418583018751,1.456,5.9011
385.0,9.0,8940,0,28.964574621587662,662.6991655100494,1.6035,1.7974
385.0,9.0,8940,0,26.45434106783162,499.57899024872495,1.5916,2.3843
385.0,9.0,8940,2,27.42954783338451,583.6556624286067,1.2632,5.1022
385.0,9.0,8940,0,29.93562604200207,403.6182767206088,1.6006,2.9512
385.0,9.0,8940,0,31.3732544894203,605.6440674447637,1.6088,1.9668
385.0,9.0,8940,1,18.405599133888796,601.5055413678451,1.4778,3.5646
385.0,9.0,8940,2,18.12046180998301,395.82051086142707,1.3425,7.5234
385.0,9.0,8940,2,31.06322650705377,368.28600517703285,1.3391,8.0859
385.0,9.0,8940,0,23.58388121100858,393.573905785112,1.6176,3.0265
385.0,9.0,8940,1,27.657593568882916,740.1179481430836,1.4332,2.897
385.0,9.0,8940,1,25.639719998997595,490.15682821978857,1.4115,4.3743
385.0,9.0,8940,1,24.338495740026616,468.06416444171015,1.4733,4.5808
385.0,9.0,8940,2,28.093836579332546,690.4488023736192,1.2597,4.313
385.0,9.0,8940,1,21.29485031093511,409.8086775351013,1.4526,5.232
385.0,9.0,8940,0,22.31292416111711,631.6501854369103,1.5889,1.8858
385.0,9.0,8940,1,27.8643261111294,512.928536094794,1.4516,4.1801
385.0,9.0,8940,1,25.312380376834927,732.1395813271256,1.457,2.9285
385.0,9.0,8940,1,25.423077824494666,508.7326495177035,1.4773,4.2146
385.0,9.0,8940,2,20.082269132128438,472.6295109468293,1.2882,6.3007
385.0,9.0,8940,2,23.58859964286832,448.10775027985545,1.3032,6.6455
385.0,9.0,8940,2,27.66175324310235,431.36958586270777,1.3222,6.9034
385.0,9.0,8940,1,29.016645322663024,738.9708409304295,1.4752,2.9015
385.0,9.0,8940,2,18.14297929745503,730.5557562122716,1.2581,4.0762
385.0,9.0,8940,1,31.159847569020986,738.4486281652892,1.4526,2.9035
385.0,9.0,8940,2,26.970123769522587,449.2631585759281,1.3036,6.6285
385.0,9.0,8940,2,30.41242048371295,352.51915609154423,1.2648,8.4475
385.0,9.0,8940,2,18.63548587821191,577.9743644775056,1.2565,5.1523
385.0,9.0,8940,0,31.453797541827484,512.5942097465759,1.5969,2.3238
385.0,9.0,8940,2,24.90558779629025,747.6364701876792,1.3015,3.9831
385.0,9.0,8940,2,23.289344970646123,614.1951043339905,1.3519,4.8485
385.0,9.0,8940,2,21.370792267985305,513.8678527365424,1.2935,5.7951
385.0,9.0,8940,0,30.41398025677849,694.485594863634,1.5826,1.7152
385.0,9.0,8940,1,30.519671064491867,699.6199507704675,1.4638,3.0647
385.0,9.0,8940,1,18.37248761760608,563.144678932207,1.4112,3.8074
385.0,9.0,8940,1,29.223585946111605,561.9763516660537,1.4453,3.8153
385.0,9.0,8940,2,27.54457765400695,740.9573210149813,1.2757,4.019
385.0,9.0,8940,1,25.307488435698556,384.42227155404123,1.4338,5.5775
385.0,9.0,8940,0,22.16555303135561,440.8169388737063,1.6207,2.7022
385.0,9.0,8940,1,23.13185324086148,593.4184575483088,1.4331,3.6131
385.0,9.0,8940,2,21.681937399534956,577.5080657244546,1.3475,5.1565
385.0,9.0,8940,2,27.09124160384371,367.5963572833957,1.2856,8.1011
385.0,9.0,8940,1,23.398383913344453,681.4841816749231,1.4522,3.1462
385.0,9.0,8940,1,30.049329026955387,422.6249971525465,1.4576,5.0733
385.0,9.0,8940,2,29.484554120739574,700.9788544126684,1.2822,4.2482
385.0,9.0,8940,1,29.77212466986419,684.6394659443881,1.4687,3.1317
385.0,9.0,8940,1,28.932215645751768,567.2094337058259,1.4325,3.7801
385.0,9.0,8940,2,29.888484473742533,560.5808066637354,1.3136,5.3122
385.0,9.0,8940,0,27.5433765882011,557.4463580465731,1.5961,2.1368
385.0,9.0,8940,1,30.15454059764393,573.0032256145092,1.4085,3.7419
385.0,9.0,8940,1,23.729949990305755,530.6319128163948,1.4077,4.0407
385.0,9.0,8940,1,28.283706409080594,567.4270203176158,1.4557,3.7786
385.0,9.0,8940,0,25.019604324305554,417.09718724896356,1.6087,2.8559
385.0,9.0,8940,1,24.4874120704405,480.51949657535954,1.4446,4.462
385.0,9.0,8940,1,20.426835182689096,697.8123825729908,1.4203,3.0726
385.0,9.0,8940,0,20.34058779402763,463.58721750217217,1.62,2.5695
385.0,9.0,8940,1,29.296747485313304,523.5884912098346,1.4709,4.095
385.0,9.0,8940,2,29.66754989385692,576.5842716067244,1.26,5.1648
385.0,9.0,8940,0,29.7762289828647,447.49786736902996,1.6126,2.6618
385.0,9.0,8940,1,28.94101527157523,695.3816758799976,1.4604,3.0833
385.0,9.0,8940,2,20.700333634814584,420.8863122858922,1.2968,7.0754
385.0,9.0,8940,2,19.302944414978782,564.5550906106446,1.2746,5.2748
385.0,9.0,8940,2,23.241516815542106,504.2794668099999,1.3372,5.9053
385.0,9.0,8940,0,21.402057593248006,439.8822290056651,1.5895,2.7079
385.0,9.0,8940,2,29.03063669904811,626.5004114997356,1.3436,4.7533
385.0,9.0,8940,2,30.766131229422847,728.9709522659484,1.3303,4.0851
385.0,9.0,8940,2,22.374204802890915,735.8494192253991,1.275,4.0469
385.0,9.0,8940,2,18.151275849069687,682.047115996972,1.2946,4.3661
385.0,9.0,8940,1,23.75165186570208,397.3152639561208,1.4251,5.3965
385.0,9.0,8940,2,29.877197161015218,670.0781972918453,1.3225,4.4441
385.0,9.0,8940,1,24.320077588146937,490.56890986743144,1.4074,4.3706
385.0,9.0,8940,2,29.987178509233516,716.4883897805859,1.2685,4.1563
385.0,9.0,8940,2,18.99211903061398,737.4009858284264,1.3521,4.0384
385.0,9.0,8940,2,24.866415090382674,657.0668088260852,1.3498,4.5321
385.0,9.0,8940,1,18.525383158177085,656.8258996258883,1.4315,3.2643
385.0,9.0,8940,1,19.89800584098051,748.6912658490223,1.4215,2.8638
385.0,9.0,8940,1,21.36289338597636,717.9121358381398,1.4194,2.9866
385.0,9.0,8940,1,30.93343620740861,732.5026126457483,1.4579,2.9271
385.0,9.0,8940,0,28.437012845941595,352.1632433063219,1.6202,3.3824
385.0,9.0,8940,0,20.46351924553812,506.5184621101274,1.6146,2.3517
385.0,9.0,8940,2,26.2200622607214,494.24471747106486,1.2688,6.0252
385.0,9.0,8940,0,24.458171140946337,418.3039143221156,1.5841,2.8476
385.0,9.0,8940,0,18.4459888096495,647.6114020201924,1.5971,1.8393
385.0,9.0,8940,2,28.215697839978567,372.94298078653276,1.2663,7.9849
385.0,9.0,8940,1,19.82385708374009,667.8978896044134,1.4531,3.2102
385.0,9.0,8940,1,29.17130832843311,372.58147149511774,1.4556,5.7547
385.0,9.0,8940,2,26.156284397100325,667.464345519644,1.3115,4.4615
385.0,9.0,8940,0,30.61485718481808,574.8370888585275,1.5925,2.0722
385.0,9.0,8940,1,30.66718949984012,676.7283636294331,1.43,3.1683
385.0,9.0,8940,0,26.89198166912721,716.6312098841993,1.5842,1.6622
385.0,9.0,8940,2,27.666400313129564,669.5934960377942,1.3167,4.4474
385.0,9.0,8940,2,22.78187389308146,395.40270018841284,1.273,7.5314
385.0,9.0,8940,2,29.818547854258714,726.2737925544031,1.3066,4.1003
385.0,9.0,8940,2,26.244363094917357,539.824823605327,1.2696,5.5165
385.0,9.0,8940,2,19.606477786945476,728.5077154850717,1.2636,4.0877
385.0,9.0,8940,1,27.605672383799003,547.7942973124018,1.4315,3.9141
385.0,9.0,8940,0,29.802257063466854,680.8813893687185,1.5944,1.7494
385.0,9.0,8940,0,23.030531798766514,742.361485326328,1.5818,1.6046
385.0,9.0,8940,1,26.526338155373942,456.49575467637936,1.4646,4.6969
385.0,9.0,8940,1,22.957034502877356,734.0293212939706,1.4585,2.921
385.0,9.0,8940,1,24.28523000384728,509.2002246783693,1.4088,4.2107
385.0,9.0,8940,0,23.447128860961378,413.7585538347845,1.5857,2.8789
385.0,9.0,8940,1,29.463974106006916,404.5274168835832,1.459,5.3003
385.0,9.0,8940,0,27.581471472902052,434.08076680890304,1.6013,2.7441
385.0,9.0,8940,1,23.109286827383507,549.2841684880339,1.4436,3.9034
385.0,9.0,8940,0,18.983095898357792,712.5366917168496,1.6207,1.6717
385.0,9.0,8940,0,19.17346420262708,389.4373706419916,1.5916,3.0587
385.0,9.0,8940,0,30.816482231398027,492.8307985755448,1.5972,2.417
385.0,9.0,8940,0,31.51910486446387,698.5141988363691,1.5874,1.7053
385.0,9.0,8940,0,30.85774116969106,615.5108897983627,1.598,1.9353
385.0,9.0,8940,1,25.53248985321337,487.06816113626667,1.4321,4.4021
385.0,9.0,8940,2,19.60065090897129,405.44960817364637,1.2642,7.3447
385.0,9.0,8940,2,31.632869831396377,648.8142478440983,1.3297,4.5898
385.0,9.0,8940,1,24.81279841254898,570.6041694153238,1.4715,3.7576
385.0,9.0,8940,1,27.25672700893742,378.44851115093235,1.4429,5.6655
385.0,9.0,8940,1,31.61368462593284,434.7142047133736,1.4703,4.9322
385.0,9.0,8940,0,22.332663228768062,477.50408152601204,1.5873,2.4946
385.0,9.0,8940,2,19.172897529275605,544.2395003680418,1.3524,5.4717
385.0,9.0,8940,0,18.769751404616482,577.2121081591998,1.5835,2.0637
385.0,9.0,8940,0,28.52110323242635,500.5045684561305,1.6023,2.3799
385.0,9.0,8940,1,26.885146773020402,386.0858033037342,1.423,5.5534
385.0,9.0,8940,1,19.753315740057133,504.2879610802513,1.4381,4.2517
385.0,9.0,8940,0,31.613904998408252,385.4413881552949,1.6078,3.0904
385.0,9.0,8940,1,26.67207415657493,679.0318591681707,1.4689,3.1576
385.0,9.0,8940,1,26.308632763805438,441.719328900748,1.4394,4.854
385.0,9.0,8940,1,31.24501760933086,592.0465783822435,1.4472,3.6215
385.0,9.0,8940,0,27.006343221126393,509.62304110851017,1.6161,2.3374
385.0,9.0,8940,2,20.385706810490465,568.2259886526995,1.2624,5.2407
385.0,9.0,8940,2,18.134555853027926,574.4519278108629,1.2628,5.1839
385.0,9.0,8940,0,27.4783283587846,722.7272563345323,1.6108,1.6482
385.0,9.0,8940,0,19.71474742421982,414.9963560062839,1.6165,2.8703
385.0,9.0,8940,0,22.07304459953277,401.24683373378167,1.5877,2.9687
385.0,9.0,8940,2,23.053557586080117,695.0343131752879,1.282,4.2846
385.0,9.0,8940,1,28.882469435330695,557.9866719689511,1.4666,3.8426
385.0,9.0,8940,1,31.713410654017313,442.56465378077655,1.4195,4.8447
385.0,9.0,8940,2,20.71179985148391,481.6801772583624,1.272,6.1824
385.0,9.0,8940,0,23.516883667258636,606.852285929863,1.6046,1.9629
385.0,9.0,8940,2,18.42971235144004,510.49655237363265,1.2697,5.8334
385.0,9.0,8940,2,24.41480873365433,500.3712484708701,1.3426,5.9514
385.0,9.0,8940,0,22.256490303311733,636.5350404990173,1.6011,1.8713
385.0,9.0,8940,2,27.372468799930147,644.6247150026763,1.3385,4.6196
385.0,9.0,8940,0,22.82103853094404,665.3111238004172,1.595,1.7904
385.0,9.0,8940,1,31.71054374817077,558.6985811478745,1.4294,3.8377
385.0,9.0,8940,2,19.043990113684035,421.6762011648441,1.3178,7.0621
385.0,9.0,8940,0,22.760111561192097,425.66481973205714,1.6044,2.7984
385.0,9.0,8940,0,29.130881734789508,386.03734831038105,1.6182,3.0856
385.0,9.0,8940,1,29.963507309546873,456.31216995161833,1.4777,4.6988
385.0,9.0,8940,0,29.126189213088097,628.0965312987123,1.5948,1.8965
385.0,9.0,8940,1,21.35212075092636,438.35708393082024,1.4363,4.8912
385.0,9.0,8940,1,19.029056684728683,489.36791780501426,1.4637,4.3814
385.0,9.0,8940,0,27.58003287987004,486.29388739634646,1.6161,2.4495
385.0,9.0,8940,2,21.146055631839523,666.2175663675591,1.279,4.4699
385.0,9.0,8940,2,28.25036506133022,573.8101093509341,1.2917,5.1897
385.0,9.0,8940,0,30.279783545762655,514.5558999950466,1.6024,2.3149
385.0,9.0,8940,2,27.197319002153584,737.5526047935291,1.3057,4.0376
385.0,9.0,8940,1,22.758863866153696,635.7281238935639,1.4227,3.3727
385.0,9.0,8940,2,31.90000197190288,692.9656339569051,1.2777,4.2974
385.0,9.0,8940,2,23.331085037165224,570.8026785596751,1.2661,5.2171
385.0,9.0,8940,0,31.701740590170264,369.1345516102157,1.5983,3.2269
385.0,9.0,8940,1,26.850843124832576,480.6629329979856,1.4313,4.4607
385.0,9.0,8940,0,27.110862069313505,692.9201002653166,1.6006,1.7191
385.0,9.0,8940,2,24.671485186922812,495.4234525392135,1.2908,6.0109
385.0,9.0,8940,0,24.183318619976948,579.5784565196094,1.6039,2.0552
385.0,9.0,8940,1,20.40220929037709,728.4949227276272,1.4207,2.9432
385.0,9.0,8940,2,22.070474750358564,384.88150004996015,1.3425,7.7372
385.0,9.0,8940,1,28.709336107740853,599.3251649029863,1.4579,3.5775
385.0,9.0,8940,2,20.146016762828996,468.2445496865794,1.3319,6.3598
385.0,9.0,8940,0,23.7664165139005,574.2590717411201,1.6175,2.0743
385.0,9.0,8940,1,18.189044112751404,499.88890591279437,1.4139,4.2892
385.0,9.0,8940,0,29.35782023320228,378.650656589486,1.6025,3.1458
385.0,9.0,8940,2,20.590600596739232,436.93776907446977,1.3417,6.8154
385.0,9.0,8940,2,27.507528189994055,565.4173872087549,1.3385,5.2668
385.0,9.0,8940,0,19.7255870134636,405.8939393443515,1.6145,2.9347
385.0,9.0,8940,1,31.5240236402364,440.3031629738541,1.4486,4.8696
385.0,9.0,8940,2,30.660155013345936,744.6157973204015,1.2939,3.9993
385.0,9.0,8940,1,28.956830138949954,509.6821280361828,1.441,4.2067
385.0,9.0,8940,2,31.08924925168673,624.5608971212957,1.2894,4.768
385.0,9.0,8940,2,20.29861893066996,590.538550134454,1.3345,5.0427
385.0,9.0,8940,2,22.36587932612503,736.6153900448029,1.3465,4.0427
385.0,9.0,8940,0,26.021895651757973,363.69849433406347,1.6088,3.2752
385.0,9.0,8940,2,30.87550351885494,734.1842887326626,1.2718,4.0561
385.0,9.0,8940,1,21.218729668376255,715.6056600129496,1.4105,2.9962
385.0,9.0,8940,2,19.083837079121714,525.8327050763937,1.3512,5.6632
385.0,9.0,8940,1,29.80857440666665,640.3438547529969,1.4158,3.3484
385.0,9.0,8940,0,29.80908493451208,747.0508581759908,1.615,1.5945
385.0,9.0,8940,1,19.881612853453394,630.6650450411796,1.4296,3.3997
385.0,9.0,8940,2,30.2023415962883,745.2269428463298,1.2965,3.996
385.0,9.0,8940,0,22.98488663955182,359.637580685079,1.5884,3.3121
385.0,9.0,8940,2,30.88080783884307,622.6926901146719,1.3218,4.7823
385.0,9.0,8940,0,21.71199118049293,404.27623027063646,1.5996,2.9464
385.0,9.0,8940,0,20.50884803399275,402.8120229303013,1.5886,2.9571
385.0,9.0,8940,2,28.381739919573448,419.0034836722714,1.3373,7.1071
385.0,9.0,8940,2,23.91032123285759,535.5364204086751,1.2731,5.5606
385.0,9.0,8940,0,21.971019823904058,623.8481933205811,1.6114,1.9094
385.0,9.0,8940,1,25.34242273288318,675.2496637464365,1.4367,3.1753
385.0,9.0,8940,0,24.003598532013953,660.8443500743132,1.5824,1.8025
385.0,9.0,8940,2,23.975927947088103,622.65282378134,1.3198,4.7826
385.0,9.0,8940,1,24.854566521407587,368.0312327706455,1.4361,5.8259
385.0,9.0,8940,2,23.934360010870183,709.1962177474655,1.2863,4.199
385.0,9.0,8940,1,29.60675088231902,531.9918864227999,1.4379,4.0303
385.0,9.0,8940,2,22.078610429215786,649.1153817813852,1.281,4.5877
385.0,9.0,8940,1,24.720764657796252,455.69522808268056,1.45,4.7051
385.0,9.0,8940,0,30.81646120988487,578.6765244946899,1.6178,2.0584
385.0,9.0,8940,0,19.628628307148418,350.82935610118284,1.595,3.3953
385.0,9.0,8940,1,30.663665573644593,486.1308593676642,1.4759,4.4105
385.0,9.0,8940,0,29.813109993070846,606.3271578617298,1.5947,1.9646
385.0,9.0,8940,1,26.189297548562195,482.1231878786816,1.4114,4.4472
385.0,9.0,8940,0,24.08999050352421,581.420033690248,1.5857,2.0487
385.0,9.0,8940,0,26.273889397930766,702.0039716107717,1.5968,1.6968
385.0,9.0,8940,2,23.773286649783955,575.7264823230178,1.3335,5.1725
385.0,9.0,8940,1,27.38549062061773,366.0114980544996,1.4298,5.858
385.0,9.0,8940,1,31.187732855066237,705.566291570714,1.4561,3.0388
385.0,9.0,8940,0,18.278039144028327,608.32563001004,1.5946,1.9581
385.0,9.0,8940,0,29.91406169850466,691.824984827992,1.5926,1.7218
385.0,9.0,8940,0,30.511504973363493,529.2415651348485,1.5827,2.2507
385.0,9.0,8940,1,27.287407200702198,609.4923025137659,1.4358,3.5178
385.0,9.0,8940,2,25.15955043987799,456.771011415164,1.2714,6.5195
385.0,9.0,8940,2,25.083531421714653,356.593642717919,1.3521,8.351
385.0,9.0,8940,1,29.166554958039,491.50228080497914,1.469,4.3623
385.0,9.0,8940,2,29.17222987212474,365.38975903361836,1.2756,8.15
385.0,9.0,8940,2,28.651359339391345,656.7758755352113,1.2767,4.5341
385.0,9.0,8940,1,24.456441467998225,640.6801865180787,1.4409,3.3466
385.0,9.0,8940,2,20.57784201682565,708.5881580416451,1.3095,4.2026
385.0,9.0,8940,1,28.261241692899603,675.8359894199789,1.4216,3.1725
385.0,9.0,8940,1,19.654860139292932,679.75730753462,1.4372,3.1542
385.0,9.0,8940,0,29.415286022609124,470.2823436303918,1.6026,2.5329
385.0,9.0,8940,1,18.21621826429256,643.5251970256188,1.4553,3.3318
385.0,9.0,8940,0,22.61514367122632,680.4959369231522,1.6169,1.7504
385.0,9.0,8940,0,18.24189732986733,431.8878472116579,1.5905,2.758
385.0,9.0,8940,1,25.563111281308387,676.7173175398218,1.4482,3.1684
385.0,9.0,8940,1,21.677492179986046,712.9392945207851,1.4134,3.0074
385.0,9.0,8940,0,22.20607805604815,672.5913217469667,1.6101,1.771
385.0,9.0,8940,1,27.07063644168474,603.996687819655,1.4512,3.5499
385.0,9.0,8940,1,28.066110205545378,397.0927664104781,1.4416,5.3995
385.0,9.0,8940,2,20.657635509073067,378.2870159672917,1.297,7.8721
385.0,9.0,8940,0,28.797711474127638,636.1922755703307,1.5982,1.8723
385.0,9.0,8940,0,30.961032189718097,489.33296061036873,1.6068,2.4343
385.0,9.0,8940,0,19.621206313653488,692.5500131594167,1.5852,1.72
385.0,9.0,8940,1,25.185065839017746,509.6376712586549,1.4125,4.2071
385.0,9.0,8940,1,28.361115645651488,631.1393635812249,1.4561,3.3972
385.0,9.0,8940,1,20.812794364429696,633.7425535602692,1.4079,3.3832
385.0,9.0,8940,1,21.88070846773506,595.6846990829848,1.4175,3.5994
385.0,9.0,8940,2,28.867904162486756,622.7045670242157,1.2834,4.7822
385.0,9.0,8940,0,31.947267033975002,603.061624896353,1.6078,1.9752
385.0,9.0,8940,2,28.00539094380836,627.7668536778067,1.3217,4.7437
385.0,9.0,8940,2,31.25940371381018,749.984422827365,1.2739,3.9706
385.0,9.0,8940,2,25.688115683658772,654.400956169517,1.3383,4.5506
385.0,9.0,8940,2,31.543091908758555,607.8033361976077,1.2624,4.8995
385.0,9.0,8940,0,31.650254351400143,668.1386663789829,1.5981,1.7828
385.0,9.0,8940,0,31.048245623269995,435.735289288841,1.6002,2.7337
385.0,9.0,8940,1,23.072371682784677,508.6347782368982,1.4501,4.2154
385.0,9.0,8940,1,27.664637866989985,734.3027562864293,1.4207,2.9199
385.0,9.0,8940,1,26.768675898490148,373.4842407866532,1.416,5.7408
385.0,9.0,8940,0,28.655793462994524,394.52851605616036,1.5943,3.0192
385.0,9.0,8940,2,27.090099410792217,691.8965554285019,1.3262,4.304
385.0,9.0,8940,1,25.646894605459035,683.2144987276118,1.4581,3.1383
385.0,9.0,8940,0,19.887278043649328,569.3214221979136,1.6187,2.0923
385.0,9.0,8940,0,19.94309669446941,620.1251763522748,1.6077,1.9209
385.0,9.0,8940,1,21.443250965043788,505.3272706048275,1.4246,4.243
385.0,9.0,8940,2,27.824763974142314,413.68199070886965,1.2781,7.1986
385.0,9.0,8940,0,27.28932766212991,705.581008982232,1.6067,1.6882
385.0,9.0,8940,0,19.805367367507053,376.55929037378803,1.609,3.1633
385.0,9.0,8940,0,19.736948952898796,660.6835267961551,1.5858,1.8029
385.0,9.0,8940,2,19.521492914985814,479.3537554177846,1.2872,6.2124
385.0,9.0,8940,2,24.66490577620037,557.4889091708139,1.2763,5.3417
385.0,9.0,8940,2,22.342188894104762,624.051309366014,1.3297,4.7719
385.0,9.0,8940,0,26.62883463355851,662.9085489739626,1.582,1.7969
385.0,9.0,8940,2,21.559533455668497,564.0354016248452,1.2588,5.2797
385.0,9.0,8940,0,20.568725284840507,717.4005402892894,1.6201,1.6604
385.0,9.0,8940,1,21.128281325423824,524.9633294713085,1.4365,4.0843
385.0,9.0,8940,0,22.275360445380773,646.7320331362685,1.6187,1.8418
385.0,9.0,8940,1,25.10444020584055,582.8469860383005,1.441,3.6787
385.0,9.0,8940,0,22.446307478411185,712.2177968620817,1.6177,1.6725
385.0,9.0,8940,0,22.988520172930333,419.1419573410138,1.5981,2.8419
385.0,9.0,8940,2,29.734713188743477,565.6283691768783,1.2616,5.2648
385.0,9.0,8940,2,19.291322022184797,593.758559420366,1.28,5.0154
385.0,9.0,8940,1,26.527440141892342,390.4126873627995,1.4221,5.4919
385.0,9.0,8940,1,27.201644036321795,479.49681848972466,1.4425,4.4716
385.0,9.0,8940,1,23.3725215313198,423.4582671583131,1.4468,5.0633
385.0,9.0,8940,1,26.70561931184033,672.0653341105942,1.4146,3.1903
385.0,9.0,8940,2,26.46024676001688,536.3801588393056,1.2675,5.5519
385.0,9.0,8940,0,22.130501742769404,588.3631612086674,1.6108,2.0245
385.0,9.0,8940,0,21.77096420006747,355.1598241890932,1.5841,3.3539
385.0,9.0,8940,1,18.24163392364212,573.9915000910004,1.444,3.7354
385.0,9.0,8940,0,31.428340143235797,641.5113265783792,1.607,1.8568
385.0,9.0,8940,1,22.069951916481866,618.972594282751,1.4448,3.464
385.0,9.0,8940,1,25.974661713291802,409.2940831799239,1.4652,5.2385
385.0,9.0,8940,2,25.408803699274117,670.3407680152,1.2925,4.4424
385.0,9.0,8940,0,18.48219064541803,522.6736753154133,1.6083,2.279
385.0,9.0,8940,1,29.29802069021026,681.0233305628628,1.4623,3.1484
385.0,9.0,8940,0,28.596994098871626,391.6634961673184,1.5944,3.0413
385.0,9.0,8940,0,18.64149659636935,631.8682874660798,1.5848,1.8852
385.0,9.0,8940,2,28.779779964785074,571.6064352745198,1.297,5.2097
385.0,9.0,8940,1,29.078845866630147,635.0952140180532,1.4372,3.376
385.0,9.0,8940,2,24.294332628386236,743.2127816349869,1.2744,4.0068
385.0,9.0,8940,0,24.669665566015794,558.6682133299909,1.5999,2.1322
385.0,9.0,8940,1,23.652224793995767,732.5002512402882,1.4335,2.9271
385.0,9.0,8940,1,22.015295480708392,676.2462243905356,1.415,3.1706
385.0,9.0,8940,1,24.171570360739313,475.4354836949191,1.4767,4.5098
385.0,9.0,8940,2,30.517988423833003,472.16176934733255,1.3089,6.307
385.0,9.0,8940,2,31.98861722476774,732.9330279359272,1.3521,4.063
385.0,9.0,8940,1,18.72109475507405,380.53067222947925,1.4699,5.6345
385.0,9.0,8940,0,21.3124980631104,541.7906428779079,1.6006,2.1986
385.0,9.0,8940,2,25.28955309696054,697.582444959328,1.2914,4.2689
385.0,9.0,8940,1,22.31176838869766,745.2495030369098,1.427,2.877
385.0,9.0,8940,0,24.894360670606414,736.9913203631186,1.6054,1.6163
385.0,9.0,8940,2,22.581194319661062,540.6889357583518,1.3409,5.5076
385.0,9.0,8940,0,30.103140396915705,452.44149196101404,1.6067,2.6328
385.0,9.0,8940,2,31.347368960441127,481.3016036205919,1.3081,6.1872
385.0,9.0,8940,2,21.173448888238898,734.7573892355165,1.3517,4.0529
385.0,9.0,8940,0,26.92781030769779,381.8165094293771,1.5857,3.1197
385.0,9.0,8940,2,20.80369328677974,381.2034762386021,1.352,7.8119
385.0,9.0,8940,0,27.732576912803488,479.1793848499906,1.5861,2.4858
385.0,9.0,8940,2,25.794661260028295,436.1539790086484,1.3427,6.8277
385.0,9.0,8940,2,30.070202847802516,457.7399999282161,1.2861,6.5057
385.0,9.0,8940,2,28.374523368345983,632.7495076935165,1.2815,4.7063
385.0,9.0,8940,0,26.97225111670837,609.4468010322325,1.6018,1.9545
385.0,9.0,8940,0,20.6038871621751,372.3709331593569,1.6128,3.1989
385.0,9.0,8940,0,24.102377370796,413.334616356209,1.6209,2.8818
385.0,9.0,8940,1,22.59306926910862,642.337564285864,1.4616,3.338
385.0,9.0,8940,1,30.30966588276287,695.2825500440849,1.4266,3.0838
385.0,9.0,8940,1,22.645151925704404,641.4884696578542,1.411,3.3424
385.0,9.0,8940,0,30.709274776567835,525.109652199567,1.6022,2.2684
385.0,9.0,8940,1,25.120911516791207,515.9467739460301,1.4602,4.1557
385.0,9.0,8940,1,20.644977989899928,651.7348083406745,1.4416,3.2898
385.0,9.0,8940,1,24.327163094892093,694.0903129064911,1.4305,3.0891
385.0,9.0,8940,2,20.528260064451366,414.76893700476705,1.3425,7.1797
385.0,9.0,8940,0,21.66792359219888,530.4205926719613,1.5985,2.2457
385.0,9.0,8940,2,19.766577802695053,478.76984230674105,1.291,6.2199
385.0,9.0,8940,1,20.948715144946732,692.5736253707882,1.4274,3.0958
385.0,9.0,8940,2,27.01727333448089,472.903558503559,1.3102,6.2971
385.0,9.0,8940,0,21.642290285701236,388.2251250272184,1.6014,3.0682
385.0,9.0,8940,1,31.774106777480085,475.90856332121837,1.4731,4.5053
385.0,9.0,8940,1,29.675731323464788,477.754863787385,1.4368,4.4879
385.0,9.0,8940,2,31.425086844234496,589.889739415318,1.3482,5.0483
385.0,9.0,8940,0,18.8589323559044,450.7550411225843,1.6097,2.6426
385.0,9.0,8940,1,28.381982579309778,546.4962618505024,1.4328,3.9234
385.0,9.0,8940,1,22.940565999393776,421.3113791533798,1.4597,5.0891
385.0,9.0,8940,2,18.321494165500717,738.8652073734108,1.2593,4.0304
385.0,9.0,8940,0,28.621514110324004,507.29957006919756,1.6109,2.3481
385.0,9.0,8940,1,29.0753315001936,738.3557348757722,1.4318,2.9039
385.0,9.0,8940,1,20.185391005461398,566.4672876683014,1.4105,3.785
385.0,9.0,8940,0,31.969898138286283,708.7980595490401,1.5824,1.6805
385.0,9.0,8940,2,30.045261239194808,350.8923006115154,1.2879,8.4867
385.0,9.0,8940,0,29.75786587989086,486.247359712458,1.613,2.4497
385.0,9.0,8940,2,19.137675152542535,630.3373826736437,1.33,4.7243
385.0,9.0,8940,1,27.10138856853712,467.91119509054056,1.4099,4.5823
385.0,9.0,8940,2,26.14320848119398,710.0199270232438,1.2738,4.1941
385.0,9.0,8940,0,29.254303591053656,395.1893635124485,1.6083,3.0142
385.0,9.0,8940,1,24.99964394785246,592.355029627897,1.466,3.6196
385.0,9.0,8940,1,22.427338547195387,736.5004607108249,1.4499,2.9112
385.0,9.0,8940,0,20.329265487811124,734.6296271813359,1.6213,1.6215
385.0,9.0,8940,0,27.27101070585032,616.5638043291023,1.6067,1.9319
385.0,9.0,8940,2,20.718941001484808,636.4828864570824,1.348,4.6787
385.0,9.0,8940,0,25.24873904872516,384.5062985686618,1.6182,3.0979
385.0,9.0,8940,1,24.07201898123222,504.97523193965174,1.4656,4.246
385.0,9.0,8940,0,22.86116157072466,671.7753885079871,1.5886,1.7732
385.0,9.0,8940,2,21.27076777275611,427.4676368409201,1.3519,6.9664
385.0,9.0,8940,2,29.141535318587593,470.3852046100092,1.343,6.3308
385.0,9.0,8940,2,27.269498171513796,471.56123721182723,1.3451,6.315
385.0,9.0,8940,1,19.495747500819817,402.27220290295077,1.4365,5.33
385.0,9.0,8940,0,28.62933480859092,568.4510167609676,1.5931,2.0955
385.0,9.0,8940,1,30.070441103512564,627.39789413055,1.417,3.4175
385.0,9.0,8940,0,26.62162765758283,467.1478455503229,1.5865,2.5499
385.0,9.0,8940,1,20.68929695658249,436.98693414833997,1.4141,4.9066
385.0,9.0,8940,1,18.30684104135488,529.4352358082988,1.4074,4.0498
385.0,9.0,8940,0,20.064575166231823,362.4998600573655,1.5835,3.286
385.0,9.0,8940,1,20.733525871772578,742.2162496282366,1.4151,2.8888
385.0,9.0,8940,0,31.142323973796305,357.8423846825843,1.597,3.3287
385.0,9.0,8940,2,26.07020726965763,694.6412641434487,1.2828,4.287
385.0,9.0,8940,2,25.577704740164897,499.10152084901574,1.2838,5.9666
385.0,9.0,8940,0,21.729633715909824,535.2332345063858,1.6137,2.2255
385.0,9.0,8940,1,26.899387368084223,688.1282853999467,1.417,3.1158
385.0,9.0,8940,1,18.532977603651737,681.7141383456117,1.4718,3.1452
385.0,9.0,8940,2,28.193846305041554,692.8437293428941,1.3505,4.2981
385.0,9.0,8940,0,23.438768670747763,732.978791636732,1.592,1.6251
385.0,9.0,8940,0,27.87128216509921,460.1995232134948,1.5896,2.5884
385.0,9.0,8940,1,26.19789338749481,720.9054748564117,1.4569,2.9742
385.0,9.0,8940,2,20.575210710896222,408.3001159931784,1.2732,7.2935
385.0,9.0,8940,2,26.648205800318806,642.577916918392,1.3469,4.6343
385.0,9.0,8940,0,22.02993116333794,458.8868615107599,1.5925,2.5958
385.0,9.0,8940,1,22.199096731583715,580.116172939006,1.4159,3.696
385.0,9.0,8940,2,21.602980960043205,541.0575138478233,1.32,5.5039
385.0,9.0,8940,1,28.3718935002318,383.59867262725254,1.4197,5.5894
385.0,9.0,8940,0,18.883909778993797,700.6393695559452,1.5853,1.7001
385.0,9.0,8940,1,28.16087162654101,368.5410256590587,1.4287,5.8178
385.0,9.0,8940,0,23.56161995744037,675.1976073112046,1.5968,1.7642
385.0,9.0,8940,0,18.9906910609514,672.5914081836095,1.6182,1.771
385.0,9.0,8940,1,24.502187710493434,514.9710639210538,1.4588,4.1635
385.0,9.0,8940,0,21.199390075118195,690.5512600338516,1.5964,1.725
385.0,9.0,8940,1,26.829187209919912,575.2233861412922,1.4386,3.7274
385.0,9.0,8940,1,22.13895616357503,618.8594681427394,1.4286,3.4646
385.0,9.0,8940,1,22.9182474205635,494.0093871858056,1.4325,4.3402
385.0,9.0,8940,0,24.556885177294113,616.4682772782045,1.592,1.9322
385.0,9.0,8940,0,21.43015235885017,607.9225547849768,1.6079,1.9594
385.0,9.0,8940,2,24.59653656191888,372.51115620480317,1.297,7.9942
385.0,9.0,8940,1,22.170890182764,407.2743969776604,1.4703,5.2645
385.0,9.0,8940,1,27.78087299442215,705.2138099091429,1.4121,3.0404
385.0,9.0,8940,0,23.95281076839848,388.2841619705465,1.6122,3.0678
385.0,9.0,8940,1,24.419860096415103,746.628796366125,1.4696,2.8717
385.0,9.0,8940,1,24.090206816935023,691.4370065994655,1.4283,3.1009
385.0,9.0,8940,0,27.884275700877907,650.4055198021015,1.6104,1.8314
385.0,9.0,8940,2,18.091131815237148,423.1631251997783,1.3087,7.0373
385.0,9.0,8940,0,23.267138995965716,469.12479481703485,1.6087,2.5391
385.0,9.0,8940,1,24.526371029339742,685.2462756023289,1.4721,3.129
385.0,9.0,8940,0,20.370956135507715,583.2361457723906,1.5882,2.0423
385.0,9.0,8940,1,25.743979383907078,449.71393315192154,1.4306,4.7677
385.0,9.0,8940,1,29.920615215209793,356.68845695677874,1.4317,6.0111
385.0,9.0,8940,2,23.82716403556928,650.391443875287,1.3498,4.5787
385.0,9.0,8940,2,21.07108896869318,507.1946318749423,1.297,5.8714
385.0,9.0,8940,2,21.32316646712733,402.2654258557528,1.2674,7.4029
385.0,9.0,8940,0,26.038246876017045,711.9574563379949,1.6201,1.6731
385.0,9.0,8940,1,19.041402449922835,738.2481996847523,1.4156,2.9043
385.0,9.0,8940,1,31.507858626039884,496.51649839016864,1.4586,4.3183
385.0,9.0,8940,1,24.163387388428788,604.5943376592736,1.4211,3.5463
385.0,9.0,8940,0,24.61901087135722,358.5539973053012,1.6011,3.3221
385.0,9.0,8940,0,25.378830764373603,719.6828242550207,1.5997,1.6551
385.0,9.0,8940,1,21.54737152189308,480.7456025870888,1.4738,4.46
385.0,9.0,8940,1,24.45049294497414,726.1074830157661,1.4727,2.9529
385.0,9.0,8940,2,23.0560562781855,534.7113021080565,1.309,5.5692
385.0,9.0,8940,1,22.99164237778067,693.0483074414967,1.4601,3.0937
385.0,9.0,8940,2,27.449889637379005,388.99345376870303,1.3107,7.6554
385.0,9.0,8940,0,26.18218387952478,467.7998357601499,1.6014,2.5463
385.0,9.0,8940,1,24.355302594970414,694.2878919316361,1.4465,3.0882
385.0,9.0,8940,0,23.178758357243403,424.7580164141158,1.5983,2.8043
385.0,9.0,8940,2,19.41457656306374,728.6944098831399,1.2752,4.0866
385.0,9.0,8940,2,20.244073777037848,475.189563813338,1.2649,6.2668
385.0,9.0,8940,2,23.98705074809884,600.1895946412201,1.3208,4.9616
385.0,9.0,8940,0,25.621835098319018,382.2408695791675,1.5829,3.1163
385.0,9.0,8940,2,18.01253747056082,525.6728483808049,1.3467,5.665
385.0,9.0,8940,1,21.477617673607547,721.963329501908,1.4543,2.9698
385.0,9.0,8940,0,23.253349642699114,644.0055551331589,1.5879,1.8496
385.0,9.0,8940,2,29.66325107435313,735.9001992985715,1.3277,4.0466
385.0,9.0,8940,0,29.618498304630798,460.1841872300446,1.601,2.5885
385.0,9.0,8940,0,21.86733018844231,746.5418725141483,1.5911,1.5956
385.0,9.0,8940,2,22.20561381599601,611.7380470686486,1.3509,4.868
385.0,9.0,8940,1,29.665558698370436,580.6971760640786,1.4485,3.6923
385.0,9.0,8940,0,19.27620653858623,748.7582817392383,1.5997,1.5909
385.0,9.0,8940,1,19.35791370374464,618.9756561843155,1.4529,3.464
385.0,9.0,8940,0,23.62753948269889,597.7598296333196,1.5947,1.9927
385.0,9.0,8940,2,27.17294884132844,421.3157716386099,1.3,7.0681
385.0,9.0,8940,1,27.876123206740687,718.6051858088047,1.4636,2.9837
385.0,9.0,8940,0,19.385291577862994,606.9908412947581,1.6047,1.9624
385.0,9.0,8940,0,20.177918062509683,485.5438173061393,1.5849,2.4533
385.0,9.0,8940,1,22.458332820902132,604.135512231642,1.446,3.549
385.0,9.0,8940,0,24.81601561451054,540.8432617023827,1.6139,2.2024
385.0,9.0,8940,0,25.69383152617111,408.0630708467027,1.5985,2.9191
385.0,9.0,8940,1,25.95953282716242,479.60374340119336,1.4387,4.4706
385.0,9.0,8940,2,31.01531362545474,563.7958235794105,1.3497,5.2819
385.0,9.0,8940,0,19.906973391996484,741.9412524826798,1.5928,1.6055
385.0,9.0,8940,2,21.9668717049862,620.6595134673989,1.3187,4.798
385.0,9.0,8940,2,27.205812504873645,355.5921636226527,1.3125,8.3745
385.0,9.0,8940,0,30.850535384370403,597.6195466613153,1.6024,1.9932
385.0,9.0,8940,1,27.966305654734928,735.1247531785348,1.413,2.9166
385.0,9.0,8940,1,28.707214251040078,688.5094230582843,1.4177,3.1141
385.0,9.0,8940,2,27.689555592300263,388.84210519781266,1.2997,7.6584
385.0,9.0,8940,2,29.983629850180733,399.3465051099243,1.3216,7.457
385.0,9.0,8940,1,19.78696826882585,646.0374706633341,1.4262,3.3188
385.0,9.0,8940,1,30.923801598226458,702.3085756516402,1.464,3.0529
385.0,9.0,8940,0,27.490522119237845,693.2759819065539,1.5842,1.7182
385.0,9.0,8940,1,24.222074677061954,483.7162300540026,1.4079,4.4326
385.0,9.0,8940,2,19.805799165379828,367.1797904637748,1.3375,8.1102
385.0,9.0,8940,0,20.5516309651818,747.8502020273324,1.5934,1.5928
385.0,9.0,8940,2,29.264465764605355,701.4496552991145,1.2775,4.2454
385.0,9.0,8940,0,30.131486729059937,526.4388936519863,1.5937,2.2627
385.0,9.0,8940,0,24.854568125104237,718.3319859482073,1.6051,1.6582
385.0,9.0,8940,0,31.222720263115143,507.77628963160396,1.5977,2.3459
385.0,9.0,8940,1,20.737698269457578,642.6502151659358,1.4084,3.3363
385.0,9.0,8940,1,20.534019260262657,516.1877166614572,1.4565,4.1537
385.0,9.0,8940,2,26.53176087880842,670.4271868760195,1.3209,4.4418
385.0,9.0,8940,2,18.1853664825675,509.16896177190256,1.32,5.8486
385.0,9.0,8940,0,28.52373884345007,719.1747079508723,1.5987,1.6563
385.0,9.0,8940,0,20.806274717629382,393.13883754008134,1.6192,3.0299
385.0,9.0,8940,0,29.20977495331124,547.7909688660196,1.5995,2.1745
385.0,9.0,8940,2,22.353801389291387,539.4771155251306,1.3215,5.52
385.0,9.0,8940,2,20.458616159086272,484.3295980222932,1.2592,6.1485
385.0,9.0,8940,1,18.826379305936307,671.3703926847965,1.4086,3.1936
385.0,9.0,8940,2,21.58437219830168,549.0076611534988,1.34,5.4242
385.0,9.0,8940,0,23.42399537028183,481.5978117915694,1.6133,2.4734
385.0,9.0,8940,0,21.431940454203,376.9426621713567,1.6112,3.1601
385.0,9.0,8940,2,22.353740433528877,743.1193389517165,1.3449,4.0073
385.0,9.0,8940,2,25.837656714682986,536.1824281026743,1.2614,5.5539
385.0,9.0,8940,1,31.478244550285517,370.94795743288194,1.4593,5.7801
385.0,9.0,8940,2,26.86391115047504,674.347432047022,1.256,4.416
385.0,9.0,8940,2,25.55725222583691,450.5289353336254,1.3394,6.6098
385.0,9.0,8940,0,29.83454092710085,600.5632796689381,1.6099,1.9834
385.0,9.0,8940,0,28.806383663113273,554.719305857004,1.602,2.1473
385.0,9.0,8940,0,24.551556402167606,739.9500513155122,1.6038,1.6098
385.0,9.0,8940,1,18.924710860826607,538.9183903568887,1.4312,3.9785
385.0,9.0,8940,0,22.042252353136178,625.4860421226479,1.6143,1.9044
385.0,9.0,8940,1,29.747523442525885,697.9247246190798,1.4756,3.0721
385.0,9.0,8940,1,27.20228930258802,702.5149784109663,1.4139,3.052
385.0,9.0,8940,1,19.52404948857864,502.91478051203285,1.4178,4.2633
385.0,9.0,8940,2,26.702508612592148,509.48601204072304,1.3015,5.8449
385.0,9.0,8940,1,30.77859764740633,704.3185878076224,1.4078,3.0442
385.0,9.0,8940,1,21.513915922758912,482.3122146781766,1.4268,4.4455
385.0,9.0,8940,0,23.958664087604202,595.4308028367002,1.6022,2.0005
385.0,9.0,8940,2,21.75122328605483,697.5778189597389,1.322,4.2689
385.0,9.0,8940,2,31.584499807306262,551.1629819452553,1.3297,5.403
385.0,9.0,8940,1,19.608650063966554,485.12935343364154,1.4445,4.4196
385.0,9.0,8940,0,26.169629065796315,716.9315184657328,1.6156,1.6615
385.0,9.0,8940,2,19.825439661291107,511.358021441761,1.3397,5.8235
385.0,9.0,8940,2,21.688082931677936,411.91249854006963,1.2735,7.2295
385.0,9.0,8940,1,31.01468702501566,415.12258893488377,1.4115,5.165
385.0,9.0,8940,1,20.344378050947057,387.5955456041525,1.4314,5.5318
385.0,9.0,8940,1,31.499460564616882,704.4970184911266,1.4603,3.0435
385.0,9.0,8940,2,19.673083779349245,660.393346693468,1.3234,4.5093
385.0,9.0,8940,0,18.262525607425413,480.9448244810355,1.6196,2.4767
385.0,9.0,8940,1,19.80147372456203,691.4770154877087,1.4237,3.1008
600.0,80.0,1200,0,25.873788846348578,427.51053342583793,1.5776,2.9934
600.0,80.0,1200,1,29.112724241369605,514.9662591909135,1.4374,4.4731
600.0,80.0,1200,0,27.74935519940597,673.6692679412654,1.5861,1.8996
600.0,80.0,1200,0,25.035416398293698,670.0390015032633,1.6056,1.9099
600.0,80.0,1200,0,21.772761778663302,679.6087177038443,1.5904,1.883
600.0,80.0,1200,0,18.739665326453938,508.44949599366237,1.5866,2.5169
600.0,80.0,1200,0,31.328091178383243,580.2374622060337,1.6028,2.2055
600.0,80.0,1200,0,20.35262455978343,522.6730869574459,1.5734,2.4484
600.0,80.0,1200,1,27.679821319542025,478.70087563895265,1.4442,4.812
600.0,80.0,1200,0,25.2012913330694,469.2648557378528,1.5818,2.7271
600.0,80.0,1200,2,25.4317039285804,370.2184180500681,1.2999,8.6416
600.0,80.0,1200,2,23.0354173949687,548.6658406625564,1.2939,5.831
600.0,80.0,1200,0,31.33522947191279,708.1295066027828,1.5899,1.8072
600.0,80.0,1200,2,19.625226692938444,725.2501032891133,1.2291,4.4113
600.0,80.0,1200,1,22.78257308106776,435.6020909379286,1.4309,5.2881
600.0,80.0,1200,0,23.569715374560133,640.3008888474819,1.5878,1.9986
600.0,80.0,1200,2,23.834238188182493,603.7655379775939,1.2789,5.2989
600.0,80.0,1200,2,21.474369012218958,645.0436590166051,1.2764,4.9598
600.0,80.0,1200,1,19.9030480609517,686.2509553257914,1.4543,3.3566
600.0,80.0,1200,2,28.902737432031092,442.72885830958415,1.2803,7.2263
600.0,80.0,1200,0,28.892413488165055,628.9975170052207,1.573,2.0345
600.0,80.0,1200,0,18.219652576951397,420.3514811927128,1.585,3.0444
600.0,80.0,1200,2,24.13222668253913,478.80463597461943,1.2257,6.6818
600.0,80.0,1200,2,24.738405573872384,452.9652988141286,1.2392,7.063
600.0,80.0,1200,0,19.9029971549922,468.88673987994747,1.5974,2.7293
600.0,80.0,1200,2,21.720375714107142,391.51616468198586,1.2433,8.1716
600.0,80.0,1200,1,18.66000033206196,578.1057516064951,1.3976,3.9846
600.0,80.0,1200,0,28.454664165250094,704.6422850302815,1.5682,1.8161
600.0,80.0,1200,0,31.318111005180334,542.3586644157516,1.5916,2.3595
600.0,80.0,1200,2,30.455390962968668,635.5888824251831,1.2837,5.0336
600.0,80.0,1200,1,26.893906253348444,720.3755904786353,1.4314,3.1976
600.0,80.0,1200,2,29.815961127712733,485.79100292023656,1.2782,6.5857
600.0,80.0,1200,0,20.472743105053787,444.1868518011947,1.5717,2.881
600.0,80.0,1200,2,30.487527872722822,621.1377214496698,1.2928,5.1507
600.0,80.0,1200,2,19.370502088177485,520.2425950403954,1.2838,6.1496
600.0,80.0,1200,1,19.995809505780983,641.7733662981575,1.4308,3.5893
600.0,80.0,1200,0,28.458801017851794,488.909972551584,1.6055,2.6175
600.0,80.0,1200,1,26.88480484991003,490.6237772733232,1.3924,4.695
600.0,80.0,1200,0,19.875837366774224,356.3790582229227,1.6009,3.5909
600.0,80.0,1200,2,22.4948710708697,489.69679898225485,1.2289,6.5332
600.0,80.0,1200,1,20.346959112921738,536.3679845884113,1.4248,4.2946
600.0,80.0,1200,1,23.634393726876027,510.2287031968822,1.4358,4.5146
600.0,80.0,1200,0,29.47702289316987,691.1325046145516,1.5871,1.8516
600.0,80.0,1200,2,21.108171976195685,460.4752929542634,1.2372,6.9478
600.0,80.0,1200,2,29.481604644669595,711.0305012384007,1.2163,4.4995
600.0,80.0,1200,0,26.14142752856059,598.2930851717526,1.5695,2.1389
600.0,80.0,1200,2,31.92746707248813,633.7251683727812,1.3039,5.0484
600.0,80.0,1200,1,23.467906147293537,446.91093761906154,1.403,5.1543
600.0,80.0,1200,2,21.635448476885887,614.3344278056005,1.2432,5.2077
600.0,80.0,1200,2,22.46855417525651,452.0214502619832,1.2411,7.0778
600.0,80.0,1200,0,26.741615495146696,623.1643158070076,1.584,2.0536
600.0,80.0,1200,1,31.963120126840785,710.7854064206736,1.4088,3.2408
600.0,80.0,1200,2,26.837630120551026,727.9684096136734,1.3138,4.3948
600.0,80.0,1200,1,18.931553055399764,658.690409729107,1.4477,3.4971
600.0,80.0,1200,0,23.006390565345168,655.8908036220411,1.5832,1.9511
600.0,80.0,1200,1,28.364569327036993,489.34513218556026,1.445,4.7073
600.0,80.0,1200,1,21.595256773647982,504.86191253097763,1.4406,4.5626
600.0,80.0,1200,2,19.724984782009592,504.120378141737,1.2873,6.3463
600.0,80.0,1200,0,20.88385625430754,444.34079357840454,1.5991,2.88
600.0,80.0,1200,0,22.947098322246724,534.2966163955284,1.58,2.3951
600.0,80.0,1200,1,26.104203756618766,495.8879052924831,1.3903,4.6452
600.0,80.0,1200,2,18.976778077230602,564.6575674163869,1.2731,5.6659
600.0,80.0,1200,1,25.754105712130336,370.33700064701287,1.435,6.22
600.0,80.0,1200,2,25.087377256908326,486.31665757673574,1.3131,6.5786
600.0,80.0,1200,2,30.776441824214203,687.7695599117586,1.2201,4.6517
600.0,80.0,1200,0,19.75081840206686,361.3218245972006,1.5796,3.5418
600.0,80.0,1200,1,23.91425432383946,663.1512768015276,1.4275,3.4736
600.0,80.0,1200,0,19.349141376957576,628.6942892721154,1.5914,2.0355
600.0,80.0,1200,0,21.776654822989542,497.27137744227673,1.6001,2.5735
600.0,80.0,1200,1,24.622326372451678,355.0802445470986,1.4239,6.4872
600.0,80.0,1200,0,19.336303314672215,646.1177657801413,1.5746,1.9806
600.0,80.0,1200,0,22.126856361498113,743.1737602915753,1.5697,1.722
600.0,80.0,1200,0,27.48742255677586,560.1806853281051,1.5949,2.2845
600.0,80.0,1200,2,23.297333910049844,662.1786580633509,1.2671,4.8315
600.0,80.0,1200,2,27.867760154290302,397.23286825071506,1.2213,8.054
600.0,80.0,1200,2,23.184675226395427,681.1704413029231,1.3103,4.6968
600.0,80.0,1200,0,30.477557646084875,371.53014807298337,1.5992,3.4445
600.0,80.0,1200,1,21.727375121171615,436.48179994770555,1.4259,5.2774
600.0,80.0,1200,2,22.14227797842289,514.4290200965287,1.3176,6.2191
600.0,80.0,1200,2,24.590188040873297,467.2391654122616,1.2995,6.8472
600.0,80.0,1200,2,18.099466490123618,392.80010791145867,1.2194,8.1448
600.0,80.0,1200,1,27.165241697785667,441.54212724943466,1.4031,5.2169
600.0,80.0,1200,2,31.93970304367451,486.4856522508277,1.2137,6.5763
600.0,80.0,1200,2,24.72700754864406,418.2893799521182,1.3127,7.6485
600.0,80.0,1200,0,31.300069118416985,710.5915204021447,1.5688,1.8009
600.0,80.0,1200,0,21.761990780368755,402.85698068299786,1.5746,3.1766
600.0,80.0,1200,1,19.581700204891625,693.4262031436913,1.4204,3.3219
600.0,80.0,1200,0,25.502856618552812,421.903369890893,1.5854,3.0332
600.0,80.0,1200,0,24.287441670914554,673.8927265617108,1.5696,1.899
600.0,80.0,1200,0,19.215900359342058,415.2888364307554,1.5975,3.0815
600.0,80.0,1200,2,20.034957146965816,631.4398763222989,1.2781,5.0667
600.0,80.0,1200,0,24.026650051641877,568.3036757128332,1.6058,2.2518
600.0,80.0,1200,2,18.80770335762226,429.17153602641986,1.2511,7.4546
600.0,80.0,1200,0,25.388118776620303,407.32962582117625,1.5844,3.1417
600.0,80.0,1200,2,25.972362010744018,579.828202751793,1.2953,5.5177
600.0,80.0,1200,2,20.933324405829435,393.539540337861,1.2479,8.1295
600.0,80.0,1200,0,28.885970399617207,537.8202322496803,1.5824,2.3795
600.0,80.0,1200,0,21.89719631254174,642.7991603592463,1.6004,1.9909
600.0,80.0,1200,1,30.274419141555956,357.21423612512785,1.3955,6.4485
600.0,80.0,1200,1,24.16067531254272,737.9075194878244,1.4055,3.1217
600.0,80.0,1200,1,18.897840697246654,519.9544550345711,1.3826,4.4302
600.0,80.0,1200,1,25.041677980699276,585.2306969711385,1.426,3.936
600.0,80.0,1200,2,22.78210971877747,390.35384572368974,1.3047,8.1959
600.0,80.0,1200,1,18.724188983863353,626.1603422151537,1.4007,3.6788
600.0,80.0,1200,0,26.010884990749787,616.4740582428783,1.5803,2.0759
600.0,80.0,1200,0,23.36106714554762,729.8146673499501,1.6031,1.7535
600.0,80.0,1200,2,26.7539922213062,685.7133816232645,1.2236,4.6656
600.0,80.0,1200,0,23.975958332881543,523.4309872189792,1.5809,2.4449
600.0,80.0,1200,0,22.553970444357482,455.891708968699,1.6053,2.8071
600.0,80.0,1200,2,28.07321379255773,431.66711375325264,1.2347,7.4115
600.0,80.0,1200,1,25.10784846869764,591.0401697752101,1.4308,3.8974
600.0,80.0,1200,1,18.98276606334298,609.5238693158099,1.4082,3.7792
600.0,80.0,1200,0,24.364371461248354,407.5793010497894,1.6004,3.1398
600.0,80.0,1200,1,28.95643403082885,577.9084456885364,1.4524,3.9859
600.0,80.0,1200,2,25.815207228462775,456.2738571540042,1.2941,7.0118
600.0,80.0,1200,1,20.72587146594054,490.2923050892173,1.4179,4.6982
600.0,80.0,1200,2,25.90472387659403,627.9958288897869,1.2397,5.0945
600.0,80.0,1200,2,29.755725467163273,643.9862374123555,1.2654,4.968
600.0,80.0,1200,1,29.031487796517368,417.22225858287305,1.4222,5.521
600.0,80.0,1200,1,23.491331367379075,479.3808455352359,1.424,4.8051
600.0,80.0,1200,1,26.571772534767124,705.3523237911078,1.4413,3.2657
600.0,80.0,1200,1,18.448725492722726,406.4942633855024,1.4126,5.6667
600.0,80.0,1200,1,25.315065474146706,689.3856717798144,1.4531,3.3414
600.0,80.0,1200,2,24.105567489324002,555.941460587964,1.3185,5.7547
600.0,80.0,1200,1,31.08282964328332,676.8092750564292,1.3922,3.4035
600.0,80.0,1200,0,26.509732368647146,622.2920216583724,1.5805,2.0565
600.0,80.0,1200,0,26.36575694633659,589.7309362367412,1.5911,2.17
600.0,80.0,1200,2,29.488817013211627,594.2953115815651,1.2523,5.3833
600.0,80.0,1200,2,27.011739134840923,648.345215251488,1.3091,4.9346
600.0,80.0,1200,1,31.078991668432334,599.8706948052898,1.3865,3.84
600.0,80.0,1200,2,28.34237114393637,643.3018340699848,1.2638,4.9732
600.0,80.0,1200,0,18.019970197342982,631.8570378392493,1.5712,2.0253
600.0,80.0,1200,1,18.075262617981124,432.5841704466379,1.425,5.325
600.0,80.0,1200,0,25.961991889057586,574.1467124086355,1.5903,2.2289
600.0,80.0,1200,1,20.62670465505917,651.588859463229,1.4339,3.5352
600.0,80.0,1200,2,24.812084208258554,480.5254408892258,1.2889,6.6579
600.0,80.0,1200,0,22.878791737087887,356.80164658195844,1.6033,3.5866
600.0,80.0,1200,1,19.27299133025709,575.9647539236194,1.3872,3.9994
600.0,80.0,1200,0,23.096853184643955,451.9448995200637,1.6062,2.8316
600.0,80.0,1200,1,20.577293935462837,448.4533780149459,1.4276,5.1365
600.0,80.0,1200,1,25.494483725083988,562.586123851408,1.3929,4.0945
600.0,80.0,1200,2,23.906776937551157,498.07092902296995,1.2878,6.4234
600.0,80.0,1200,0,21.029862185874165,682.0644834587333,1.5949,1.8762
600.0,80.0,1200,2,18.945947751377798,464.0259726994634,1.2291,6.8947
600.0,80.0,1200,0,30.03122862322728,667.4839995276759,1.5707,1.9172
600.0,80.0,1200,1,21.459847014213636,463.30150439925717,1.4022,4.9719
600.0,80.0,1200,1,31.365484810700888,477.12253540519106,1.3885,4.8279
600.0,80.0,1200,1,22.677042546953604,385.6026914033185,1.4424,5.9738
600.0,80.0,1200,1,25.094082667504157,383.2626406784494,1.3845,6.0102
600.0,80.0,1200,0,23.220442738803257,602.3896203481786,1.5801,2.1244
600.0,80.0,1200,1,23.01900111843608,378.2750087939588,1.4309,6.0895
600.0,80.0,1200,0,23.511712562252484,496.623793280787,1.5703,2.5768
600.0,80.0,1200,1,29.239522938753485,626.8909039517895,1.4249,3.6745
600.0,80.0,1200,0,29.53775972929605,428.7164295414294,1.5863,2.985
600.0,80.0,1200,1,30.17536787495115,367.03418586053044,1.4377,6.276
600.0,80.0,1200,2,29.221142608368865,450.6917189334723,1.3098,7.0986
600.0,80.0,1200,0,22.00587104773548,584.6857144869989,1.5897,2.1887
600.0,80.0,1200,1,26.25808010666381,492.3738595358592,1.4388,4.6783
600.0,80.0,1200,1,23.464680529320887,530.9144825422354,1.385,4.3387
600.0,80.0,1200,2,20.63661622249547,373.88491618063347,1.2586,8.5569
600.0,80.0,1200,2,21.320308081758277,372.61885551704705,1.2383,8.586
600.0,80.0,1200,1,30.582167035607505,684.7924019216299,1.3845,3.3638
600.0,80.0,1200,2,23.801648651025438,655.10956409759,1.2643,4.8836
600.0,80.0,1200,2,22.539522580999307,379.4963321108307,1.2745,8.4304
600.0,80.0,1200,2,23.142725654797538,460.1128695732346,1.2348,6.9533
600.0,80.0,1200,2,18.03315367567819,362.2969424528156,1.2782,8.8306
600.0,80.0,1200,0,29.031518070621853,403.32977093871494,1.5984,3.1729
600.0,80.0,1200,2,18.928848968507182,624.3159252617343,1.2886,5.1245
600.0,80.0,1200,2,20.40960086830222,399.78149403735296,1.2839,8.0026
600.0,80.0,1200,1,30.125560131285795,676.3974812363447,1.4317,3.4055
600.0,80.0,1200,1,23.165661907129984,559.3577613698628,1.4168,4.1181
600.0,80.0,1200,2,24.425064618317855,497.4076305028518,1.3017,6.4319
600.0,80.0,1200,2,22.630646524983682,699.78851754171,1.2207,4.5718
600.0,80.0,1200,2,26.13195712382617,475.60524894345434,1.2911,6.7268
600.0,80.0,1200,2,30.343500919373753,714.0037397255342,1.2341,4.4808
600.0,80.0,1200,2,22.42404644495947,419.75079620357354,1.2607,7.6219
600.0,80.0,1200,2,30.517308146825073,552.8819358376186,1.2842,5.7866
600.0,80.0,1200,0,25.06590571529294,418.78054398760753,1.6051,3.0558
600.0,80.0,1200,1,28.705129951944144,436.41798218678383,1.4106,5.2782
600.0,80.0,1200,1,23.842229784096432,749.2848447521139,1.4351,3.0743
600.0,80.0,1200,0,20.170592795340642,526.4179438385144,1.5853,2.431
600.0,80.0,1200,1,27.745742425917854,396.61719107556667,1.4365,5.8079
600.0,80.0,1200,1,25.96167301455514,675.6252853592171,1.4135,3.4094
600.0,80.0,1200,2,30.950264317014607,575.8902952145354,1.2491,5.5554
600.0,80.0,1200,1,21.810401994491627,739.0514917915864,1.4117,3.1168
600.0,80.0,1200,1,25.99415629260831,630.6764535310142,1.3927,3.6524
600.0,80.0,1200,2,24.359906172417723,667.1364621277087,1.2422,4.7956
600.0,80.0,1200,0,28.396135440494014,427.6201879205629,1.5929,2.9927
600.0,80.0,1200,0,23.399401528234907,613.0164399536504,1.585,2.0876
600.0,80.0,1200,0,24.537699390363,376.99137424495956,1.5729,3.3946
600.0,80.0,1200,0,18.04204917218681,637.0898742522254,1.6048,2.0087
600.0,80.0,1200,1,20.780427983175628,489.10865258491094,1.3827,4.7096
600.0,80.0,1200,1,21.100496434871133,483.11509820386584,1.4201,4.768
600.0,80.0,1200,1,24.98772936652852,713.274388416613,1.3799,3.2295
600.0,80.0,1200,1,21.44695194123303,699.165073419299,1.3937,3.2946
600.0,80.0,1200,2,29.718632573687138,429.435733939128,1.2704,7.45
600.0,80.0,1200,0,19.37090955911242,392.58067568101455,1.6059,3.2598
600.0,80.0,1200,1,18.529563826213046,551.7915939459232,1.4095,4.1746
600.0,80.0,1200,1,20.915974679543666,657.2921010793784,1.4036,3.5045
600.0,80.0,1200,2,23.02900986884841,634.1293886680284,1.2743,5.0452
600.0,80.0,1200,1,21.131667600403134,589.2858267182905,1.4043,3.909
600.0,80.0,1200,2,23.151915045321193,698.4127911268188,1.2831,4.5808
600.0,80.0,1200,0,22.062221321478265,679.8721912248002,1.5871,1.8823
600.0,80.0,1200,2,23.251982235113434,647.420856595538,1.2563,4.9416
600.0,80.0,1200,2,20.08445382355669,451.6039553369829,1.2611,7.0843
600.0,80.0,1200,2,29.552788623771267,714.6822227361978,1.237,4.4765
600.0,80.0,1200,0,21.683665462243603,609.6656861246424,1.5767,2.0991
600.0,80.0,1200,0,30.062847802671605,375.8372178695391,1.5988,3.405
600.0,80.0,1200,0,20.588002739908365,633.6624543717975,1.6017,2.0196
600.0,80.0,1200,2,19.36095474065604,391.15353435833106,1.3171,8.1791
600.0,80.0,1200,2,19.91464620292352,657.3319082670737,1.2934,4.8671
600.0,80.0,1200,1,20.221427288159042,619.1935602653393,1.3905,3.7202
600.0,80.0,1200,0,23.18431582460046,364.02332672740425,1.6067,3.5155
600.0,80.0,1200,1,27.45918803964575,402.89212840854873,1.3919,5.7174
600.0,80.0,1200,2,28.19350174646527,668.6361069150441,1.2558,4.7848
600.0,80.0,1200,1,24.960241979476546,592.2895850491357,1.3863,3.8891
600.0,80.0,1200,1,18.214460856791934,618.8272784159519,1.445,3.7224
600.0,80.0,1200,2,27.56144950321699,741.2131635238984,1.267,4.3163
600.0,80.0,1200,1,18.277140668055747,665.692346851965,1.4414,3.4603
600.0,80.0,1200,1,26.310710069021038,513.0215466796908,1.4089,4.4901
600.0,80.0,1200,0,19.20976468197813,370.10150803474306,1.6027,3.4578
600.0,80.0,1200,0,25.35480654622337,513.989252831916,1.5778,2.4898
600.0,80.0,1200,1,20.80983072441499,596.419094189804,1.3794,3.8622
600.0,80.0,1200,0,22.698041389622347,541.7975746755385,1.5727,2.362
600.0,80.0,1200,1,26.947030734698743,415.0164765512521,1.3839,5.5504
600.0,80.0,1200,1,26.656183592806507,666.1376124052422,1.4321,3.458
600.0,80.0,1200,2,28.222935735943665,682.4704097874744,1.2749,4.6878
600.0,80.0,1200,1,27.179535841178577,481.51238667383393,1.4038,4.7839
600.0,80.0,1200,2,20.283559979973347,600.8636143788747,1.2949,5.3245
600.0,80.0,1200,2,29.500296002637107,419.4862315089542,1.2841,7.6267
600.0,80.0,1200,1,31.79497624951439,637.2067176953663,1.4365,3.615
600.0,80.0,1200,0,27.987540403297842,611.5272526843044,1.6011,2.0927
600.0,80.0,1200,2,30.802444998113295,736.1466459732319,1.2274,4.346
600.0,80.0,1200,0,30.140175725479782,714.887901518284,1.5865,1.7901
600.0,80.0,1200,0,23.33650107313015,690.2292108317545,1.5971,1.854
600.0,80.0,1200,2,30.392761059539477,351.28633246843475,1.2714,9.1074
600.0,80.0,1200,0,24.069206794704076,730.6131299951444,1.5962,1.7516
600.0,80.0,1200,1,21.81752521430281,560.6812252099812,1.4254,4.1084
600.0,80.0,1200,1,20.750271740916727,678.3080447031248,1.3864,3.3959
600.0,80.0,1200,2,29.840015706683477,448.20854314383223,1.2186,7.138
600.0,80.0,1200,1,19.921417107765272,527.0470232042983,1.3909,4.3706
600.0,80.0,1200,1,22.761117542161415,431.4021282573939,1.4055,5.3396
600.0,80.0,1200,0,26.818768811215644,660.6049689916395,1.5775,1.9372
600.0,80.0,1200,0,21.206946638307322,591.8401050656634,1.6076,2.1623
600.0,80.0,1200,1,21.76550697476466,593.768776296854,1.4281,3.8794
600.0,80.0,1200,0,26.462272491647354,416.7339752783097,1.5985,3.0708
600.0,80.0,1200,2,24.88535487073688,471.79860088547423,1.3098,6.7811
600.0,80.0,1200,0,19.40496681598317,661.9504864538023,1.5661,1.9333
600.0,80.0,1200,1,22.099359992986958,368.88254977047035,1.4069,6.2445
600.0,80.0,1200,2,26.70278412269996,637.8280116897743,1.2891,5.0159
600.0,80.0,1200,2,21.581199674951158,479.9200017739238,1.25,6.6663
600.0,80.0,1200,0,24.621794467574542,672.8941571975129,1.5657,1.9018
600.0,80.0,1200,2,30.284217046834456,526.4810485349784,1.3108,6.0768
600.0,80.0,1200,0,23.705441389159027,592.0141981395491,1.5882,2.1616
600.0,80.0,1200,1,31.841452824733047,479.9830390420011,1.4496,4.7991
600.0,80.0,1200,1,20.157570133677275,451.91052395288125,1.3986,5.0972
600.0,80.0,1200,0,22.271239445197676,450.7951237634344,1.607,2.8388
600.0,80.0,1200,1,19.883261064117775,420.5139116979011,1.3926,5.4778
600.0,80.0,1200,0,18.556961655149554,386.49355036768003,1.577,3.3111
600.0,80.0,1200,0,29.35688600049761,661.3862805122328,1.6009,1.9349
600.0,80.0,1200,0,19.90170143662946,685.2898959822776,1.5887,1.8674
600.0,80.0,1200,2,23.51988665777625,724.3296482966066,1.3114,4.4169
600.0,80.0,1200,2,19.436054808640414,439.4651992532039,1.2933,7.28
600.0,80.0,1200,0,20.564667961152036,604.1867436942111,1.6058,2.1181
600.0,80.0,1200,1,22.239126244161746,628.4933699231956,1.3966,3.6651
600.0,80.0,1200,0,28.70154924212161,352.8993491456726,1.5711,3.6263
600.0,80.0,1200,2,21.439994803882286,395.2068063346321,1.2626,8.0952
600.0,80.0,1200,0,19.506812100404005,377.189031511133,1.5762,3.3928
600.0,80.0,1200,1,21.707631248635344,651.8794040052699,1.4071,3.5336
600.0,80.0,1200,1,25.348552724050837,375.4007299041416,1.4159,6.1361
600.0,80.0,1200,2,23.575994552794064,556.6513602796349,1.3087,5.7474
600.0,80.0,1200,2,23.44799059329273,362.2451116757985,1.307,8.8319
600.0,80.0,1200,1,24.793525340635565,537.7197137460778,1.4483,4.2838
600.0,80.0,1200,0,22.287489325083328,637.0380026681762,1.5699,2.0089
600.0,80.0,1200,0,27.30634139736092,527.4415649528497,1.6077,2.4263
600.0,80.0,1200,2,21.78767800669043,600.5930258208427,1.2691,5.3269
600.0,80.0,1200,2,29.230736846554542,737.2399822434905,1.2237,4.3396
600.0,80.0,1200,1,19.619512897547242,432.5629694586767,1.4421,5.3252
600.0,80.0,1200,0,20.94836633766277,382.89235588136137,1.5726,3.3422
600.0,80.0,1200,0,22.08158091083103,727.8711192280832,1.5712,1.7582
600.0,80.0,1200,2,21.896171694302712,656.9297624877443,1.2685,4.8701
600.0,80.0,1200,2,22.660221699906526,401.8269893647652,1.2882,7.9619
600.0,80.0,1200,0,26.315599462229308,561.6509230601641,1.6042,2.2785
600.0,80.0,1200,2,31.221534477115203,549.486401981761,1.2773,5.8223
600.0,80.0,1200,2,24.01029407564028,687.9931497491807,1.2267,4.6502
600.0,80.0,1200,2,28.43897989045633,647.5942983872976,1.2522,4.9403
600.0,80.0,1200,2,19.313084390347466,434.1673428568515,1.2304,7.3688
600.0,80.0,1200,1,31.849434995404362,735.881930280224,1.399,3.1302
600.0,80.0,1200,2,18.444628812184753,721.5099344928976,1.2468,4.4342
600.0,80.0,1200,1,21.76200741886744,483.72434302211343,1.3806,4.762
600.0,80.0,1200,1,19.432461823589705,667.4505299794112,1.4068,3.4512
600.0,80.0,1200,1,27.99517939834172,465.92135771643166,1.4211,4.944
600.0,80.0,1200,1,19.05891363568124,607.1454152255577,1.4197,3.794
600.0,80.0,1200,1,29.352882444834915,374.3569963320149,1.4056,6.1532
600.0,80.0,1200,2,23.023573750679276,739.7335514104075,1.2682,4.3249
600.0,80.0,1200,1,24.717757490968594,568.1954422432667,1.441,4.0541
600.0,80.0,1200,1,23.101896527590323,378.1244809898804,1.4097,6.0919
600.0,80.0,1200,0,24.052945611881533,681.4790797200449,1.6051,1.8779
600.0,80.0,1200,1,27.42362902756308,373.7245081896438,1.3922,6.1636
600.0,80.0,1200,2,31.29796300946925,547.7691576033608,1.2707,5.8406
600.0,80.0,1200,0,19.53067516702873,367.27367050705146,1.5801,3.4844
600.0,80.0,1200,2,18.404494922385457,678.9445412070725,1.2907,4.7122
600.0,80.0,1200,1,30.77393962742064,696.6323854015748,1.429,3.3066
600.0,80.0,1200,2,18.63307462456808,391.53700150180174,1.2458,8.1711
600.0,80.0,1200,2,18.506639670392627,420.89964617669125,1.2664,7.6011
600.0,80.0,1200,0,29.819701016441698,659.4365491189517,1.5844,1.9406
600.0,80.0,1200,2,24.433959992727424,639.927067244637,1.3147,4.9995
600.0,80.0,1200,0,21.852143776589177,593.2365820112793,1.5698,2.1572
600.0,80.0,1200,1,23.061966277460325,415.53400104496694,1.4054,5.5435
600.0,80.0,1200,0,23.746159773069976,585.5438972931083,1.5978,2.1855
600.0,80.0,1200,2,30.80749744721219,612.4784722368445,1.2854,5.2235
600.0,80.0,1200,2,25.22356591439064,608.7532213228926,1.2961,5.2555
600.0,80.0,1200,1,30.71489949397077,669.724324708184,1.4028,3.4395
600.0,80.0,1200,2,21.283485659921418,528.8220202198996,1.2233,6.0499
600.0,80.0,1200,2,29.721989180465634,746.7869783319272,1.2283,4.2841
600.0,80.0,1200,1,19.320599488411737,367.0735686711377,1.4199,6.2753
600.0,80.0,1200,0,19.860457845085524,415.51221664290756,1.6069,3.0799
600.0,80.0,1200,0,25.384738022226312,550.8572110938463,1.5842,2.3231
600.0,80.0,1200,1,25.028591329187968,479.2057220111328,1.4287,4.8069
600.0,80.0,1200,1,27.22714968361787,391.82671469755905,1.4205,5.8789
600.0,80.0,1200,1,20.422754346407597,671.3934921131608,1.4163,3.4309
600.0,80.0,1200,1,23.35276173395415,523.7616050192579,1.4496,4.398
600.0,80.0,1200,1,23.356988639648396,577.6522148426242,1.4142,3.9877
600.0,80.0,1200,0,29.426419660072455,486.8258545653906,1.578,2.6287
600.0,80.0,1200,0,18.94450679804035,632.2107301147147,1.5674,2.0242
600.0,80.0,1200,0,26.267720377925293,487.9207726854037,1.6047,2.6228
600.0,80.0,1200,1,27.73548934816659,529.575969906502,1.4394,4.3497
600.0,80.0,1200,0,21.590780901424374,546.2362801067397,1.6058,2.3428
600.0,80.0,1200,2,27.800762037879917,435.36044494762643,1.2636,7.3486
600.0,80.0,1200,1,31.129123871968105,662.0464012082174,1.4027,3.4794
600.0,80.0,1200,1,19.51928922910126,487.9514888489989,1.382,4.7207
600.0,80.0,1200,2,26.19684862221156,620.8627804901789,1.2863,5.153
600.0,80.0,1200,2,22.1616811551795,727.2105234958942,1.2458,4.3994
600.0,80.0,1200,2,26.439092109185275,636.0869086770899,1.233,5.0297
600.0,80.0,1200,2,28.47106276262116,431.8126143943887,1.2426,7.409
600.0,80.0,1200,2,25.2182459494622,653.9508784365884,1.312,4.8923
600.0,80.0,1200,1,25.28294471821895,563.7838199382281,1.432,4.0858
600.0,80.0,1200,1,21.445600584067858,453.58497919520806,1.4453,5.0784
600.0,80.0,1200,2,24.15838169537936,504.0513074677689,1.2781,6.3472
600.0,80.0,1200,2,25.300568428264654,443.31256655915956,1.2805,7.2168
600.0,80.0,1200,2,27.790797051245058,738.7906340863465,1.2973,4.3305
600.0,80.0,1200,2,31.875384794033508,504.6257116976416,1.2228,6.3399
600.0,80.0,1200,1,30.3314878947744,638.0504960192774,1.4248,3.6102
600.0,80.0,1200,2,21.114969936307656,374.08797367244944,1.3104,8.5523
600.0,80.0,1200,1,26.329230402927102,644.1673754636035,1.427,3.5759
600.0,80.0,1200,0,28.401327864080542,483.2154602215471,1.596,2.6483
600.0,80.0,1200,1,24.717525305215993,471.0828185713497,1.4119,4.8898
600.0,80.0,1200,1,30.5667844528013,586.495841601439,1.3974,3.9276
600.0,80.0,1200,2,18.42332970833328,417.4732137578834,1.2441,7.6635
600.0,80.0,1200,0,25.0151304746175,447.9191899689763,1.5855,2.857
600.0,80.0,1200,2,29.604002501908212,561.8193129732028,1.2422,5.6945
600.0,80.0,1200,0,23.591842228984405,589.1523864032284,1.6021,2.1721
600.0,80.0,1200,1,22.772070339146968,463.51414159430027,1.44,4.9696
600.0,80.0,1200,2,26.745939279552577,516.8229370418302,1.2264,6.1903
600.0,80.0,1200,2,28.249030474794534,400.7254091303628,1.3173,7.9838
600.0,80.0,1200,2,25.311608366792857,653.3175284817526,1.3167,4.897
600.0,80.0,1200,0,19.420765140018275,714.7458682382593,1.6006,1.7905
600.0,80.0,1200,2,25.028487009929787,410.0021471379082,1.2401,7.8031
600.0,80.0,1200,0,20.109922329794053,536.611336950956,1.5996,2.3848
600.0,80.0,1200,2,31.820786430380686,478.3833439126884,1.2333,6.6877
600.0,80.0,1200,2,19.352388090043977,484.2803866403302,1.2796,6.6063
600.0,80.0,1200,1,28.40851321114374,487.119371619469,1.4425,4.7288
600.0,80.0,1200,0,26.711746009697176,629.9186160544332,1.5671,2.0316
600.0,80.0,1200,0,21.419119471579016,373.88012179171335,1.566,3.4228
600.0,80.0,1200,2,24.617709064029967,360.79792040699823,1.2892,8.8673
600.0,80.0,1200,1,31.501234492006876,699.0289824564192,1.4153,3.2953
600.0,80.0,1200,0,25.634197014100106,429.61373468891435,1.5748,2.9788
600.0,80.0,1200,2,21.96697491914777,653.0929561754708,1.2466,4.8987
600.0,80.0,1200,2,19.793509441101246,471.8821840233127,1.2815,6.7799
600.0,80.0,1200,2,18.90214161564705,725.0009012722903,1.2675,4.4128
600.0,80.0,1200,1,30.29739750230137,729.9051132836573,1.4417,3.1559
600.0,80.0,1200,1,31.739114159406853,473.0795757762682,1.419,4.8691
600.0,80.0,1200,1,31.534771878331078,464.24414778755187,1.3847,4.9618
600.0,80.0,1200,1,25.694013143578797,526.324352392342,1.3837,4.3766
600.0,80.0,1200,0,27.356566345126588,356.32571493145485,1.5724,3.5914
600.0,80.0,1200,0,31.67850261729341,457.3497548008436,1.5983,2.7981
600.0,80.0,1200,0,18.819447609073535,702.4231270629049,1.5777,1.8219
600.0,80.0,1200,1,18.75209890300827,735.4064846950234,1.4039,3.1323
600.0,80.0,1200,0,28.785395832379216,730.3169947937554,1.5785,1.7523
600.0,80.0,1200,2,26.60199883458951,413.1851545485846,1.3191,7.743
600.0,80.0,1200,1,30.29014126550424,428.2188414164473,1.4012,5.3792
600.0,80.0,1200,0,29.825019116183398,419.7372715476033,1.5795,3.0489
600.0,80.0,1200,2,18.590210518131038,414.68235027284925,1.2202,7.7151
600.0,80.0,1200,0,26.959373255139447,735.7759725441726,1.5849,1.7393
600.0,80.0,1200,1,25.40551267380124,486.8269775478976,1.4059,4.7316
600.0,80.0,1200,0,25.57464056217951,362.8564221827454,1.566,3.5268
600.0,80.0,1200,1,19.60489579334922,406.75926422260835,1.4472,5.663
600.0,80.0,1200,1,20.287464099977573,688.0615292500736,1.4372,3.3478
600.0,80.0,1200,2,23.659220325430148,604.5599906389821,1.2899,5.2919
600.0,80.0,1200,2,23.01022614745961,428.8325794208084,1.26,7.4605
600.0,80.0,1200,0,24.284860102723044,592.0100905301451,1.5666,2.1617
600.0,80.0,1200,0,28.409094498222693,724.1064699102346,1.5916,1.7673
600.0,80.0,1200,1,19.062933951598435,659.8123809422799,1.4304,3.4911
600.0,80.0,1200,0,28.071012241154484,499.9958183022094,1.5817,2.5595
600.0,80.0,1200,2,28.520530690984177,406.9500171360079,1.3066,7.8616
600.0,80.0,1200,1,19.328930540214795,641.5528440546776,1.4366,3.5905
600.0,80.0,1200,0,31.52521461245866,743.533064809522,1.6043,1.7211
600.0,80.0,1200,0,24.386784244157955,566.1357958256974,1.5947,2.2604
600.0,80.0,1200,1,23.979406348908363,453.2207416347791,1.4229,5.0825
600.0,80.0,1200,2,21.62616368122118,498.5073540674389,1.2888,6.4178
600.0,80.0,1200,2,18.22416748268232,509.0487101653823,1.2569,6.2849
600.0,80.0,1200,2,25.855523769143332,737.5321958696808,1.3169,4.3378
600.0,80.0,1200,2,30.188992001003875,398.33074347966027,1.2849,8.0318
600.0,80.0,1200,0,20.977792564731633,542.9085252754109,1.5995,2.3572
600.0,80.0,1200,0,29.468598016693093,579.0076518970488,1.5972,2.2102
600.0,80.0,1200,2,28.85220089084786,473.5184756398163,1.2736,6.7564
600.0,80.0,1200,0,19.36670469307408,704.2215311821074,1.5932,1.8172
600.0,80.0,1200,2,20.194315249522344,535.2048612835786,1.2972,5.9777
600.0,80.0,1200,1,25.265134915500493,390.2382212377059,1.4519,5.9028
600.0,80.0,1200,1,19.53952076676167,452.53868376008234,1.4332,5.0902
600.0,80.0,1200,2,23.602734293704657,629.8799144045115,1.2677,5.0792
600.0,80.0,1200,1,27.684316000615013,513.1516878286466,1.4365,4.4889
600.0,80.0,1200,1,30.776138628953376,514.0919963951336,1.4118,4.4807
600.0,80.0,1200,0,20.611378969571064,641.7855992420956,1.5974,1.994
600.0,80.0,1200,1,23.456954860114728,703.9852574580841,1.3874,3.2721
600.0,80.0,1200,2,25.072989119277203,488.91132915397014,1.2363,6.5437
600.0,80.0,1200,2,30.108604462509618,519.282035916488,1.312,6.161
600.0,80.0,1200,2,26.64852449051971,534.8129710303349,1.2905,5.9821
600.0,80.0,1200,2,21.587513787581678,547.6361436209165,1.2158,5.842
600.0,80.0,1200,2,27.900026429586436,416.41212720153675,1.2365,7.683
600.0,80.0,1200,2,30.959433724419988,607.7662933016347,1.2175,5.264
600.0,80.0,1200,0,22.57326592776021,737.9366443400995,1.5829,1.7342
600.0,80.0,1200,2,21.860397337880432,595.097427073336,1.2847,5.3761
600.0,80.0,1200,1,20.316082058789426,706.4436138625776,1.4428,3.2607
600.0,80.0,1200,2,26.643504083859593,529.7549680146611,1.2298,6.0392
600.0,80.0,1200,2,18.136591075572216,507.71432747821586,1.2535,6.3014
600.0,80.0,1200,1,24.776232548250423,397.54037333453937,1.4056,5.7944
600.0,80.0,1200,0,21.376764392300856,465.78876726476517,1.581,2.7474
600.0,80.0,1200,1,27.45670431413669,457.8111364987859,1.4321,5.0315
600.0,80.0,1200,0,22.319619848353742,530.0200684344819,1.5904,2.4145
600.0,80.0,1200,1,23.716068134803,661.0781689068879,1.453,3.4845
600.0,80.0,1200,0,21.00309212625502,399.09066569110433,1.5872,3.2066
600.0,80.0,1200,2,28.315204148283684,367.20898316836923,1.2515,8.7125
600.0,80.0,1200,0,25.944430569929303,357.5993723781679,1.5785,3.5786
600.0,80.0,1200,0,26.385480391027365,490.8187895963792,1.5916,2.6073
600.0,80.0,1200,1,22.723020126250276,418.66359235528273,1.4522,5.502
600.0,80.0,1200,0,20.368690299353798,386.9530905566471,1.5868,3.3072
600.0,80.0,1200,2,20.328888259116958,727.4552556308192,1.2408,4.3979
600.0,80.0,1200,0,25.715614922608736,400.6295287959162,1.5919,3.1943
600.0,80.0,1200,0,19.444917747743705,539.3256795175424,1.576,2.3728
600.0,80.0,1200,0,22.398265442002533,660.7338095087889,1.577,1.9368
600.0,80.0,1200,2,25.926279521604606,668.0207650706313,1.2774,4.7892
600.0,80.0,1200,1,26.44610293256641,527.8021775582649,1.4471,4.3643
600.0,80.0,1200,2,25.666515286216107,371.4665638528069,1.2157,8.6126
600.0,80.0,1200,1,24.1086367115448,634.7746457831208,1.4057,3.6288
600.0,80.0,1200,0,28.135086087287807,498.33228537762403,1.606,2.568
600.0,80.0,1200,2,22.08491182944593,446.00366907491605,1.3076,7.1733
600.0,80.0,1200,2,26.519123026167026,672.6315731801435,1.3054,4.7564
600.0,80.0,1200,1,21.84274548835604,386.83268265613583,1.4489,5.9548
600.0,80.0,1200,0,22.202852629789433,726.8727568263462,1.5816,1.7606
600.0,80.0,1200,0,27.678440058524142,576.6282512774593,1.5793,2.2193
600.0,80.0,1200,2,18.63089678679402,446.36370930532445,1.219,7.1675
600.0,80.0,1200,2,18.871114952834283,602.6944503456994,1.2791,5.3083
600.0,80.0,1200,2,18.16135817457521,563.8429774346528,1.2253,5.6741
600.0,80.0,1200,2,25.03707859703915,524.31320543768,1.2908,6.1019
600.0,80.0,1200,1,22.310330879617815,693.1225366106877,1.3795,3.3234
600.0,80.0,1200,0,29.420985307862843,712.7828560103142,1.5824,1.7954
600.0,80.0,1200,1,23.040688140654026,424.8656171227809,1.3868,5.4217
600.0,80.0,1200,0,31.508493448114276,617.5712163335081,1.5842,2.0722
600.0,80.0,1200,0,28.211446490288708,525.729312989267,1.6038,2.4342
600.0,80.0,1200,1,18.730925244223343,469.3785761031859,1.418,4.9075
600.0,80.0,1200,2,29.398313962485517,663.3660247810998,1.2399,4.8228
600.0,80.0,1200,2,24.582360955126564,638.8521725701954,1.2392,5.0079
600.0,80.0,1200,2,29.59328299810153,416.7229660069851,1.2469,7.6773
600.0,80.0,1200,1,31.246750497661665,457.381970721576,1.3966,5.0363
600.0,80.0,1200,2,24.562930450470155,648.7911615051269,1.2151,4.9312
600.0,80.0,1200,0,30.893438391168573,440.51050584291625,1.5753,2.9051
600.0,80.0,1200,0,25.468109847543364,460.6732011756795,1.5798,2.7779
600.0,80.0,1200,0,24.175008626043354,575.0454754764078,1.568,2.2254
600.0,80.0,1200,2,29.030947528332,450.05214211417456,1.2782,7.1087
600.0,80.0,1200,0,18.31340245651644,415.78633362002734,1.5728,3.0778
600.0,80.0,1200,1,23.652464985562222,594.4007640708052,1.4326,3.8753
600.0,80.0,1200,0,23.438872807571386,730.9841147225848,1.6009,1.7507
600.0,80.0,1200,0,24.56269889373959,559.076160235624,1.5916,2.289
600.0,80.0,1200,1,19.024320294049314,601.3896104712139,1.3864,3.8303
600.0,80.0,1200,0,21.476341120074252,631.6497421129811,1.5707,2.026
600.0,80.0,1200,1,22.67133187178961,566.278520150166,1.4333,4.0678
600.0,80.0,1200,1,31.235721385867585,588.4100123673855,1.4503,3.9148
600.0,80.0,1200,2,20.641884478629812,473.0297066925987,1.2431,6.7634
600.0,80.0,1200,0,23.846680423878958,577.4915593887886,1.6018,2.216
600.0,80.0,1200,2,31.753883611232315,628.3320538813937,1.2457,5.0917
600.0,80.0,1200,2,20.761353253909792,417.73093181181486,1.2979,7.6588
600.0,80.0,1200,0,26.132857519001313,684.988555003803,1.5961,1.8682
600.0,80.0,1200,2,22.108621912269143,514.5438817917126,1.2265,6.2177
600.0,80.0,1200,0,18.271005158855523,428.88564126066024,1.5987,2.9838
600.0,80.0,1200,0,26.312098461501186,399.9186454325445,1.589,3.1999
600.0,80.0,1200,2,21.75762407602054,509.736789868407,1.3182,6.2764
600.0,80.0,1200,0,23.092019706088823,605.9612837558321,1.5871,2.1119
600.0,80.0,1200,2,30.920148517634516,654.9761987333302,1.31,4.8846
600.0,80.0,1200,0,25.020061952780786,646.1135397828232,1.5863,1.9806
600.0,80.0,1200,2,27.07895946581003,619.9316995953817,1.2746,5.1607
600.0,80.0,1200,2,30.37619717216654,494.0978321553928,1.2551,6.475
600.0,80.0,1200,1,24.448062821804143,548.0348245808877,1.4391,4.2032
600.0,80.0,1200,0,22.328018241162788,495.4909946578861,1.5682,2.5827
600.0,80.0,1200,0,18.828108921272808,529.4095320905943,1.5966,2.4173
600.0,80.0,1200,1,19.953240994523775,693.9939748347174,1.4436,3.3192
600.0,80.0,1200,1,21.41663915501602,687.6358563117681,1.3846,3.3499
600.0,80.0,1200,2,28.985809120981752,596.3339651347103,1.2706,5.3649
600.0,80.0,1200,2,21.22808119101005,630.8765050946263,1.2381,5.0712
600.0,80.0,1200,2,22.092261103066157,489.0215512176194,1.2176,6.5422
600.0,80.0,1200,0,21.577279049156648,531.5036576827833,1.5967,2.4077
600.0,80.0,1200,2,29.005640558366895,696.0804963920739,1.2695,4.5962
600.0,80.0,1200,0,18.76349404930237,562.5276377308744,1.5687,2.2749
600.0,80.0,1200,2,30.793625433464463,652.1516457661864,1.2687,4.9058
600.0,80.0,1200,1,18.241792759814864,742.3640188486058,1.407,3.1029
600.0,80.0,1200,0,21.237495812555622,435.84626321893415,1.5745,2.9362
600.0,80.0,1200,1,20.972855217288593,555.7573113090428,1.4172,4.1448
600.0,80.0,1200,0,27.15378517757175,555.4163329467704,1.5899,2.3041
600.0,80.0,1200,1,30.969095425788595,672.0445166797208,1.4458,3.4276
600.0,80.0,1200,1,23.89733644408059,350.64208351433786,1.4127,6.5694
600.0,80.0,1200,0,29.17648633846566,729.5023285199525,1.5867,1.7542
600.0,80.0,1200,0,28.28566744003306,368.3649339609607,1.571,3.4741
600.0,80.0,1200,2,24.035642258479648,374.23184179123,1.2217,8.549
600.0,80.0,1200,1,20.448443149650043,630.2156260902387,1.3858,3.6551
600.0,80.0,1200,1,24.322827798792577,556.4163354079303,1.4318,4.1399
600.0,80.0,1200,0,31.304134292669836,709.6204099243707,1.606,1.8034
600.0,80.0,1200,2,19.777483554406675,473.172803532629,1.232,6.7614
600.0,80.0,1200,1,30.971743008990405,653.9115365988232,1.45,3.5226
600.0,80.0,1200,1,24.486488073501953,427.7651140483234,1.3886,5.385
600.0,80.0,1200,0,29.790065527418626,568.3711963086947,1.6076,2.2516
600.0,80.0,1200,0,30.639346605168846,560.2571783258159,1.5944,2.2842
600.0,80.0,1200,2,20.62523685897193,722.1063933211381,1.2239,4.4305
600.0,80.0,1200,0,31.20737015000324,404.81256938655,1.5975,3.1613
600.0,80.0,1200,1,31.64681185233782,694.3385820614269,1.3972,3.3175
600.0,80.0,1200,1,22.354444650948437,727.109278575047,1.4428,3.168
600.0,80.0,1200,2,27.552055070667393,707.3342484957276,1.2981,4.523
600.0,80.0,1200,0,28.924250809340194,618.9037191114192,1.5997,2.0677
600.0,80.0,1200,2,18.135524342959208,414.8657174595371,1.2392,7.7116
600.0,80.0,1200,2,25.602316094468236,639.5088130738129,1.3074,5.0027
600.0,80.0,1200,1,30.967348079407543,440.27630891544214,1.4019,5.2319
600.0,80.0,1200,2,23.167047351463825,554.4064672203493,1.2678,5.7707
600.0,80.0,1200,1,30.6816018341626,724.5454551869163,1.4517,3.1792
600.0,80.0,1200,2,21.941049295589927,470.5789257075629,1.2187,6.7986
600.0,80.0,1200,0,28.60444173902677,442.14696679052946,1.5845,2.8943
600.0,80.0,1200,1,22.920947118250623,633.0460342857081,1.4486,3.6387
600.0,80.0,1200,2,18.668156288227497,724.0271522994497,1.3184,4.4188
600.0,80.0,1200,2,18.416793773784327,666.5600376208606,1.2581,4.7997
600.0,80.0,1200,0,21.53474728392933,367.44870444183624,1.5669,3.4827
600.0,80.0,1200,0,18.08438459191433,581.9690768474056,1.5885,2.1989
600.0,80.0,1200,1,25.33536143827524,393.11060883288485,1.4351,5.8597
600.0,80.0,1200,0,31.35497863310188,714.854563189103,1.5741,1.7902
600.0,80.0,1200,1,18.42861031116164,474.2662986057484,1.4158,4.857
600.0,80.0,1200,2,30.924491299272887,489.3215837186883,1.2162,6.5382
600.0,80.0,1200,1,24.79145641383679,414.74250755571177,1.4066,5.554
600.0,80.0,1200,2,29.28646211656129,468.58280013914055,1.3126,6.8276
600.0,80.0,1200,2,23.460127858050647,467.6375989912822,1.3119,6.8414
600.0,80.0,1200,1,21.401908318662514,534.0725613193223,1.3983,4.3131
600.0,80.0,1200,0,21.1897340269466,644.4556242792819,1.5811,1.9857
600.0,80.0,1200,2,26.940348558604867,377.20375208835645,1.2603,8.4816
600.0,80.0,1200,0,24.514635602111888,690.2694045082729,1.5689,1.8539
600.0,80.0,1200,2,31.030269333144282,366.6876737843364,1.291,8.7249
600.0,80.0,1200,0,26.01212173619987,741.3752154444442,1.5958,1.7261
600.0,80.0,1200,2,24.61455364855251,687.9337946552887,1.2409,4.6506
600.0,80.0,1200,1,22.73886611870786,369.2359377307476,1.4181,6.2385
600.0,80.0,1200,0,28.00864554558269,598.7494945796575,1.5934,2.1373
600.0,80.0,1200,2,19.441373425009683,601.0826914482799,1.27,5.3226
600.0,80.0,1200,1,24.985495085474575,481.14918231019806,1.3827,4.7875
600.0,80.0,1200,1,19.60893387814571,457.97110008917696,1.4243,5.0298
600.0,80.0,1200,2,25.904011961963626,369.51642398039354,1.2453,8.6581
600.0,80.0,1200,1,20.57784366002938,411.8137837405821,1.3951,5.5935
600.0,80.0,1200,1,29.841320853165474,519.1090782826357,1.3798,4.4374
600.0,80.0,1200,1,29.765686019467335,506.17968496891007,1.3979,4.5507
600.0,80.0,1200,2,26.364550755015735,645.9534888535003,1.3181,4.9528
600.0,80.0,1200,1,25.7834104887608,433.4628594610424,1.4519,5.3142
600.0,80.0,1200,2,27.610788143324605,538.8068128320026,1.2576,5.9377
600.0,80.0,1200,1,31.934834862650174,656.7863368531434,1.4239,3.5072
600.0,80.0,1200,0,28.495605150702747,357.1715442671105,1.5865,3.5829
600.0,80.0,1200,2,18.93973414503382,380.1900546360328,1.235,8.415
600.0,80.0,1200,2,31.206981687369154,593.2938345582377,1.2724,5.3924
600.0,80.0,1200,1,28.986848315649837,506.3385610141724,1.3873,4.5493
600.0,80.0,1200,0,28.953633067547965,749.326118200482,1.5811,1.7078
600.0,80.0,1200,0,23.08555072583722,372.12576194992823,1.5897,3.4389
600.0,80.0,1200,1,24.262544813456422,706.3948234954756,1.4359,3.2609
600.0,80.0,1200,1,28.92426196500182,736.2905446877635,1.3976,3.1285
600.0,80.0,1200,2,22.44758523582327,420.2619588875152,1.2612,7.6126
600.0,80.0,1200,0,27.72114813523781,682.9029541743707,1.5878,1.8739
600.0,80.0,1200,0,26.031402166407297,688.0119412941435,1.5778,1.86
600.0,80.0,1200,0,19.58183632010272,521.0222421134796,1.5955,2.4562
600.0,80.0,1200,0,25.380257577481675,589.5355637214527,1.581,2.1707
600.0,80.0,1200,0,23.667266616100783,458.48119599298326,1.5739,2.7912
600.0,80.0,1200,2,21.016534206579763,678.1413594178298,1.2332,4.7177
600.0,80.0,1200,0,19.57622341548621,442.2075087297743,1.5728,2.8939
600.0,80.0,1200,2,28.865505821701383,740.2326512162108,1.3103,4.322
600.0,80.0,1200,0,31.84598877198726,536.5471535678516,1.5655,2.3851
600.0,80.0,1200,2,21.67604788292051,510.4358890981981,1.2634,6.2678
600.0,80.0,1200,0,30.979722936910584,366.5783418252466,1.5846,3.491
600.0,80.0,1200,1,31.866258776362123,662.496358876858,1.4287,3.477
600.0,80.0,1200,0,28.64059359340309,660.5348470986613,1.5785,1.9374
600.0,80.0,1200,0,30.165659607804322,448.8596696646855,1.5736,2.851
600.0,80.0,1200,0,31.471475468886965,745.3878097535501,1.5928,1.7168
600.0,80.0,1200,1,22.10783620783272,572.9469013520343,1.4451,4.0204
600.0,80.0,1200,1,27.004910332451146,511.0236456593649,1.4162,4.5076
600.0,80.0,1200,2,30.697239390846295,511.79335792716427,1.3036,6.2512
600.0,80.0,1200,1,23.88043839348524,603.5525698437905,1.4345,3.8166
600.0,80.0,1200,1,27.48397364273117,592.3997369040404,1.4073,3.8884
600.0,80.0,1200,2,21.59565445002376,625.9101846372554,1.2331,5.1114
600.0,80.0,1200,2,23.301690267337612,549.7375278847899,1.2341,5.8197
600.0,80.0,1200,1,22.060836286837443,566.3439488053035,1.3779,4.0673
600.0,80.0,1200,1,20.602069983153683,414.93091363966175,1.4029,5.5515
600.0,80.0,1200,1,24.165990186948036,587.1450909400016,1.394,3.9232
600.0,80.0,1200,0,21.340529286645427,663.9753182308517,1.5913,1.9274
600.0,80.0,1200,1,27.874174961534518,587.699442167705,1.4278,3.9195
600.0,80.0,1200,2,28.627169404001023,657.2147899151178,1.2308,4.868
600.0,80.0,1200,0,31.85655816027468,421.69425296028686,1.5662,3.0347
600.0,80.0,1200,2,31.257154086224887,419.9323186036438,1.2811,7.6186
600.0,80.0,1200,0,26.445571631879545,622.5307529339987,1.5696,2.0557
600.0,80.0,1200,2,18.03949468696712,640.6549002198013,1.244,4.9938
600.0,80.0,1200,0,22.193377382824515,692.8434535946892,1.5685,1.8471
600.0,80.0,1200,0,30.046091007053175,365.60569279047417,1.5994,3.5003
600.0,80.0,1200,2,21.582264558577336,437.75945400166745,1.2871,7.3083
600.0,80.0,1200,2,30.985363562163336,442.0768307625885,1.3095,7.237
600.0,80.0,1200,2,20.91339665929864,430.264137311857,1.2275,7.4357
600.0,80.0,1200,0,22.33646297081977,522.2654987126143,1.589,2.4503
600.0,80.0,1200,0,22.72904274392058,577.7351202422972,1.5977,2.2151
600.0,80.0,1200,0,27.55277757382332,370.36814467290884,1.5846,3.4553
600.0,80.0,1200,2,27.429697518987545,659.3806020394884,1.3182,4.852
600.0,80.0,1200,2,29.571649909104632,488.62944381053137,1.3026,6.5475
600.0,80.0,1200,1,24.33161120333964,723.8695403858255,1.396,3.1822
600.0,80.0,1200,2,19.171648628650907,708.1005836065012,1.2391,4.5181
600.0,80.0,1200,2,27.238405204183174,698.580068800984,1.2183,4.5797
600.0,80.0,1200,2,19.035932087135407,396.1651976738259,1.2694,8.0757
600.0,80.0,1200,2,27.947721669207063,446.70217568209324,1.3094,7.162
600.0,80.0,1200,0,23.78108556463757,625.2428156309578,1.5921,2.0468
600.0,80.0,1200,0,30.85290203139975,684.408464671199,1.5668,1.8698
600.0,80.0,1200,2,30.092168086661324,515.1003704128766,1.248,6.211
600.0,80.0,1200,1,29.86981788894319,662.9888271283018,1.385,3.4744
600.0,80.0,1200,1,24.68805296821408,740.9847400386785,1.4405,3.1087
600.0,80.0,1200,1,21.806758739631615,634.9194926951858,1.4302,3.628
600.0,80.0,1200,0,19.39344832002985,417.0796402421311,1.5727,3.0683
600.0,80.0,1200,0,18.71158434536691,430.9449447696513,1.5679,2.9696
600.0,80.0,1200,0,25.205626157074036,391.76954383698967,1.5881,3.2665
600.0,80.0,1200,1,30.754727413196804,496.5064911712201,1.4485,4.6394
600.0,80.0,1200,2,25.663726885684884,399.0387565610122,1.2286,8.0175
600.0,80.0,1200,0,24.622884253171232,723.5042804960377,1.6076,1.7688
600.0,80.0,1200,2,19.628212552592004,494.936569443562,1.2618,6.4641
600.0,80.0,1200,1,31.672183283894128,424.765796363881,1.4407,5.423
600.0,80.0,1200,0,24.43032181276957,547.601637153916,1.5828,2.337
600.0,80.0,1200,1,20.34334084068714,710.8066172072297,1.4138,3.2407
600.0,80.0,1200,2,29.240843583661636,669.6908237831759,1.2613,4.7773
600.0,80.0,1200,1,31.819427647701758,394.27295030988296,1.4302,5.8424
600.0,80.0,1200,1,19.422409012128877,536.9698159139673,1.4394,4.2898
600.0,80.0,1200,0,30.215221191254606,726.7455087196988,1.5735,1.7609
600.0,80.0,1200,0,29.616907228880986,423.84558923660757,1.6022,3.0193
600.0,80.0,1200,1,19.461034087798545,419.4369228101013,1.4159,5.4919
600.0,80.0,1200,1,18.743192491646923,719.9380092460525,1.3988,3.1996
600.0,80.0,1200,1,21.388828204937425,461.6237398191387,1.4269,4.99
600.0,80.0,1200,0,23.208962164093986,428.74294009344146,1.5672,2.9848
600.0,80.0,1200,1,23.21396620531644,594.6311321573481,1.4448,3.8738
600.0,80.0,1200,2,20.49032969725601,472.7927831116598,1.3029,6.7668
600.0,80.0,1200,0,31.851897534052902,656.4566032815233,1.6076,1.9494
600.0,80.0,1200,0,22.897354860931777,462.8242277115656,1.6062,2.765
600.0,80.0,1200,2,30.06449254955136,379.61003131422433,1.2993,8.4279
600.0,80.0,1200,1,26.88148675300952,619.2765669876452,1.3845,3.7197
600.0,80.0,1200,0,21.83997197647643,736.4067683179497,1.5818,1.7378
600.0,80.0,1200,2,21.515692953514225,719.6924315904256,1.2814,4.4454
600.0,80.0,1200,1,31.13131929964802,550.0743890385195,1.4133,4.1876
600.0,80.0,1200,1,21.134720914515672,373.23353339146,1.4046,6.1717
600.0,80.0,1200,2,29.86913218401065,391.2315256972703,1.2638,8.1775
600.0,80.0,1200,2,23.924350113117242,628.7840192715183,1.2732,5.0881
600.0,80.0,1200,0,28.189485544372104,369.42313825319013,1.5757,3.4641
600.0,80.0,1200,2,24.166383995788784,478.9743524631641,1.2415,6.6795
600.0,80.0,1200,2,29.663170846130818,476.4994213827109,1.2541,6.7142
600.0,80.0,1200,1,27.95926109435082,391.55520499597424,1.3834,5.8829
600.0,80.0,1200,1,18.219471763779623,535.3287415534246,1.4532,4.303
600.0,80.0,1200,1,22.94995519188282,512.0912926287308,1.3781,4.4982
600.0,80.0,1200,2,28.194981128368816,721.2989045189101,1.2975,4.4355
600.0,80.0,1200,2,30.902033139467413,605.9211170039467,1.2673,5.2801
600.0,80.0,1200,0,22.62159574016718,368.7370550821955,1.6,3.4705
600.0,80.0,1200,1,20.8323633835291,529.2939284437955,1.4543,4.352
600.0,80.0,1200,2,23.958616217478685,409.15815456989236,1.2271,7.8192
600.0,80.0,1200,0,29.23492947798419,537.8705673856277,1.6023,2.3792
600.0,80.0,1200,1,27.731441671331694,581.0228951924407,1.4372,3.9645
600.0,80.0,1200,0,31.2055727493788,729.3163481708739,1.5822,1.7547
600.0,80.0,1200,1,24.207761447665796,436.3065167188635,1.4164,5.2795
600.0,80.0,1200,0,20.38850802114413,657.8743033627234,1.5783,1.9452
600.0,80.0,1200,2,21.16588308356816,567.0439649630716,1.2263,5.6421
600.0,80.0,1200,1,29.678968218739946,514.0444071157552,1.4289,4.4811
600.0,80.0,1200,1,19.99433344218542,415.8085098543179,1.3778,5.5398
600.0,80.0,1200,2,30.316196650290387,659.9658157299059,1.2247,4.8477
600.0,80.0,1200,2,19.273095059115082,509.54260108237173,1.2825,6.2788
600.0,80.0,1200,2,20.408510750875113,451.9176558318803,1.2592,7.0794
600.0,80.0,1200,2,25.850021264116307,505.14085017488463,1.2195,6.3335
600.0,80.0,1200,1,29.857316102904925,675.8036750089547,1.3795,3.4085
600.0,80.0,1200,0,19.297315872674833,685.3182923085562,1.577,1.8673
600.0,80.0,1200,0,23.04256015338185,669.4857293812115,1.581,1.9115
600.0,80.0,1200,0,31.398029965206195,534.2486283118815,1.5926,2.3954
600.0,80.0,1200,2,22.437614909046758,649.3076867264232,1.3055,4.9272
600.0,80.0,1200,2,25.08882551628531,357.95919132836127,1.3085,8.9376
600.0,80.0,1200,0,25.302447605507723,481.4237893407263,1.6047,2.6582
600.0,80.0,1200,2,23.901989629725016,396.66495618191635,1.2224,8.0655
600.0,80.0,1200,0,25.108937077352056,414.93434220207854,1.5708,3.0841
600.0,80.0,1200,1,23.76350958872265,434.69545381716506,1.4103,5.2991
600.0,80.0,1200,1,18.02581997644615,638.1245234104615,1.4198,3.6098
600.0,80.0,1200,0,21.424370250905284,370.37340405998935,1.5723,3.4552
600.0,80.0,1200,0,31.488903991771586,498.7564749227977,1.5764,2.5658
600.0,80.0,1200,0,29.046378394414738,624.1194010649226,1.5848,2.0504
600.0,80.0,1200,0,31.263121500471975,545.2590030496362,1.5709,2.347
600.0,80.0,1200,2,25.508788597273064,450.22852909503973,1.228,7.1059
600.0,80.0,1200,1,21.398811422719913,543.871688310572,1.4177,4.2354
600.0,80.0,1200,2,28.272832888536733,689.691517822341,1.2731,4.6387
600.0,80.0,1200,0,19.806410820356202,538.8773083302283,1.6053,2.3748
600.0,80.0,1200,2,26.136528019998867,513.1853718513298,1.2713,6.2342
600.0,80.0,1200,2,28.24607720533137,355.0022700989357,1.3011,9.012
600.0,80.0,1200,1,24.41909148626888,627.0939105642057,1.3953,3.6733
600.0,80.0,1200,1,31.181263858578504,367.1417832505565,1.4349,6.2741
600.0,80.0,1200,0,24.70119820997166,735.7602551587282,1.5971,1.7393
600.0,80.0,1200,0,24.914406000862105,585.1073406191942,1.5835,2.1872
600.0,80.0,1200,1,30.31061961922637,378.14550799878594,1.4039,6.0916
600.0,80.0,1200,0,24.447826552203587,589.103853453078,1.6004,2.1723
600.0,80.0,1200,2,29.070461903008074,478.40687081368293,1.2213,6.6874
600.0,80.0,1200,1,28.524821868716085,424.67356387562035,1.3857,5.4242
600.0,80.0,1200,1,25.3131680555925,711.6916076709704,1.393,3.2366
600.0,80.0,1200,2,24.80247738793856,635.1245215330914,1.2606,5.0373
600.0,80.0,1200,0,22.981006533152986,657.9276449700774,1.5939,1.9451
600.0,80.0,1200,0,30.34411378549793,702.8584617676256,1.5747,1.8207
600.0,80.0,1200,2,24.332103963101734,675.0295450423298,1.2897,4.7395
600.0,80.0,1200,2,24.613403200982972,502.7230017850229,1.2588,6.3639
600.0,80.0,1200,2,18.117977859077957,696.7424209682697,1.2631,4.5918
600.0,80.0,1200,1,20.423223462335596,742.8194975213453,1.38,3.101
600.0,80.0,1200,1,20.3760735384431,433.4797313373442,1.4288,5.314
600.0,80.0,1200,0,22.471088055987835,665.1215472072915,1.5904,1.924
600.0,80.0,1200,1,27.113143415452598,499.4700805395368,1.3787,4.6119
600.0,80.0,1200,1,19.94145906435228,390.13333224664166,1.4354,5.9044
600.0,80.0,1200,1,25.418120563857272,661.2894401274059,1.4167,3.4833
600.0,80.0,1200,2,18.959993487726955,517.4703336211237,1.3103,6.1826
600.0,80.0,1200,2,27.509333446293724,424.1778658315783,1.2476,7.5423
600.0,80.0,1200,2,21.951537389111877,433.16427264819356,1.3189,7.3859
600.0,80.0,1200,2,29.349475515660234,385.9884372889784,1.3114,8.2886
600.0,80.0,1200,1,24.534102731300997,389.9157188516287,1.4013,5.9077
600.0,80.0,1200,0,22.152158445013114,564.7295536108292,1.6004,2.2661
600.0,80.0,1200,1,23.720196885613987,403.4596187138265,1.4303,5.7094
600.0,80.0,1200,1,21.294978965183695,357.15050146880276,1.4237,6.4496
600.0,80.0,1200,0,20.088748767664324,353.69445751736293,1.5727,3.6181
600.0,80.0,1200,1,19.1584976629192,570.5297965038408,1.4249,4.0375
600.0,80.0,1200,0,18.97233482791382,690.9889302530366,1.6076,1.852
600.0,80.0,1200,2,30.55847856320677,547.9609209506083,1.3125,5.8386
600.0,80.0,1200,0,27.135444638448174,471.53469415033527,1.5704,2.7139
600.0,80.0,1200,0,28.550770654871087,552.0483419147442,1.6054,2.3181
600.0,80.0,1200,1,19.38422421431461,643.0042850123083,1.3896,3.5824
600.0,80.0,1200,1,22.978334500818654,654.9934685458153,1.3838,3.5168
600.0,80.0,1200,0,22.46921930228606,727.2084810736724,1.583,1.7598
600.0,80.0,1200,0,25.27808688880716,594.5265474636075,1.6001,2.1525
600.0,80.0,1200,0,18.365680441125384,699.5169234581238,1.6013,1.8294
600.0,80.0,1200,2,23.796064346049363,654.189890475963,1.2566,4.8905
600.0,80.0,1200,1,26.184592227671494,711.7141352783372,1.448,3.2365
600.0,80.0,1200,1,27.1660556898898,633.9405463458247,1.435,3.6336
600.0,80.0,1200,0,26.525450743759116,512.8010751826616,1.5875,2.4955
600.0,80.0,1200,2,18.672273178717706,565.5639815721661,1.3081,5.6568
600.0,80.0,1200,1,30.158228908010933,458.359228463645,1.3847,5.0255
600.0,80.0,1200,2,19.834906082533752,389.7781305821672,1.2159,8.208
600.0,80.0,1200,1,19.85403379884876,599.8625607205541,1.4432,3.84
600.0,80.0,1200,0,28.68672126055763,738.4444826600577,1.5664,1.733
600.0,80.0,1200,2,19.38762257621695,608.2024769540426,1.273,5.2603
600.0,80.0,1200,0,29.54397592605581,510.9054442899761,1.5659,2.5048
600.0,80.0,1200,2,18.62701170850856,464.18144127913865,1.3051,6.8923
600.0,80.0,1200,1,18.152648612899757,352.3256700517166,1.4527,6.538
600.0,80.0,1200,0,30.89426007765345,540.9498059108021,1.6057,2.3657
600.0,80.0,1200,2,18.028375881473316,608.7182733864106,1.2246,5.2558
600.0,80.0,1200,0,21.258742548764914,462.90546431363174,1.5851,2.7645
600.0,80.0,1200,0,28.437953672105305,688.945100262267,1.5677,1.8575
600.0,80.0,1200,1,27.123018762469663,373.56272988271485,1.4537,6.1663
600.0,80.0,1200,0,24.024808404160297,614.0049833260239,1.5675,2.0842
600.0,80.0,1200,0,25.99746674531856,361.09276629467206,1.6023,3.544
600.0,80.0,1200,2,20.031667579716785,472.4949001091326,1.2436,6.7711
600.0,80.0,1200,1,21.152064133270596,636.8440867273616,1.4314,3.617
600.0,80.0,1200,0,24.853622728856063,486.2991484162533,1.6003,2.6315
600.0,80.0,1200,0,22.464228794009273,591.9879602135604,1.5929,2.1617
600.0,80.0,1200,0,30.527701652733153,474.8515401225203,1.5963,2.695
600.0,80.0,1200,1,30.644931297691382,357.11121600580213,1.4452,6.4504
600.0,80.0,1200,2,18.912751087077872,500.46228337981745,1.2137,6.3927
600.0,80.0,1200,0,30.943451331778324,448.47262538725,1.5937,2.8535
600.0,80.0,1200,0,28.41673651353453,731.3720245731809,1.5918,1.7498
600.0,80.0,1200,0,30.7681238057787,351.37017864339623,1.6005,3.6421
600.0,80.0,1200,2,31.079515016754655,588.7963052313465,1.256,5.4336
600.0,80.0,1200,0,18.309814661578574,475.6433227290803,1.5709,2.6905
600.0,80.0,1200,2,30.84780637055497,627.5807122948067,1.2771,5.0978
600.0,80.0,1200,1,29.003459624284698,749.1671086437466,1.3979,3.0747
600.0,80.0,1200,1,29.628703716197045,609.7414606364358,1.3962,3.7778
600.0,80.0,1200,2,21.67164501095275,511.2926893716095,1.2593,6.2573
600.0,80.0,1200,0,27.107405859292538,545.1074282281916,1.6047,2.3476
600.0,80.0,1200,2,21.79292544297338,728.6812134443974,1.2245,4.3905
600.0,80.0,1200,2,22.20881498343509,707.8852723358473,1.2402,4.5195
600.0,80.0,1200,1,26.944890807131703,721.4218755808351,1.4366,3.193
600.0,80.0,1200,0,22.48066556773857,503.0738763013311,1.5886,2.5438
600.0,80.0,1200,2,19.096553529518868,689.2605287739163,1.2387,4.6416
600.0,80.0,1200,1,26.454417893740683,487.73879654172254,1.4137,4.7228
600.0,80.0,1200,1,29.901855738624235,609.6050910911388,1.3866,3.7787
600.0,80.0,1200,0,31.309819063469938,716.8105567449891,1.5689,1.7853
600.0,80.0,1200,1,24.559454585464614,404.7265254405698,1.4036,5.6915
600.0,80.0,1200,2,21.640683450411046,563.6845471541533,1.2206,5.6757
600.0,80.0,1200,2,29.510004195438786,450.78262078711697,1.235,7.0972
600.0,80.0,1200,2,24.995944939349826,498.6656678630387,1.2325,6.4157
600.0,80.0,1200,2,28.1026313557986,546.4065883247941,1.2933,5.8552
600.0,80.0,1200,2,20.69070832262041,737.2124666529846,1.2331,4.3397
600.0,80.0,1200,2,24.112156956980016,427.9775443038629,1.2181,7.4754
600.0,80.0,1200,0,22.857547976490682,744.4848417690112,1.6004,1.7189
600.0,80.0,1200,2,18.601146051465346,416.3819903353028,1.2906,7.6836
600.0,80.0,1200,1,18.074647989109035,427.5549833044658,1.4354,5.3876
600.0,80.0,1200,1,20.9333675299776,719.7617068107709,1.4153,3.2004
600.0,80.0,1200,2,30.169227857516226,418.9896583523878,1.3148,7.6357
600.0,80.0,1200,2,31.276342678945497,373.7749661280166,1.2547,8.5594
600.0,80.0,1200,1,31.746236617568638,481.8623597906459,1.4065,4.7804
600.0,80.0,1200,2,22.165134032407035,501.6610866376083,1.2637,6.3774
600.0,80.0,1200,0,27.13433144896809,748.5738654208292,1.6002,1.7095
600.0,80.0,1200,1,22.43922255532079,407.2977099561511,1.4404,5.6556
600.0,80.0,1200,1,31.71246376639338,534.5362605177339,1.4339,4.3093
600.0,80.0,1200,1,27.695435479328193,460.62117845487364,1.4066,5.0008
600.0,80.0,1200,2,23.21606763083689,444.18092550284564,1.2668,7.2027
600.0,80.0,1200,1,21.225797325480116,381.7132079856825,1.4322,6.0346
600.0,80.0,1200,2,20.789574432077558,481.9317013121891,1.246,6.6385
600.0,80.0,1200,2,19.00135074522156,605.0959920964178,1.3081,5.2873
600.0,80.0,1200,1,24.61384286494846,696.4450318583195,1.4146,3.3075
600.0,80.0,1200,0,23.888778240119258,372.9308714110167,1.5791,3.4315
600.0,80.0,1200,2,28.175397803187266,538.7453407392065,1.3036,5.9384
600.0,80.0,1200,2,27.162091692714277,651.5361630508521,1.252,4.9104
600.0,80.0,1200,1,28.299477596370227,420.0837173626236,1.3882,5.4834
600.0,80.0,1200,0,20.027484579198518,698.356958281365,1.5733,1.8325
600.0,80.0,1200,0,25.882738951037144,706.6636155774916,1.5706,1.8109
600.0,80.0,1200,1,23.44296335017578,609.897706166659,1.4386,3.7769
600.0,80.0,1200,2,31.058710796599208,729.3011414610739,1.2747,4.3868
600.0,80.0,1200,0,21.940117769125642,706.6954554730239,1.5685,1.8108
600.0,80.0,1200,1,31.203629654620393,558.7241185091048,1.3783,4.1228
600.0,80.0,1200,2,28.044413989703227,553.9207180222357,1.2636,5.7757
600.0,80.0,1200,2,28.99355266029236,411.94375443981556,1.2606,7.7663
600.0,80.0,1200,1,22.564776668917318,453.05030871626764,1.3779,5.0844
600.0,80.0,1200,2,27.23477298245088,533.263204735676,1.2835,5.9995
600.0,80.0,1200,0,18.820478214108114,376.8307109007974,1.5934,3.396
600.0,80.0,1200,1,21.018590855932455,452.3506203029197,1.3937,5.0923
600.0,80.0,1200,0,23.067851787089793,641.4680954856069,1.5725,1.995
600.0,80.0,1200,0,27.592834564394664,378.3266765418467,1.5923,3.3826
600.0,80.0,1200,1,21.239406413512,492.3849721629616,1.4283,4.6782
600.0,80.0,1200,0,30.816745698766592,596.8625162784043,1.6022,2.1441
600.0,80.0,1200,1,18.263599906628517,482.215824433061,1.404,4.7769
600.0,80.0,1200,0,31.930855026930445,494.1741386255371,1.5688,2.5896
600.0,80.0,1200,0,21.6194311910728,682.4394089585076,1.6078,1.8752
600.0,80.0,1200,2,21.393816997772554,354.7959166174393,1.2998,9.0173
600.0,80.0,1200,1,26.782061127084887,712.4130936311915,1.3993,3.2334
600.0,80.0,1200,0,18.69844618146004,430.55134605239203,1.5904,2.9723
600.0,80.0,1200,1,23.00490997320994,559.7359201137094,1.409,4.1153
600.0,80.0,1200,2,26.112191467272467,423.4819349643014,1.3063,7.5547
600.0,80.0,1200,0,22.07783887236728,490.1764673788216,1.5846,2.6107
600.0,80.0,1200,2,30.870528683022844,532.2653222814483,1.266,6.0107
600.0,80.0,1200,2,22.120599395452412,725.3294421727024,1.2235,4.4108
600.0,80.0,1200,1,31.540021511708883,665.1010162264301,1.4007,3.4634
600.0,80.0,1200,2,22.958778313433864,724.4677106296579,1.2895,4.4161
600.0,80.0,1200,1,25.44499620678222,412.46465915385,1.4061,5.5847
600.0,80.0,1200,2,23.939087384268745,696.5168390410704,1.2909,4.5933
600.0,80.0,1200,0,31.93069225907783,569.2219078671365,1.6058,2.2482
600.0,80.0,1200,0,29.013381252106594,567.9840893752532,1.5926,2.2531
600.0,80.0,1200,1,23.764052400594526,457.3364182012381,1.4115,5.0368
600.0,80.0,1200,0,27.4353557817835,519.9696576408205,1.595,2.4611
600.0,80.0,1200,1,19.774712612030125,464.4696343128756,1.4403,4.9594
600.0,80.0,1200,1,19.833292792112154,541.1139144497354,1.4182,4.2569
600.0,80.0,1200,2,28.824533291650432,426.724288401149,1.2193,7.4973
600.0,80.0,1200,1,27.78741648534353,379.72087013735694,1.4344,6.0663
600.0,80.0,1200,1,27.28646031040025,635.6336999788678,1.4044,3.6239
600.0,80.0,1200,1,25.597513070199224,633.7350161863524,1.4247,3.6348
600.0,80.0,1200,1,23.251158456132647,370.8909655520504,1.4302,6.2107
600.0,80.0,1200,0,28.690253139777283,492.8227322734582,1.6028,2.5967
600.0,80.0,1200,0,22.011602618692613,389.85227472316274,1.5698,3.2826
600.0,80.0,1200,2,24.998200640732293,442.75314209880185,1.2605,7.2259
600.0,80.0,1200,1,20.250936233757628,699.6150615796632,1.4423,3.2925
600.0,80.0,1200,2,29.58349250012455,618.0519001870704,1.2202,5.1764
600.0,80.0,1200,0,30.993206290415078,668.0210867083456,1.5674,1.9157
600.0,80.0,1200,0,20.821908233555565,632.2735467078307,1.606,2.024
600.0,80.0,1200,0,28.46260655710961,663.0107927035392,1.5925,1.9302
600.0,80.0,1200,0,25.357555923439406,454.0668796573497,1.5816,2.8183
600.0,80.0,1200,1,29.90706321545754,380.2650433904764,1.4223,6.0576
600.0,80.0,1200,1,23.43512558762314,415.3212610105011,1.3824,5.5463
600.0,80.0,1200,0,21.638287136150364,672.4589881976376,1.6054,1.903
600.0,80.0,1200,0,19.986549374918724,409.26479133976994,1.5664,3.1269
600.0,80.0,1200,2,26.345797243909065,432.9754511345137,1.3184,7.3891
600.0,80.0,1200,2,19.403979955226006,704.7726605420892,1.2572,4.5395
600.0,80.0,1200,2,29.895574399379477,499.3397591997018,1.2759,6.4071
600.0,80.0,1200,2,20.148174003950853,544.3488949115924,1.2735,5.8773
600.0,80.0,1200,0,29.395182988829383,354.9524545548576,1.6041,3.6053
600.0,80.0,1200,2,27.21928257905806,718.5330285132297,1.3094,4.4525
600.0,80.0,1200,2,24.699087905070552,569.4591831743627,1.267,5.6181
600.0,80.0,1200,2,19.316366476868033,406.4173623693032,1.2505,7.872
600.0,80.0,1200,1,28.071877252214264,623.4077550838969,1.3937,3.695
600.0,80.0,1200,2,30.90262675172335,508.7533269002604,1.2941,6.2885
600.0,80.0,1200,1,31.91100585730262,718.9860019948736,1.4139,3.2038
600.0,80.0,1200,0,23.173294233752113,735.5763764020822,1.5744,1.7397
600.0,80.0,1200,1,19.985911469572674,674.3381441954482,1.4115,3.4159
600.0,80.0,1200,1,20.193346837981572,503.74161097074034,1.4512,4.5728
600.0,80.0,1200,1,26.43579618808583,447.48578291080935,1.3849,5.1476
600.0,80.0,1200,1,26.375892208789864,517.0010205112736,1.4002,4.4555
600.0,80.0,1200,0,31.476624288769656,718.445377090014,1.5699,1.7812
600.0,80.0,1200,0,31.396899518666764,564.7636336868006,1.5999,2.2659
600.0,80.0,1200,2,19.255102379709857,421.3892249407121,1.2561,7.5923
600.0,80.0,1200,2,19.670833151430575,749.7824889102291,1.3064,4.267
600.0,80.0,1200,2,28.860194223815895,676.127385638247,1.277,4.7318
600.0,80.0,1200,2,20.595243486473585,560.6564755206475,1.2454,5.7063
600.0,80.0,1200,0,29.215341653342957,524.3341901760821,1.5861,2.4407
600.0,80.0,1200,0,23.886428013624066,512.4780944882433,1.5835,2.4971
600.0,80.0,1200,1,21.507169954779272,376.4841139958873,1.4001,6.1184
600.0,80.0,1200,2,18.19311711569816,478.77533445593787,1.2448,6.6823
600.0,80.0,1200,2,26.174625738600106,369.0725265506574,1.2482,8.6685
600.0,80.0,1200,1,23.80564985234765,569.4746881815911,1.4501,4.0449
600.0,80.0,1200,1,29.584540485538994,491.5774666879403,1.4276,4.6859
600.0,80.0,1200,1,22.76774058195604,385.27541606829277,1.4287,5.9788
600.0,80.0,1200,1,26.82451268255428,360.7577779480903,1.4402,6.3852
600.0,80.0,1200,0,30.30731958850548,436.1008558850726,1.5854,2.9345
600.0,80.0,1200,1,18.534010603471902,730.5579885375713,1.4358,3.1531
600.0,80.0,1200,0,28.35528455178288,419.03749363447344,1.5901,3.0539
600.0,80.0,1200,0,22.262935535366402,545.0171812493966,1.5721,2.348
600.0,80.0,1200,0,29.10329424720924,467.4538173849137,1.5929,2.7376
600.0,80.0,1200,2,25.23228760997983,592.7573933643589,1.2718,5.3973
600.0,80.0,1200,0,19.573908159930305,682.1794595395712,1.5998,1.8759
600.0,80.0,1200,0,24.20033490987424,606.4662890869295,1.6047,2.1101
600.0,80.0,1200,2,29.14882573450879,354.14855027881987,1.2203,9.0338
600.0,80.0,1200,0,30.17468353928298,633.6836325239469,1.5791,2.0195
600.0,80.0,1200,2,20.09789515526891,699.3941862296508,1.2534,4.5744
600.0,80.0,1200,2,24.116817578261273,629.2639939112287,1.2918,5.0842
600.0,80.0,1200,2,21.401242652816318,359.96402584024025,1.2321,8.8878
600.0,80.0,1200,0,22.135609770286436,705.2214101807073,1.5856,1.8146
600.0,80.0,1200,0,21.63400808669374,658.4724532351077,1.5876,1.9435
600.0,80.0,1200,0,18.233928081184153,551.2264576026652,1.5896,2.3216
600.0,80.0,1200,0,22.200448521160418,683.3761420772046,1.6067,1.8726
600.0,80.0,1200,2,20.50689163604697,464.95599166814634,1.286,6.8809
600.0,80.0,1200,1,22.45887068501692,379.3941564689375,1.4122,6.0715
600.0,80.0,1200,2,29.03775714116133,492.33734600811556,1.2927,6.4982
600.0,80.0,1200,2,25.327144313920037,671.6980005026455,1.2996,4.763
600.0,80.0,1200,1,26.58560841371088,412.7742889459946,1.3821,5.5805
600.0,80.0,1200,2,28.51911035649176,695.9026638837931,1.2781,4.5973
600.0,80.0,1200,0,31.041622785652162,494.23085444090725,1.5918,2.5893
600.0,80.0,1200,1,30.772853731731438,723.5769460557094,1.4176,3.1835
600.0,80.0,1200,0,19.005598360483088,688.6591182949628,1.5784,1.8583
600.0,80.0,1200,1,28.47763670408367,553.8441192265143,1.428,4.1591
600.0,80.0,1200,0,21.141832039876764,419.8641542655929,1.5692,3.0479
600.0,80.0,1200,2,21.608227252213347,705.646888360588,1.2675,4.5339
600.0,80.0,1200,1,22.540792463164408,678.144861578819,1.3847,3.3968
600.0,80.0,1200,2,29.707586751670483,541.8118197841368,1.2362,5.9048
600.0,80.0,1200,1,26.784723694079275,738.0413792321946,1.4138,3.1211
600.0,80.0,1200,0,19.949507085626713,709.9263805541075,1.5947,1.8026
600.0,80.0,1200,1,31.36653502133954,708.9904415621628,1.4128,3.249
600.0,80.0,1200,1,27.418913148459808,394.8964211808965,1.4354,5.8332
600.0,80.0,1200,2,27.43493959791516,600.8899108064393,1.2288,5.3243
600.0,80.0,1200,1,19.33111155790979,705.7547982764304,1.4257,3.2639
600.0,80.0,1200,0,24.32874425764684,351.42186981373993,1.5943,3.6415
600.0,80.0,1200,1,19.435559923719183,447.78976077033917,1.3788,5.1441
600.0,80.0,1200,2,18.991407229415262,485.5454380797364,1.286,6.5891
600.0,80.0,1200,2,28.449604233614842,674.0482817350385,1.2586,4.7464
600.0,80.0,1200,2,26.434966157636104,639.2241404773661,1.2969,5.005
600.0,80.0,1200,2,18.045399431876678,434.91046268715894,1.2343,7.3562
600.0,80.0,1200,0,19.264236150593263,556.1085328727477,1.5764,2.3012
600.0,80.0,1200,0,27.956562823203072,363.5458819032293,1.5754,3.5201
600.0,80.0,1200,0,18.692535909636714,624.157396089898,1.5681,2.0503
600.0,80.0,1200,0,22.924481491073777,740.8056009294235,1.601,1.7275
600.0,80.0,1200,1,31.120298851033283,377.1825920367613,1.4024,6.1071
600.0,80.0,1200,1,18.669715221410367,356.74018542715555,1.4371,6.4571
600.0,80.0,1200,2,22.55572274729311,414.35615670606404,1.2556,7.7211
600.0,80.0,1200,1,29.495612414744738,732.7010151758583,1.434,3.1438
600.0,80.0,1200,2,18.103897327755316,682.9517714258695,1.2151,4.6845
600.0,80.0,1200,0,23.150834701699175,380.3199617483469,1.5835,3.3648
600.0,80.0,1200,1,21.778746796821544,400.40549947270813,1.4375,5.7529
600.0,80.0,1200,0,28.20868526384683,555.0326467886755,1.6001,2.3057
600.0,80.0,1200,1,22.18834427966977,426.7927533558309,1.4037,5.3972
600.0,80.0,1200,0,20.104325160208123,666.107748967071,1.6004,1.9212
600.0,80.0,1200,2,28.432216673231615,606.1793178055817,1.2387,5.2778
600.0,80.0,1200,0,22.568875633932162,458.7394171390098,1.6001,2.7896
600.0,80.0,1200,0,18.112080961222194,572.7716460821077,1.5801,2.2343
600.0,80.0,1200,2,20.159956373930324,603.0085893892052,1.2483,5.3056
600.0,80.0,1200,1,31.816219450864047,554.8827184793374,1.4285,4.1513
600.0,80.0,1200,0,18.715191198690984,599.7883586422801,1.6044,2.1336
600.0,80.0,1200,0,24.649110222859374,569.9968887305406,1.5885,2.2451
600.0,80.0,1200,0,25.00152023624444,441.05157209086707,1.5964,2.9015
600.0,80.0,1200,2,21.99541531082656,586.7917881627707,1.2438,5.4522
600.0,80.0,1200,0,21.90610977581692,736.7367813504138,1.5889,1.737
600.0,80.0,1200,1,20.35906038362905,541.7696053017848,1.4375,4.2518
600.0,80.0,1200,2,18.936686425134813,374.7727036756744,1.2223,8.5366
600.0,80.0,1200,0,25.033721015440207,741.9174228113055,1.5907,1.7249
600.0,80.0,1200,2,20.779026469250965,393.7451843866392,1.2559,8.1253
600.0,80.0,1200,1,24.869555425887526,542.6336223662729,1.3801,4.245
600.0,80.0,1200,1,22.954087927844554,556.8720390294282,1.3811,4.1365
600.0,80.0,1200,1,19.116190476501767,588.4572395648635,1.3882,3.9145
600.0,80.0,1200,1,21.23551717724184,534.7097809758947,1.3898,4.3079
600.0,80.0,1200,1,18.934384677796412,611.4310267933129,1.3857,3.7674
600.0,80.0,1200,0,29.091058608893878,353.8989850625223,1.5692,3.6161
600.0,80.0,1200,1,23.120004515509393,494.36938438459737,1.3808,4.6595
600.0,80.0,1200,1,28.95722098285946,351.02033186040484,1.431,6.5623
600.0,80.0,1200,2,30.253475736058355,374.39402464649,1.308,8.5453
600.0,80.0,1200,2,18.18912440221559,607.2936717038449,1.2562,5.2681
600.0,80.0,1200,0,23.544187570301524,603.4219728776148,1.6067,2.1208
600.0,80.0,1200,2,25.390232055625802,558.4476594334322,1.2579,5.7289
600.0,80.0,1200,1,26.78849419050625,628.0596233282909,1.4393,3.6676
600.0,80.0,1200,1,29.414230609266586,492.6219626866099,1.4518,4.676
600.0,80.0,1200,0,24.81743068681426,478.7448329990674,1.5694,2.6731
600.0,80.0,1200,2,18.24010087260709,743.0502891584633,1.2798,4.3056
600.0,80.0,1200,2,23.191821913242343,460.7780756025285,1.306,6.9433
600.0,80.0,1200,1,31.373383517042292,586.8337050146642,1.4447,3.9253
600.0,80.0,1200,0,21.182964422032242,446.88829975430406,1.605,2.8636
600.0,80.0,1200,2,22.35988726617706,387.63125553747983,1.2682,8.2535
600.0,80.0,1200,0,28.15912549625288,538.3837779522339,1.5724,2.377
600.0,80.0,1200,0,26.60116998209809,622.6704746905235,1.5866,2.0552
600.0,80.0,1200,0,31.70570768440291,627.1726307063502,1.6033,2.0405
600.0,80.0,1200,1,31.72808897205408,535.3158499729659,1.385,4.3031
600.0,80.0,1200,1,29.958910343140374,406.4326434134791,1.4495,5.6676
600.0,80.0,1200,2,18.842886820686484,497.97125558536084,1.2192,6.4247
600.0,80.0,1200,0,19.57521291912959,702.8642895215162,1.5953,1.8207
2200.0,500.0,3510,0,21.089120112151775,467.7515179327265,1.5267,3.2909
2200.0,500.0,3510,2,25.40273098004721,455.924694412937,1.1738,8.4407
2200.0,500.0,3510,2,27.530689341740878,636.7393378320737,1.2218,6.0438
2200.0,500.0,3510,2,31.946370394579397,428.80389441149146,1.1754,8.9746
2200.0,500.0,3510,1,20.3321527488898,684.4979978612289,1.2941,4.0479
2200.0,500.0,3510,0,29.033605919199303,722.37869042887,1.5456,2.1309
2200.0,500.0,3510,0,30.095287368712626,692.1544826837091,1.543,2.224
2200.0,500.0,3510,1,23.2643272784606,733.1250472079932,1.3629,3.7794
2200.0,500.0,3510,2,24.599605010209544,381.1382851144035,1.2012,10.0969
2200.0,500.0,3510,1,25.21698192959727,688.2837186611014,1.3139,4.0257
2200.0,500.0,3510,1,19.571508465098702,477.93782387394646,1.3777,5.7974
2200.0,500.0,3510,2,31.003072311010428,508.43304111291695,1.1502,7.569
2200.0,500.0,3510,0,21.77700649477164,669.9239468368214,1.5457,2.2978
2200.0,500.0,3510,0,30.037827274470068,414.7796547491157,1.5665,3.7112
2200.0,500.0,3510,2,19.643667028655468,371.7252941223,1.1598,10.3526
2200.0,500.0,3510,1,20.36841497756571,401.61967020910424,1.2956,6.8991
2200.0,500.0,3510,0,31.56160969814819,496.53923625211684,1.5618,3.1001
2200.0,500.0,3510,2,19.796333738333523,467.9508452021155,1.182,8.2238
2200.0,500.0,3510,1,22.846214455631387,511.637558199905,1.3076,5.4156
2200.0,500.0,3510,0,18.538809349196125,413.55104993565453,1.5195,3.7222
2200.0,500.0,3510,1,21.20184093280035,464.88483031121467,1.38,5.9602
2200.0,500.0,3510,2,23.03525473676907,671.1949762735632,1.1494,5.7336
2200.0,500.0,3510,2,26.15679673704662,525.9331789020599,1.1128,7.3172
2200.0,500.0,3510,2,21.5736729853996,531.6975604999761,1.1322,7.2378
2200.0,500.0,3510,0,31.704661979247177,418.1192194386872,1.5568,3.6816
2200.0,500.0,3510,2,26.876762893956805,482.9915504364106,1.1944,7.9677
2200.0,500.0,3510,2,20.309108157321326,520.0564690170027,1.1183,7.3998
2200.0,500.0,3510,2,22.465809830516147,446.6352673660996,1.1636,8.6163
2200.0,500.0,3510,0,23.083841901080582,565.8455190303654,1.5278,2.7204
2200.0,500.0,3510,1,29.473271179542767,558.7862278166676,1.3001,4.9586
2200.0,500.0,3510,1,28.14565730747624,465.9812285051602,1.3159,5.9462
2200.0,500.0,3510,2,18.91736917029241,589.4344753746425,1.1368,6.5289
2200.0,500.0,3510,0,30.44038104584662,543.5793644243782,1.5276,2.8318
2200.0,500.0,3510,0,31.975238084670863,409.19974048760076,1.5225,3.7618
2200.0,500.0,3510,1,21.29594863511172,538.4368381511554,1.3089,5.146
2200.0,500.0,3510,2,28.49490943263774,613.7976210795669,1.1959,6.2697
2200.0,500.0,3510,0,24.860407395131226,730.049018567244,1.5337,2.1085
2200.0,500.0,3510,2,29.04506879974503,734.5990022789297,1.1769,5.2387
2200.0,500.0,3510,1,21.46698152678502,521.0891063232498,1.3743,5.3173
2200.0,500.0,3510,0,22.940763094779697,647.4483944637964,1.5374,2.3775
2200.0,500.0,3510,2,18.946498055689744,387.2908237453661,1.133,9.9365
2200.0,500.0,3510,0,29.652112568002114,595.0226024200197,1.5365,2.587
2200.0,500.0,3510,1,30.15656453666001,353.07589245089173,1.3353,7.8476
2200.0,500.0,3510,0,29.53786424294333,360.5814524457501,1.5328,4.269
2200.0,500.0,3510,0,18.59323451871333,374.2049573596338,1.5407,4.1136
2200.0,500.0,3510,1,29.931536061478415,531.4827170639485,1.313,5.2133
2200.0,500.0,3510,1,19.053941133861393,446.30037987469245,1.3765,6.2084
2200.0,500.0,3510,2,20.47238688729866,474.9739569645792,1.1273,8.1022
2200.0,500.0,3510,2,26.29710578069914,721.4480026180022,1.1423,5.3342
2200.0,500.0,3510,1,19.82304737906385,366.76724912000174,1.3236,7.5547
2200.0,500.0,3510,2,20.595372738589614,664.7565160314657,1.1596,5.7891
2200.0,500.0,3510,1,22.570095217929637,608.5149273187318,1.3835,4.5534
2200.0,500.0,3510,0,28.09550088958624,726.4159472321851,1.525,2.1191
2200.0,500.0,3510,0,23.772644570241162,533.6519626677587,1.5404,2.8845
2200.0,500.0,3510,1,28.407245611193822,720.4645482437542,1.3389,3.8459
2200.0,500.0,3510,1,29.389521329018415,590.8667014299815,1.3735,4.6894
2200.0,500.0,3510,2,28.965824073381043,660.2169746458952,1.1911,5.8289
2200.0,500.0,3510,2,19.888685050707593,550.915455674075,1.1938,6.9853
2200.0,500.0,3510,1,19.2062060451054,678.9457157901152,1.3055,4.081
2200.0,500.0,3510,1,26.211183379134766,470.6728206604213,1.3499,5.8869
2200.0,500.0,3510,0,24.54142377039308,612.6561272669917,1.55,2.5126
2200.0,500.0,3510,0,19.893718020700582,640.8840607839921,1.5596,2.4019
2200.0,500.0,3510,2,21.144648674573023,600.8974499013598,1.1253,6.4043
2200.0,500.0,3510,2,25.372442272433375,436.8242913322417,1.1093,8.8098
2200.0,500.0,3510,2,27.992928340788403,447.8573775294252,1.219,8.5928
2200.0,500.0,3510,2,20.664260670308852,746.4512630141062,1.1846,5.1555
2200.0,500.0,3510,2,20.670720895580548,548.5618237772514,1.1013,7.0153
2200.0,500.0,3510,1,24.326249595471225,460.99924049571507,1.3199,6.0104
2200.0,500.0,3510,0,18.54077401655012,609.877813273904,1.5365,2.524
2200.0,500.0,3510,1,27.00190928536056,361.7370350334302,1.3003,7.6597
2200.0,500.0,3510,2,24.215245737967965,668.5300630590073,1.1909,5.7564
2200.0,500.0,3510,1,27.527079815338887,626.1581055251858,1.3337,4.4251
2200.0,500.0,3510,0,21.064277495055414,618.7880692687158,1.5281,2.4877
2200.0,500.0,3510,1,27.00120778104833,696.7306696217779,1.3751,3.9769
2200.0,500.0,3510,0,24.291807267300165,435.88408524881066,1.5413,3.5315
2200.0,500.0,3510,1,26.004270227896697,464.5094768918934,1.3617,5.965
2200.0,500.0,3510,2,25.358095730004496,525.4996469987518,1.2109,7.3232
2200.0,500.0,3510,0,25.478457417315745,710.569607225976,1.5306,2.1663
2200.0,500.0,3510,2,23.323786900962403,426.3876337059134,1.1155,9.0254
2200.0,500.0,3510,2,18.59112107136332,534.5737074225008,1.1067,7.1989
2200.0,500.0,3510,0,26.190160214000414,449.4883639788786,1.526,3.4246
2200.0,500.0,3510,1,23.562168940633534,602.6802929188366,1.3825,4.5975
2200.0,500.0,3510,0,22.22630718032776,718.9047652560891,1.5455,2.1412
2200.0,500.0,3510,1,25.60647168909993,597.5544614704771,1.3809,4.6369
2200.0,500.0,3510,0,25.36777023070578,653.0195343512538,1.5285,2.3573
2200.0,500.0,3510,2,21.48079935127597,450.2089596996506,1.169,8.5479
2200.0,500.0,3510,2,30.790968996205294,697.2985627188204,1.221,5.5189
2200.0,500.0,3510,2,31.905183505794483,608.0930745905923,1.2071,6.3285
2200.0,500.0,3510,1,31.274514794092465,723.1366457500671,1.3264,3.8316
2200.0,500.0,3510,1,21.928867361581062,582.7176987868864,1.3558,4.755
2200.0,500.0,3510,0,25.542613273790415,382.0890694624662,1.5479,4.0287
2200.0,500.0,3510,1,27.20541451585325,645.5283844677606,1.2957,4.2923
2200.0,500.0,3510,1,19.95638013169609,469.9025250281511,1.3123,5.8965
2200.0,500.0,3510,2,26.616726226956263,714.4509002579491,1.1883,5.3864
2200.0,500.0,3510,1,19.39602433465499,424.4004053087732,1.3336,6.5287
2200.0,500.0,3510,2,23.171846837829257,566.0141656563046,1.127,6.799
2200.0,500.0,3510,2,26.619123463527508,664.6121356115132,1.1444,5.7903
2200.0,500.0,3510,1,19.83314786972088,582.9196682715343,1.3355,4.7533
2200.0,500.0,3510,0,24.668411318994607,576.6134676468716,1.5405,2.6696
2200.0,500.0,3510,1,31.7042496927092,498.30586482989116,1.3219,5.5604
2200.0,500.0,3510,1,22.37865069493654,734.8240403533982,1.3623,3.7707
2200.0,500.0,3510,1,30.224134080621717,370.3796553924866,1.3105,7.481
2200.0,500.0,3510,1,19.92660720137263,677.4965717656046,1.2933,4.0898
2200.0,500.0,3510,2,27.70001009468055,468.63089066329013,1.1456,8.2119
2200.0,500.0,3510,0,23.04185780176873,425.13220265421506,1.5411,3.6208
2200.0,500.0,3510,1,22.271837630785438,517.2783979916542,1.3774,5.3565
2200.0,500.0,3510,1,27.047885316191557,643.4263567238656,1.355,4.3063
2200.0,500.0,3510,1,18.487101801146093,407.7098933022438,1.3008,6.796
2200.0,500.0,3510,0,18.52803776384207,599.5501092200459,1.5229,2.5675
2200.0,500.0,3510,0,21.7613029558271,559.6157778708953,1.5508,2.7507
2200.0,500.0,3510,2,21.54138811038149,355.9011236617123,1.1222,10.8129
2200.0,500.0,3510,0,20.78419945179294,562.8244144451477,1.5476,2.735
2200.0,500.0,3510,2,26.991437018021873,602.4210173827076,1.2159,6.3881
2200.0,500.0,3510,0,24.942677333613382,514.8920172577998,1.5451,2.9896
2200.0,500.0,3510,0,19.86717632364694,565.7675308130117,1.5551,2.7208
2200.0,500.0,3510,2,19.774871020611872,465.5719070648991,1.1236,8.2658
2200.0,500.0,3510,1,27.803852563754205,684.9778867200733,1.2925,4.0451
2200.0,500.0,3510,0,21.893982542872862,528.1543115254792,1.529,2.9146
2200.0,500.0,3510,0,21.36286616006986,646.9811211003143,1.5536,2.3793
2200.0,500.0,3510,1,31.940004881093785,506.1771017400025,1.3525,5.474
2200.0,500.0,3510,2,18.247887133516763,622.9676889109924,1.1125,6.1774
2200.0,500.0,3510,1,27.71811979894655,743.4637858180349,1.3556,3.7269
2200.0,500.0,3510,0,22.802947141998942,677.3663717051786,1.5437,2.2725
2200.0,500.0,3510,2,20.21279924591889,498.4845302678019,1.1443,7.7201
2200.0,500.0,3510,2,30.98142641314616,703.3620309322098,1.1086,5.4713
2200.0,500.0,3510,0,18.823351918449468,572.5328792568289,1.554,2.6886
2200.0,500.0,3510,0,18.35735821116856,610.8434110350065,1.5294,2.52
2200.0,500.0,3510,2,18.074583407435743,491.22391512653167,1.1807,7.8342
2200.0,500.0,3510,1,24.295704927705327,447.93158233178053,1.3223,6.1858
2200.0,500.0,3510,2,18.585580045528513,501.8385937187604,1.1494,7.6685
2200.0,500.0,3510,2,23.499646049058896,460.51098113036676,1.1248,8.3567
2200.0,500.0,3510,2,26.0586740364353,508.0765391097986,1.1934,7.5743
2200.0,500.0,3510,0,22.773376761197905,564.0131847001715,1.5436,2.7293
2200.0,500.0,3510,0,18.25394477588921,561.5168605684619,1.5689,2.7414
2200.0,500.0,3510,0,31.749534849411127,543.3092504622169,1.5382,2.8333
2200.0,500.0,3510,2,26.60373001379478,547.6604203262617,1.1203,7.0269
2200.0,500.0,3510,2,30.136901270300456,600.6807681481441,1.1307,6.4066
2200.0,500.0,3510,1,20.2761947496924,580.0493702954826,1.3407,4.7768
2200.0,500.0,3510,2,30.06635346458363,601.3727536880004,1.2114,6.3992
2200.0,500.0,3510,1,25.83824730300361,478.47579176484163,1.3504,5.7909
2200.0,500.0,3510,1,27.06209839250171,356.18739668912644,1.3578,7.7791
2200.0,500.0,3510,2,31.61321733573112,727.8514962075797,1.1632,5.2873
2200.0,500.0,3510,2,19.025685492961475,607.9645465092366,1.1057,6.3299
2200.0,500.0,3510,2,26.229658829968706,459.0235861478154,1.1834,8.3837
2200.0,500.0,3510,1,30.66426714206972,665.1092222683103,1.3425,4.1659
2200.0,500.0,3510,2,31.83208993748304,409.1485457712991,1.1777,9.4057
2200.0,500.0,3510,0,29.3048041715421,618.4716099433031,1.5354,2.4889
2200.0,500.0,3510,0,30.12930744977048,736.2966885553933,1.5576,2.0906
2200.0,500.0,3510,0,21.22708802340116,449.0006681967035,1.538,3.4284
2200.0,500.0,3510,1,25.762358250491637,426.82273943293166,1.3149,6.4917
2200.0,500.0,3510,0,28.375104120012573,610.6078422478861,1.5401,2.521
2200.0,500.0,3510,2,27.16773801762178,466.61607742794877,1.1805,8.2473
2200.0,500.0,3510,0,27.392606211364722,572.0092087606724,1.529,2.6911
2200.0,500.0,3510,0,20.132028170763935,659.5035007165393,1.5268,2.3341
2200.0,500.0,3510,1,26.00670137571833,476.0947700506223,1.3742,5.8199
2200.0,500.0,3510,0,19.26489518588395,474.3135054679503,1.5591,3.2454
2200.0,500.0,3510,0,23.57792673970644,395.0720214117115,1.552,3.8963
2200.0,500.0,3510,2,30.20990177472325,585.0101738006992,1.1028,6.5782
2200.0,500.0,3510,1,24.457197308407963,520.0592766716836,1.3811,5.3279
2200.0,500.0,3510,0,31.185931245501934,624.2499308025988,1.5255,2.4659
2200.0,500.0,3510,0,19.381576272361805,373.3700018248201,1.5378,4.1228
2200.0,500.0,3510,2,21.89686801261219,646.4830189680263,1.2043,5.9527
2200.0,500.0,3510,0,28.868333662710103,434.75577407212273,1.5563,3.5407
2200.0,500.0,3510,0,29.95570285234279,573.5073647060426,1.5645,2.6841
2200.0,500.0,3510,2,27.221224677003995,581.7050969450463,1.1453,6.6156
2200.0,500.0,3510,0,23.399748671661367,680.1828904863751,1.5667,2.2631
2200.0,500.0,3510,2,27.332794875832228,715.4970964001809,1.2074,5.3785
2200.0,500.0,3510,2,24.900600719681655,633.8402840115864,1.1687,6.0715
2200.0,500.0,3510,0,19.748372458515924,602.0022388369541,1.5327,2.557
2200.0,500.0,3510,1,20.532243783459673,398.95674457550433,1.3136,6.9451
2200.0,500.0,3510,0,20.58534434916219,487.7998246163921,1.5479,3.1557
2200.0,500.0,3510,1,29.790776115964313,559.7937805506751,1.3205,4.9497
2200.0,500.0,3510,2,26.604724802406857,386.67116191136313,1.2148,9.9525
2200.0,500.0,3510,2,28.455169331614655,512.9253692674562,1.1609,7.5027
2200.0,500.0,3510,2,27.37035711793971,630.120199691291,1.1124,6.1073
2200.0,500.0,3510,2,19.72952659932874,689.8645228342917,1.2064,5.5784
2200.0,500.0,3510,0,29.613601554519537,352.981520590347,1.5429,4.3609
2200.0,500.0,3510,1,20.01809575789115,471.7493963085379,1.3757,5.8735
2200.0,500.0,3510,2,26.181736491264125,589.3216669072101,1.1893,6.5301
2200.0,500.0,3510,1,22.22054406643445,739.3709266470498,1.3705,3.7475
2200.0,500.0,3510,1,27.692996772767927,697.3805845447873,1.3701,3.9732
2200.0,500.0,3510,0,25.966731846184402,738.3165199986573,1.5246,2.0849
2200.0,500.0,3510,1,23.285620402146115,462.8842481493093,1.3419,5.9859
2200.0,500.0,3510,1,24.662821635980546,554.1103664748834,1.3401,5.0004
2200.0,500.0,3510,1,28.120259821063158,556.9329387210468,1.2979,4.9751
2200.0,500.0,3510,1,21.31951489162338,526.4548892602586,1.3698,5.2631
2200.0,500.0,3510,2,22.10404651433038,412.4848056928419,1.1177,9.3296
2200.0,500.0,3510,1,23.460346246199045,711.2326208236279,1.3145,3.8958
2200.0,500.0,3510,0,18.31095490308444,528.1579955908223,1.5449,2.9145
2200.0,500.0,3510,0,23.105336926363748,417.1560859961471,1.5288,3.6901
2200.0,500.0,3510,1,19.07697514183956,436.52693902225644,1.3065,6.3474
2200.0,500.0,3510,0,19.664639023929283,501.76742716445654,1.5687,3.0678
2200.0,500.0,3510,2,19.371452164377395,462.2146975319039,1.1198,8.3259
2200.0,500.0,3510,2,29.76248884887338,732.5814103181888,1.1919,5.2531
2200.0,500.0,3510,1,19.21616786455856,439.84392554197353,1.3295,6.2995
2200.0,500.0,3510,2,27.856871912997356,447.95181038503364,1.1117,8.591
2200.0,500.0,3510,2,20.742665416613455,564.4958060990189,1.1562,6.8173
2200.0,500.0,3510,2,28.905014110658108,569.9119517784393,1.1785,6.7525
2200.0,500.0,3510,1,27.216263219985905,652.4037311652534,1.3469,4.2471
2200.0,500.0,3510,2,21.33994505552898,434.8736696644182,1.2137,8.8493
2200.0,500.0,3510,1,29.217140541050014,707.7920612421503,1.3206,3.9147
2200.0,500.0,3510,2,21.26005239426553,574.5729358316722,1.1318,6.6977
2200.0,500.0,3510,1,24.82370311322399,446.7908498677704,1.3629,6.2016
2200.0,500.0,3510,2,25.858899940924328,497.52460239458367,1.1777,7.735
2200.0,500.0,3510,0,25.832026296186076,508.6208441581133,1.5565,3.0265
2200.0,500.0,3510,0,30.41451952576918,518.9385383335766,1.5666,2.9663
2200.0,500.0,3510,1,28.50826426145406,512.1174613747844,1.3827,5.4105
2200.0,500.0,3510,0,26.85637632515511,717.313728409464,1.5277,2.146
2200.0,500.0,3510,1,20.280160536377522,481.32425722588897,1.3232,5.7566
2200.0,500.0,3510,0,18.72007183874926,439.620106055192,1.5297,3.5015
2200.0,500.0,3510,0,27.585207480371388,642.1267303779123,1.5241,2.3972
2200.0,500.0,3510,1,28.00509105817911,409.26272361653747,1.3123,6.7702
2200.0,500.0,3510,2,30.28428001477353,685.701968271891,1.1372,5.6123
2200.0,500.0,3510,1,28.075257650038623,730.3423538427807,1.2961,3.7938
2200.0,500.0,3510,0,18.32211466955306,712.8708976848712,1.54,2.1593
2200.0,500.0,3510,1,25.61011977346916,591.2216635830576,1.3826,4.6866
2200.0,500.0,3510,0,24.820899032098083,543.5229886089394,1.5194,2.8321
2200.0,500.0,3510,2,26.251784087193116,522.7782151304539,1.126,7.3613
2200.0,500.0,3510,1,19.93950391847034,515.4840466360818,1.3081,5.3751
2200.0,500.0,3510,0,26.082052867561924,560.9600186726332,1.5319,2.7441
2200.0,500.0,3510,2,31.555848995578362,493.2680750160265,1.1645,7.8017
2200.0,500.0,3510,0,22.830052854270207,735.9964268623605,1.558,2.0915
2200.0,500.0,3510,0,31.42346500138572,719.6669321694715,1.5448,2.139
2200.0,500.0,3510,1,25.353751876000203,688.9746314228332,1.349,4.0216
2200.0,500.0,3510,0,24.7024026091054,633.3463294855992,1.5373,2.4305
2200.0,500.0,3510,2,25.973331672130954,663.7377258486238,1.2215,5.798
2200.0,500.0,3510,0,27.831412265293626,353.81817813999123,1.5502,4.3506
2200.0,500.0,3510,1,21.386446819875847,564.9491646354762,1.2964,4.9045
2200.0,500.0,3510,1,23.882150192821985,632.6527916279965,1.364,4.3797
2200.0,500.0,3510,1,22.58720218987822,409.5006168736571,1.3779,6.7663
2200.0,500.0,3510,0,19.16577046196539,437.53805507345805,1.5442,3.5182
2200.0,500.0,3510,1,28.269783592808977,623.3079678906029,1.3645,4.4453
2200.0,500.0,3510,1,21.3655601995359,375.7592408438529,1.3631,7.3739
2200.0,500.0,3510,2,25.679179666858264,426.8463894796074,1.2074,9.0157
2200.0,500.0,3510,0,18.19964115590097,393.44479203866126,1.5227,3.9125
2200.0,500.0,3510,2,25.534558635202846,498.8705553700405,1.1913,7.7141
2200.0,500.0,3510,0,28.2414412187069,657.2350162897172,1.525,2.3421
2200.0,500.0,3510,2,26.19755374021203,525.9229276841974,1.2158,7.3173
2200.0,500.0,3510,0,28.439177391521874,552.4087907297915,1.5403,2.7866
2200.0,500.0,3510,0,31.2926476524256,626.575080858157,1.5653,2.4567
2200.0,500.0,3510,2,31.672082363850745,735.5746418164085,1.2143,5.2317
2200.0,500.0,3510,0,24.081828056652427,485.6895468949267,1.5586,3.1694
2200.0,500.0,3510,2,27.185080486953204,389.1830943352182,1.2118,9.8882
2200.0,500.0,3510,0,24.250260437225613,360.88557223648945,1.5656,4.2654
2200.0,500.0,3510,1,28.520016651447712,582.5489201261827,1.3416,4.7563
2200.0,500.0,3510,1,27.310468435851174,415.1541086589611,1.2937,6.6741
2200.0,500.0,3510,1,28.90206561025834,528.9053351295406,1.294,5.2387
2200.0,500.0,3510,2,26.37114714933211,649.9884380409308,1.1136,5.9206
2200.0,500.0,3510,0,23.698293635757885,643.8024155596727,1.5597,2.391
2200.0,500.0,3510,2,23.87486459195604,376.6701018014801,1.1613,10.2167
2200.0,500.0,3510,1,27.013117249841002,404.3089220145594,1.3278,6.8532
2200.0,500.0,3510,0,24.842796656299278,726.8933379452662,1.5488,2.1177
2200.0,500.0,3510,0,19.60411805826216,601.3933825134052,1.5233,2.5596
2200.0,500.0,3510,1,18.752531184335595,495.98277096478506,1.3203,5.5865
2200.0,500.0,3510,0,28.937852156665926,658.2195952417022,1.5593,2.3386
2200.0,500.0,3510,1,30.797753355744376,537.3892189115285,1.339,5.156
2200.0,500.0,3510,0,18.13515342980265,606.3273400674329,1.5268,2.5388
2200.0,500.0,3510,1,19.993849398525867,741.8699390110128,1.374,3.7349
2200.0,500.0,3510,2,18.16086344130055,454.76807790433054,1.1339,8.4622
2200.0,500.0,3510,1,18.13379100136144,699.3239235414978,1.2939,3.9621
2200.0,500.0,3510,0,18.32712714257058,500.786378003024,1.5305,3.0738
2200.0,500.0,3510,0,28.290906139599834,466.7317582332279,1.5184,3.2981
2200.0,500.0,3510,0,25.41291412400397,410.19259364716396,1.5394,3.7527
2200.0,500.0,3510,0,26.272606771124615,385.2865480595715,1.5243,3.9953
2200.0,500.0,3510,1,29.15321373429974,421.4708860590027,1.3675,6.5741
2200.0,500.0,3510,2,19.200606876455584,696.8725904426105,1.1955,5.5223
2200.0,500.0,3510,2,26.47117164145604,406.68322744178516,1.1373,9.4627
2200.0,500.0,3510,0,18.730049674713804,518.9080366201513,1.5297,2.9665
2200.0,500.0,3510,2,18.811154732766717,718.5907016368328,1.2032,5.3554
2200.0,500.0,3510,1,21.58005951715916,544.721684606316,1.3323,5.0866
2200.0,500.0,3510,0,31.49163109288415,633.2230986523143,1.549,2.4309
2200.0,500.0,3510,1,30.84995116000302,705.5487947753995,1.3663,3.9272
2200.0,500.0,3510,2,25.475228923212992,520.5845557861803,1.1461,7.3923
2200.0,500.0,3510,0,26.804050851286313,590.7121280681963,1.5418,2.6059
2200.0,500.0,3510,0,24.564092568981213,354.23849973213515,1.5605,4.3455
2200.0,500.0,3510,0,21.564272219191803,457.4195019544506,1.5408,3.3653
2200.0,500.0,3510,0,27.292906583661463,518.6081861443186,1.5556,2.9682
2200.0,500.0,3510,2,31.957282413969878,645.613498072231,1.1949,5.9607
2200.0,500.0,3510,2,29.292237364455804,632.2113773983875,1.2154,6.0871
2200.0,500.0,3510,2,31.030691129950853,605.5837192147408,1.1797,6.3548
2200.0,500.0,3510,1,25.83176988424048,412.2810743404858,1.3308,6.7207
2200.0,500.0,3510,2,20.996656744008916,566.8921992838814,1.1184,6.7885
2200.0,500.0,3510,1,26.90683808734402,377.13075267875786,1.3444,7.3471
2200.0,500.0,3510,1,20.68727988327072,671.3244498372637,1.3224,4.1274
2200.0,500.0,3510,1,23.090560220435602,684.1721819804889,1.333,4.0499
2200.0,500.0,3510,2,26.644105305423555,674.6662657872355,1.1667,5.7041
2200.0,500.0,3510,1,20.713259216430192,462.35188040664883,1.3025,5.9928
2200.0,500.0,3510,1,28.369167842387405,363.18012140147323,1.3538,7.6293
2200.0,500.0,3510,1,25.935452483246202,536.8520033536325,1.3389,5.1612
2200.0,500.0,3510,2,22.018719564971228,631.773767839037,1.1569,6.0913
2200.0,500.0,3510,2,21.771923887786983,427.65918444488966,1.1584,8.9986
2200.0,500.0,3510,1,24.977704105155308,652.919883200162,1.2923,4.2437
2200.0,500.0,3510,2,22.934791889700776,410.5432031925989,1.0979,9.3738
2200.0,500.0,3510,1,27.64021978572312,500.42575147134175,1.3613,5.5369
2200.0,500.0,3510,2,23.30635111085921,437.5935169995762,1.2068,8.7943
2200.0,500.0,3510,2,24.39080762023488,452.742521781105,1.1671,8.5
2200.0,500.0,3510,1,29.68999146949598,501.3954919150751,1.3122,5.5262
2200.0,500.0,3510,2,23.790423045677606,624.7233646229884,1.1797,6.1601
2200.0,500.0,3510,0,21.95497496922217,542.057294183168,1.5643,2.8398
2200.0,500.0,3510,2,18.19652836543705,468.4146427181909,1.1593,8.2157
2200.0,500.0,3510,2,28.268437399858655,412.98069675995606,1.2187,9.3184
2200.0,500.0,3510,2,27.2997863926862,713.2327072676974,1.208,5.3956
2200.0,500.0,3510,2,21.141387378359344,455.13830476352996,1.1248,8.4553
2200.0,500.0,3510,1,28.992170258940853,515.434054829603,1.3468,5.3757
2200.0,500.0,3510,0,29.07496382197678,564.8894125702252,1.5268,2.725
2200.0,500.0,3510,2,19.603900876824255,709.6494923757947,1.1823,5.4229
2200.0,500.0,3510,2,26.445383707703588,634.4199822545365,1.2063,6.0659
2200.0,500.0,3510,0,26.974880946692906,473.21279636382343,1.5578,3.2529
2200.0,500.0,3510,1,31.88844060449052,707.8620316171703,1.3547,3.9143
2200.0,500.0,3510,1,19.96222121059283,482.50974587684243,1.3175,5.7425
2200.0,500.0,3510,1,28.066739665031363,557.7057362239303,1.3552,4.9682
2200.0,500.0,3510,2,30.71561134005016,401.98184890331675,1.1878,9.5734
2200.0,500.0,3510,0,21.457144411502313,451.7204104805303,1.5539,3.4077
2200.0,500.0,3510,1,31.226972535477103,550.3363633037392,1.3469,5.0347
2200.0,500.0,3510,1,25.996427202540893,484.33146131835065,1.3497,5.7209
2200.0,500.0,3510,0,22.33891281302911,380.91678101384366,1.5549,4.0411
2200.0,500.0,3510,2,19.828764741814286,697.4009384422206,1.1183,5.5181
2200.0,500.0,3510,2,30.56373648010591,378.79141568934546,1.1728,10.1595
2200.0,500.0,3510,1,18.037888888510995,647.1481434737477,1.3145,4.2816
2200.0,500.0,3510,2,26.45778013175857,574.523466594846,1.2071,6.6983
2200.0,500.0,3510,2,31.27584161883284,424.0633268862741,1.1012,9.0749
2200.0,500.0,3510,2,27.097685054530743,673.865276475247,1.1343,5.7108
2200.0,500.0,3510,0,18.11427009951551,677.9087628473965,1.569,2.2707
2200.0,500.0,3510,0,19.21709918484577,404.0699703113279,1.5378,3.8096
2200.0,500.0,3510,0,26.393382879351975,702.4544187381117,1.5519,2.1914
2200.0,500.0,3510,2,29.270501675773474,535.8535668210858,1.1874,7.1817
2200.0,500.0,3510,2,30.38470569705127,451.67900081523646,1.195,8.5201
2200.0,500.0,3510,2,27.926017679883437,475.1058348332223,1.1273,8.1
2200.0,500.0,3510,0,23.969705940632032,673.8095507809423,1.568,2.2845
2200.0,500.0,3510,0,20.87194667670159,413.233887936497,1.5388,3.7251
2200.0,500.0,3510,1,29.975121473762975,463.0855808126986,1.307,5.9833
2200.0,500.0,3510,1,24.25903436785424,515.4200352216411,1.3841,5.3758
2200.0,500.0,3510,0,18.56759155881318,703.2251163639439,1.5277,2.189
2200.0,500.0,3510,1,21.670819214880513,709.1714779580809,1.2993,3.9071
2200.0,500.0,3510,0,19.868625370580126,655.7492793441188,1.5209,2.3474
2200.0,500.0,3510,1,19.061903394400723,742.731601483857,1.2961,3.7306
2200.0,500.0,3510,1,24.85846041964338,421.99370084670505,1.3256,6.566
2200.0,500.0,3510,2,22.422585754612747,526.0347471731612,1.1253,7.3157
2200.0,500.0,3510,0,29.03247121302397,544.9266197076734,1.5229,2.8248
2200.0,500.0,3510,1,28.16340397781159,548.1085491130427,1.3641,5.0552
2200.0,500.0,3510,2,21.87121108189502,531.5817476792039,1.1047,7.2394
2200.0,500.0,3510,2,30.964528481043054,572.0867283655547,1.2179,6.7268
2200.0,500.0,3510,2,26.19146752869652,413.3028184828221,1.2104,9.3112
2200.0,500.0,3510,1,21.430954501129268,467.4817318385825,1.3818,5.9271
2200.0,500.0,3510,1,25.768343800131206,480.929083409235,1.3794,5.7613
2200.0,500.0,3510,2,29.833892456072114,460.5267650513315,1.1223,8.3564
2200.0,500.0,3510,1,21.827122021494358,418.8286561720298,1.3508,6.6156
2200.0,500.0,3510,1,20.136244789448085,645.5637035796975,1.3137,4.2921
2200.0,500.0,3510,2,27.52562741999359,696.0720099898783,1.1969,5.5286
2200.0,500.0,3510,1,23.113127520861095,418.59213324230814,1.3059,6.6193
2200.0,500.0,3510,1,25.443776397968335,644.8515923301303,1.3642,4.2968
2200.0,500.0,3510,1,20.083473702068744,587.529223476999,1.2949,4.716
2200.0,500.0,3510,0,21.410292350107873,514.9091347989603,1.5657,2.9895
2200.0,500.0,3510,1,24.410757388828088,460.6503487220613,1.3794,6.015
2200.0,500.0,3510,0,31.058084798862392,534.3421576877747,1.5487,2.8808
2200.0,500.0,3510,1,22.86832406829647,657.2127407608739,1.3534,4.216
2200.0,500.0,3510,0,29.18985637856899,605.2584557272332,1.5402,2.5433
2200.0,500.0,3510,0,23.12810720207856,449.72167258434587,1.5321,3.4229
2200.0,500.0,3510,1,20.53269358726211,710.2601939598794,1.3286,3.9011
2200.0,500.0,3510,2,21.08619650555108,508.7951589398444,1.1892,7.5636
2200.0,500.0,3510,2,31.6023322683397,729.1643242803354,1.1229,5.2777
2200.0,500.0,3510,0,19.554045062121517,381.05833909800464,1.5268,4.0396
2200.0,500.0,3510,2,24.93269196442921,372.2935124095631,1.1629,10.3368
2200.0,500.0,3510,1,20.189372374573196,556.2740263700472,1.3534,4.981
2200.0,500.0,3510,1,21.611826845629718,702.5846083603691,1.293,3.9437
2200.0,500.0,3510,2,18.75127029597626,494.13107445842115,1.1546,7.7881
2200.0,500.0,3510,1,26.80785035250826,506.46517890934115,1.3362,5.4709
2200.0,500.0,3510,1,18.072586179148338,718.9137583215684,1.3284,3.8541
2200.0,500.0,3510,0,19.37450263660056,655.6847273098074,1.566,2.3477
2200.0,500.0,3510,2,29.964743325181754,445.264146348062,1.1619,8.6428
2200.0,500.0,3510,1,28.70166501059074,606.7762476265141,1.3193,4.5664
2200.0,500.0,3510,2,21.508142445692286,476.7230827148564,1.1686,8.0725
2200.0,500.0,3510,2,29.91677273233731,506.66131547749023,1.2136,7.5955
2200.0,500.0,3510,0,27.281560962004683,695.2218121743766,1.5539,2.2142
2200.0,500.0,3510,1,21.8487321458824,460.59692634766066,1.3366,6.0157
2200.0,500.0,3510,2,22.62775479320851,610.1164119372238,1.1797,6.3075
2200.0,500.0,3510,0,23.77543864536031,704.7471055217804,1.5537,2.1842
2200.0,500.0,3510,2,18.008511570373354,450.68596821699236,1.1417,8.5388
2200.0,500.0,3510,2,27.255711657807574,721.8781278998215,1.1011,5.331
2200.0,500.0,3510,0,23.590047604700274,647.1942330897363,1.5202,2.3785
2200.0,500.0,3510,1,24.32682543709726,715.9959459096499,1.31,3.8699
2200.0,500.0,3510,0,24.42742780640096,501.373535339744,1.5492,3.0702
2200.0,500.0,3510,2,25.462991203650883,523.278720180301,1.1112,7.3543
2200.0,500.0,3510,2,23.00447319329044,467.91289023373633,1.2032,8.2245
2200.0,500.0,3510,2,24.858300168962316,454.0638770963109,1.1361,8.4753
2200.0,500.0,3510,1,20.42452282291042,593.7125459396658,1.319,4.6669
2200.0,500.0,3510,0,23.64148081281432,557.9587243510246,1.5564,2.7589
2200.0,500.0,3510,2,24.197111721579134,530.938331939568,1.2019,7.2482
2200.0,500.0,3510,1,26.250176384623657,383.3795939697652,1.3051,7.2273
2200.0,500.0,3510,0,26.11694936058385,425.26623272775964,1.5367,3.6197
2200.0,500.0,3510,2,28.018877149841593,738.1413739072036,1.1463,5.2135
2200.0,500.0,3510,0,21.896001642630495,367.764610325513,1.5582,4.1856
2200.0,500.0,3510,0,20.160536410778338,357.14415978789947,1.5196,4.3101
2200.0,500.0,3510,1,23.825706941558096,575.3392716177742,1.3099,4.8159
2200.0,500.0,3510,2,18.94370037298107,406.91272522294094,1.1158,9.4574
2200.0,500.0,3510,1,25.043830767213457,511.93005130379026,1.3248,5.4125
2200.0,500.0,3510,0,30.73805688357614,408.47893158184536,1.557,3.7685
2200.0,500.0,3510,1,28.41237679941397,714.8909471512007,1.3823,3.8758
2200.0,500.0,3510,0,24.090349407702135,483.11588269197273,1.5248,3.1863
2200.0,500.0,3510,1,19.559501402840326,672.5636074840435,1.3021,4.1198
2200.0,500.0,3510,0,19.22649272296783,430.5296012770827,1.5191,3.5754
2200.0,500.0,3510,1,24.6851296111941,584.3439501313861,1.3683,4.7417
2200.0,500.0,3510,0,22.777705485829937,631.4485926239776,1.548,2.4378
2200.0,500.0,3510,2,25.501585153333078,739.2348860823672,1.191,5.2058
2200.0,500.0,3510,0,29.47284674267082,444.4636216582359,1.5651,3.4634
2200.0,500.0,3510,1,27.529270854254733,716.1433216197139,1.3437,3.8691
2200.0,500.0,3510,0,22.778809921766054,580.2305382361885,1.5544,2.653
2200.0,500.0,3510,1,21.477397430412125,546.7640112000075,1.3107,5.0676
2200.0,500.0,3510,1,19.96955429773766,537.8560893582742,1.3445,5.1516
2200.0,500.0,3510,0,18.665123526092913,502.0216997183316,1.5373,3.0663
2200.0,500.0,3510,1,25.092971575254683,503.8357172334287,1.3695,5.4994
2200.0,500.0,3510,0,19.895725355372868,472.6442504068446,1.569,3.2569
2200.0,500.0,3510,1,22.43105767153003,401.08503284872495,1.3773,6.9083
2200.0,500.0,3510,1,29.062082988973128,487.02450709334664,1.3584,5.6892
2200.0,500.0,3510,2,28.704601131156334,399.2677879819605,1.144,9.6385
2200.0,500.0,3510,0,23.3590964590515,669.3260589923041,1.5595,2.2998
2200.0,500.0,3510,2,20.88070371250482,487.25855546697204,1.2115,7.8979
2200.0,500.0,3510,2,19.11971069806391,423.9641473255765,1.1019,9.077
2200.0,500.0,3510,0,30.625282699147274,491.6350843050525,1.5402,3.131
2200.0,500.0,3510,1,27.21413698184575,734.1651769398018,1.3564,3.7741
2200.0,500.0,3510,2,28.917055533990336,518.2144385678268,1.1855,7.4261
2200.0,500.0,3510,1,20.435538980626916,377.28572950101733,1.3009,7.344
2200.0,500.0,3510,2,22.962435271977913,735.4532540302871,1.2123,5.2326
2200.0,500.0,3510,0,27.297736317923682,493.2646866074692,1.5609,3.1207
2200.0,500.0,3510,0,24.793226439897253,699.3047929825304,1.5606,2.2012
2200.0,500.0,3510,0,28.947128726656913,748.8956545129122,1.531,2.0555
2200.0,500.0,3510,2,23.087906401930287,419.8694723731758,1.1699,9.1655
2200.0,500.0,3510,1,21.725828451238076,378.51434200523755,1.3804,7.3202
2200.0,500.0,3510,1,24.3217234622794,485.91299742856046,1.3494,5.7023
2200.0,500.0,3510,2,25.68572820043455,585.0116337946135,1.1076,6.5782
2200.0,500.0,3510,0,27.71126609417089,366.9512520292984,1.5547,4.1949
2200.0,500.0,3510,1,30.805715494565277,678.0355773157017,1.3489,4.0865
2200.0,500.0,3510,2,29.9378941015079,649.6458369965774,1.1641,5.9237
2200.0,500.0,3510,1,24.59541382403242,698.938451984544,1.3052,3.9643
2200.0,500.0,3510,2,22.809478354845364,591.6918124504721,1.1198,6.5039
2200.0,500.0,3510,1,20.74185821463857,617.8562480008334,1.3725,4.4845
2200.0,500.0,3510,0,20.487635122320896,588.6167966509136,1.5382,2.6152
2200.0,500.0,3510,1,19.921021992988347,672.7845984851222,1.3307,4.1184
2200.0,500.0,3510,0,25.925708098025368,446.61477678792437,1.5355,3.4467
2200.0,500.0,3510,2,26.921716204090625,676.5485776244368,1.2085,5.6882
2200.0,500.0,3510,0,31.456662840169866,612.8811873630106,1.521,2.5116
2200.0,500.0,3510,1,29.342457602239254,457.67421552616645,1.3105,6.0541
2200.0,500.0,3510,1,30.385577740911327,377.8338598975015,1.3385,7.3334
2200.0,500.0,3510,2,31.549709030158446,743.7950452958711,1.1902,5.1739
2200.0,500.0,3510,1,22.36773713190849,531.4448138149733,1.3833,5.2137
2200.0,500.0,3510,0,22.385674832205623,456.6913748772472,1.539,3.3706
2200.0,500.0,3510,0,20.944362276369418,455.14291241230273,1.5675,3.3821
2200.0,500.0,3510,1,30.663113543929306,469.839133354412,1.3688,5.8973
2200.0,500.0,3510,1,19.50596529441009,486.2167735909476,1.3121,5.6987
2200.0,500.0,3510,1,30.54638671783929,663.2647921294848,1.3103,4.1775
2200.0,500.0,3510,1,29.10973217948733,686.9294801318778,1.2976,4.0336
2200.0,500.0,3510,2,29.403057866551006,472.0438067554265,1.1482,8.1525
2200.0,500.0,3510,2,21.381051703789264,372.81531486888696,1.0953,10.3224
2200.0,500.0,3510,0,29.267540136592707,453.4805938158669,1.5251,3.3945
2200.0,500.0,3510,0,30.09002290587885,701.480057478009,1.5516,2.1944
2200.0,500.0,3510,0,24.063021771729186,412.0215045405796,1.5182,3.7361
2200.0,500.0,3510,1,19.126966470281133,428.96081240906267,1.3472,6.4593
2200.0,500.0,3510,2,28.1231409152821,573.8815921265923,1.1697,6.7058
2200.0,500.0,3510,1,19.14136935040136,685.6730426365716,1.3595,4.041
2200.0,500.0,3510,2,28.68317055242214,371.73112991759217,1.2136,10.3525
2200.0,500.0,3510,1,22.4925765983319,722.2624719736002,1.3826,3.8363
2200.0,500.0,3510,1,27.305207319849448,549.8724917811921,1.335,5.039
2200.0,500.0,3510,2,20.178198057015898,616.9642555721543,1.1984,6.2375
2200.0,500.0,3510,2,31.190446305169857,606.5303072494603,1.1077,6.3448
2200.0,500.0,3510,0,27.263778185764824,377.815754218303,1.5577,4.0743
2200.0,500.0,3510,2,21.894322599505006,632.0755221902698,1.2059,6.0884
2200.0,500.0,3510,1,30.075081761484583,428.27717448440677,1.3147,6.4696
2200.0,500.0,3510,1,29.165840987480493,623.4930106820261,1.3507,4.444
2200.0,500.0,3510,2,23.047503792013483,720.250530585075,1.105,5.343
2200.0,500.0,3510,0,23.397577566770252,680.094372148875,1.5327,2.2634
2200.0,500.0,3510,0,22.40061098468339,369.70714885448643,1.5672,4.1637
2200.0,500.0,3510,0,21.017852338552554,712.7408525685173,1.5314,2.1597
2200.0,500.0,3510,2,31.949195943539053,704.2204695625937,1.2063,5.4647
2200.0,500.0,3510,1,26.514353281802272,512.5210697384704,1.3296,5.4062
2200.0,500.0,3510,2,31.00794214155411,370.59290069252256,1.1535,10.3843
2200.0,500.0,3510,2,28.028230976153296,582.2408661097826,1.1201,6.6095
2200.0,500.0,3510,1,26.187483690668095,700.1994059532169,1.3762,3.9572
2200.0,500.0,3510,2,21.700874269715996,689.4882989325425,1.1757,5.5814
2200.0,500.0,3510,1,27.885848735647038,693.2917801782402,1.3313,3.9966
2200.0,500.0,3510,0,26.370197457543107,657.1897036597433,1.5522,2.3423
2200.0,500.0,3510,0,21.222310878615847,747.2941978296631,1.5364,2.0599
2200.0,500.0,3510,0,20.88616783172861,692.370167654239,1.5437,2.2233
2200.0,500.0,3510,2,20.728932288492828,380.1526021615226,1.1425,10.1231
2200.0,500.0,3510,0,30.718597402777476,696.6840355838865,1.5522,2.2095
2200.0,500.0,3510,1,18.827533816320027,529.2277615965438,1.3424,5.2356
2200.0,500.0,3510,0,31.26766566797928,567.327404512527,1.5276,2.7133
2200.0,500.0,3510,1,27.449031855978117,383.8511850270118,1.2982,7.2184
2200.0,500.0,3510,0,18.425859737917676,736.7728696486831,1.5463,2.0893
2200.0,500.0,3510,0,29.934494239099713,577.0954408918005,1.5595,2.6674
2200.0,500.0,3510,0,20.157330288438345,469.69802662274606,1.55,3.2773
2200.0,500.0,3510,1,22.28799574667173,698.2296269425947,1.3435,3.9683
2200.0,500.0,3510,0,19.430902808007055,604.6798999117505,1.5355,2.5457
2200.0,500.0,3510,2,25.243523573990526,423.87350111982926,1.1823,9.079
2200.0,500.0,3510,2,20.281859579571524,465.1782332315648,1.1471,8.2728
2200.0,500.0,3510,1,26.31568516992263,473.8075008048852,1.3258,5.8479
2200.0,500.0,3510,2,26.9020573611087,713.7050977028186,1.2006,5.392
2200.0,500.0,3510,2,31.14931923974354,477.1373092427843,1.1429,8.0655
2200.0,500.0,3510,1,23.52179540812366,596.2160593972832,1.3641,4.6473
2200.0,500.0,3510,2,24.270809238841558,466.60021221365537,1.1934,8.2476
2200.0,500.0,3510,1,27.15780445226,672.600761131692,1.298,4.1195
2200.0,500.0,3510,2,29.835253097787447,535.7832857627782,1.0992,7.1826
2200.0,500.0,3510,0,30.51788165519517,352.4095804787242,1.5584,4.368
2200.0,500.0,3510,2,26.513331517184824,467.30315787882785,1.1804,8.2352
2200.0,500.0,3510,0,19.71999217370114,403.7719303027948,1.5202,3.8124
2200.0,500.0,3510,0,23.392956161619384,495.0078375658376,1.5669,3.1097
2200.0,500.0,3510,0,20.11156527387908,526.545472401895,1.5333,2.9235
2200.0,500.0,3510,0,26.509446941610683,392.89484223896056,1.5672,3.9179
2200.0,500.0,3510,2,31.50418618977332,638.6603170150875,1.1966,6.0256
2200.0,500.0,3510,0,27.804553144001773,661.280168802128,1.5285,2.3278
2200.0,500.0,3510,1,27.757883712546494,388.51126100392554,1.313,7.1318
2200.0,500.0,3510,1,23.70147416757547,710.315640775196,1.3238,3.9008
2200.0,500.0,3510,2,23.395758521930443,391.83451285669315,1.1965,9.8213
2200.0,500.0,3510,2,27.033452822669304,659.8477942057333,1.2155,5.8322
2200.0,500.0,3510,2,21.91050082762556,657.6148845788641,1.1142,5.852
2200.0,500.0,3510,0,26.464092423346713,399.4137851423325,1.5499,3.854
2200.0,500.0,3510,1,31.98208765512581,746.4973737990454,1.3566,3.7117
2200.0,500.0,3510,1,22.671480666553805,702.5381524447562,1.2997,3.944
2200.0,500.0,3510,1,25.660359778122668,623.3139791993095,1.3438,4.4453
2200.0,500.0,3510,2,28.561384840227277,685.6990435311196,1.1465,5.6123
2200.0,500.0,3510,1,24.201637624839094,381.17986840191486,1.3695,7.269
2200.0,500.0,3510,0,24.849992976521047,657.4860851728752,1.5451,2.3412
2200.0,500.0,3510,1,28.684825740789762,732.950399957871,1.3002,3.7803
2200.0,500.0,3510,0,28.10887320629918,572.6518277501896,1.5353,2.6881
2200.0,500.0,3510,2,27.49471491842538,722.1016588414473,1.1531,5.3294
2200.0,500.0,3510,0,29.68129136972575,367.15578722830173,1.5267,4.1926
2200.0,500.0,3510,1,27.357092500745548,739.5301441404642,1.3612,3.7467
2200.0,500.0,3510,1,28.194657398146788,728.8220678912746,1.3249,3.8018
2200.0,500.0,3510,2,23.696998319242795,551.6187244719105,1.2134,6.9764
2200.0,500.0,3510,1,27.579357906078048,709.8069024944964,1.3139,3.9036
2200.0,500.0,3510,1,22.50134815187615,686.6543042178447,1.327,4.0352
2200.0,500.0,3510,2,22.537676403922596,705.9444206202834,1.1107,5.4513
2200.0,500.0,3510,1,30.026700145963943,388.3869370979947,1.33,7.1341
2200.0,500.0,3510,2,26.199334074451322,739.0442442584579,1.1027,5.2072
2200.0,500.0,3510,1,29.30562729143149,633.1268739104538,1.3472,4.3764
2200.0,500.0,3510,0,22.709527928746045,373.2994773699989,1.5514,4.1236
2200.0,500.0,3510,2,22.8706187853431,461.75371984311914,1.1921,8.3342
2200.0,500.0,3510,1,22.489274567551682,454.10087257103106,1.2994,6.1017
2200.0,500.0,3510,1,28.330077149067392,411.8391583714142,1.3189,6.7279
2200.0,500.0,3510,1,20.015269198291264,425.3485011628444,1.3743,6.5142
2200.0,500.0,3510,2,31.74630417227732,398.3382624924642,1.1454,9.661
2200.0,500.0,3510,0,27.189145602347416,564.0925080636989,1.5324,2.7289
2200.0,500.0,3510,2,19.530392461021407,686.8257018487955,1.1159,5.6031
2200.0,500.0,3510,0,25.741217629812233,500.525184083735,1.5457,3.0754
2200.0,500.0,3510,2,26.755686418444043,570.943446076804,1.1142,6.7403
2200.0,500.0,3510,2,22.597922994618663,602.4545602050513,1.145,6.3878
2200.0,500.0,3510,1,25.057360526858123,421.92034804471393,1.3671,6.5671
2200.0,500.0,3510,2,26.985909769716766,546.1840230061578,1.2227,7.0459
2200.0,500.0,3510,0,18.395388554803766,487.2865828437517,1.5669,3.159
2200.0,500.0,3510,2,30.42890717278057,369.9968674774056,1.1646,10.401
2200.0,500.0,3510,1,31.256380640900684,355.3356875187574,1.314,7.7977
2200.0,500.0,3510,1,30.770741390914186,714.6004032002068,1.3607,3.8774
2200.0,500.0,3510,0,21.56352940305775,569.1734427784818,1.5678,2.7045
2200.0,500.0,3510,0,31.83398035025681,353.9087665102135,1.5384,4.3495
2200.0,500.0,3510,0,25.972642785012226,596.4019527576435,1.5424,2.581
2200.0,500.0,3510,2,30.262740953900355,634.5022696216789,1.2073,6.0651
2200.0,500.0,3510,0,18.840684627235994,360.82446364770044,1.5647,4.2662
2200.0,500.0,3510,0,27.773370891326497,502.28372276294846,1.554,3.0647
2200.0,500.0,3510,2,25.935058340509137,675.4432364091319,1.1023,5.6975
2200.0,500.0,3510,1,30.7662732047554,420.4028928301362,1.3836,6.5908
2200.0,500.0,3510,1,24.36953699923905,647.5921257649582,1.3286,4.2786
2200.0,500.0,3510,1,24.142287125727556,710.8927557846196,1.3139,3.8976
2200.0,500.0,3510,1,23.568237902608494,360.4203353881718,1.3831,7.6877
2200.0,500.0,3510,1,22.20997697873638,603.2503004381219,1.355,4.5931
2200.0,500.0,3510,1,23.196975021299256,558.6566163941206,1.3111,4.9598
2200.0,500.0,3510,1,24.61062484331216,389.87402930296764,1.2921,7.1069
2200.0,500.0,3510,2,19.665024928168318,491.30029840257254,1.0988,7.833
2200.0,500.0,3510,0,20.89211529589275,421.591377600118,1.5674,3.6512
2200.0,500.0,3510,2,27.476169570527397,382.3452685429684,1.115,10.0651
2200.0,500.0,3510,0,28.19179815155899,597.4279647490546,1.5661,2.5766
2200.0,500.0,3510,0,29.771874564847238,682.1013890335428,1.5279,2.2568
2200.0,500.0,3510,1,24.513478559821827,364.01014803880184,1.3265,7.6119
2200.0,500.0,3510,0,18.79127129544262,640.597273468102,1.5305,2.403
2200.0,500.0,3510,0,28.467501052676045,395.89748905961386,1.5361,3.8882
2200.0,500.0,3510,1,26.56241378286854,418.0231519533564,1.3348,6.6283
2200.0,500.0,3510,2,30.39608014879508,516.707778555801,1.1889,7.4478
2200.0,500.0,3510,0,18.478078159666016,581.9000908870521,1.5301,2.6454
2200.0,500.0,3510,1,30.43443688360462,679.5585040516194,1.3785,4.0774
2200.0,500.0,3510,1,21.686920373675164,527.9001843024146,1.327,5.2487
2200.0,500.0,3510,2,18.499946726063147,454.10310618670223,1.1129,8.4746
2200.0,500.0,3510,0,29.121043185750228,424.5447806294445,1.5433,3.6258
2200.0,500.0,3510,2,28.6170452213495,556.7217057023272,1.1896,6.9125
2200.0,500.0,3510,0,22.69471530528452,741.9365273392648,1.5498,2.0748
2200.0,500.0,3510,2,29.659294492322687,581.9150910791855,1.1087,6.6132
2200.0,500.0,3510,1,23.392404431561026,415.57669958413,1.3599,6.6674
2200.0,500.0,3510,2,30.368839581070723,625.9180624546002,1.1236,6.1483
2200.0,500.0,3510,1,19.099946913787694,457.44327444724684,1.3043,6.0571
2200.0,500.0,3510,0,29.84065711861784,397.00581218459956,1.532,3.8774
2200.0,500.0,3510,0,27.64819586212568,636.747230410704,1.5231,2.4175
2200.0,500.0,3510,2,31.202817199008443,695.5772466117342,1.1884,5.5326
2200.0,500.0,3510,0,31.68946533692699,413.11916594669094,1.5691,3.7261
2200.0,500.0,3510,1,30.470885836033787,640.8354824758312,1.3406,4.3237
2200.0,500.0,3510,2,26.199937990487516,610.6852650673272,1.1594,6.3017
2200.0,500.0,3510,1,25.849253366903056,442.4264849256713,1.3336,6.2627
2200.0,500.0,3510,1,21.691331437866545,559.348209651859,1.337,4.9536
2200.0,500.0,3510,1,30.25836184030109,659.4791923430869,1.3057,4.2015
2200.0,500.0,3510,1,20.178589585671254,395.91241586267324,1.3739,6.9985
2200.0,500.0,3510,2,23.798373712992166,561.1883708231629,1.1545,6.8575
2200.0,500.0,3510,2,24.713368890061304,463.1351576172669,1.1896,8.3093
2200.0,500.0,3510,1,25.138110031603556,576.5567790231175,1.3521,4.8058
2200.0,500.0,3510,1,19.120012169946833,608.5127543572858,1.3148,4.5534
2200.0,500.0,3510,2,19.47584824879525,659.7111331694579,1.172,5.8334
2200.0,500.0,3510,0,25.18268657027621,704.2633440760028,1.5566,2.1857
2200.0,500.0,3510,2,23.382982379288332,459.95123485355833,1.1926,8.3668
2200.0,500.0,3510,2,31.51335456404572,444.8726531356323,1.1605,8.6504
2200.0,500.0,3510,1,27.59504303281988,521.4391258131183,1.332,5.3138
2200.0,500.0,3510,0,18.734237073879907,498.2054075875535,1.5366,3.0898
2200.0,500.0,3510,0,25.907762729043526,535.8831421664146,1.5599,2.8725
2200.0,500.0,3510,0,30.208015830340123,669.3274904941821,1.5609,2.2998
2200.0,500.0,3510,2,22.66143233319771,667.3074422765475,1.1983,5.767
2200.0,500.0,3510,0,23.61772755434735,423.40156277099425,1.5558,3.6356
2200.0,500.0,3510,2,31.15878747976437,619.7361252036077,1.1784,6.2096
2200.0,500.0,3510,0,29.02176834452006,572.9288166629983,1.5332,2.6868
2200.0,500.0,3510,2,30.154133737808422,443.4775174914825,1.1809,8.6776
2200.0,500.0,3510,1,29.539011526914216,387.65155209538455,1.3381,7.1477
2200.0,500.0,3510,2,23.821711441032477,712.1074977885835,1.1633,5.4041
2200.0,500.0,3510,1,23.302320100501902,353.9246365292548,1.32,7.8288
2200.0,500.0,3510,1,24.693417222424824,459.1691805487904,1.3431,6.0344
2200.0,500.0,3510,0,21.71927097538089,384.6168333237253,1.5379,4.0023
2200.0,500.0,3510,1,19.474858993331978,553.841245956107,1.3327,5.0029
2200.0,500.0,3510,0,21.538992158176637,400.2199663872971,1.546,3.8462
2200.0,500.0,3510,0,20.528322194645455,691.1543279397301,1.5383,2.2272
2200.0,500.0,3510,0,31.405057996115957,400.5055263080296,1.565,3.8435
2200.0,500.0,3510,2,30.446038889131913,746.9513343675385,1.1,5.1521
2200.0,500.0,3510,0,19.979878351061952,372.67776635692667,1.5421,4.1305
2200.0,500.0,3510,1,21.71759297058222,489.5136762459338,1.3094,5.6603
2200.0,500.0,3510,1,25.006952889999084,710.0688326124598,1.3582,3.9022
2200.0,500.0,3510,1,18.617329180680727,463.81655692100367,1.3078,5.9739
2200.0,500.0,3510,0,20.310395816601698,718.4082148728104,1.5528,2.1427
2200.0,500.0,3510,0,26.633199996814014,539.357187616384,1.5454,2.854
2200.0,500.0,3510,0,24.96059226353256,629.7155403456725,1.5503,2.4445
2200.0,500.0,3510,0,18.562657378826028,384.4179601834513,1.5334,4.0043
2200.0,500.0,3510,1,24.25887636486729,589.7472685175115,1.3439,4.6983
2200.0,500.0,3510,0,30.66418760352169,467.14013460408216,1.5341,3.2952
2200.0,500.0,3510,1,21.686919328821347,648.6661349474325,1.2931,4.2715
2200.0,500.0,3510,0,20.158802940470366,523.7156404424362,1.5522,2.9393
2200.0,500.0,3510,1,26.90789525564258,435.253277297426,1.3842,6.3659
2200.0,500.0,3510,2,20.932660470996034,406.2226425195453,1.1312,9.4735
2200.0,500.0,3510,0,27.02798321061013,651.1998690470089,1.5424,2.3638
2200.0,500.0,3510,1,19.28342139479471,364.331917487043,1.3837,7.6052
2200.0,500.0,3510,2,22.983276036005673,695.9021098595413,1.1263,5.53
2200.0,500.0,3510,2,19.409202329122962,490.11297246264064,1.2024,7.8519
2200.0,500.0,3510,0,28.057619061214126,561.8267994883206,1.5339,2.7399
2200.0,500.0,3510,0,25.61691351806068,598.3645115356671,1.5629,2.5726
2200.0,500.0,3510,1,20.850732427013906,653.7221255392978,1.3828,4.2385
2200.0,500.0,3510,1,23.58577382047284,559.23972815452,1.3164,4.9546
2200.0,500.0,3510,2,29.871587059526284,464.7446845763981,1.1574,8.2805
2200.0,500.0,3510,1,25.186991139972687,465.689240909609,1.3231,5.9499
2200.0,500.0,3510,0,31.140970264858964,619.2214307525912,1.5437,2.4859
2200.0,500.0,3510,0,19.11668229822363,578.6684462046632,1.5297,2.6601
2200.0,500.0,3510,0,20.437084011748407,612.6173099138155,1.5659,2.5127
2200.0,500.0,3510,1,30.977482379906117,727.5457870688874,1.2962,3.8084
2200.0,500.0,3510,0,25.652498496063288,707.8996562782204,1.5191,2.1745
2200.0,500.0,3510,2,19.050557709148656,574.0649101338571,1.1359,6.7037
2200.0,500.0,3510,0,28.6497572310794,583.9667221396128,1.5385,2.636
2200.0,500.0,3510,1,28.86138652916854,410.50118278620965,1.3484,6.7498
2200.0,500.0,3510,1,18.560224060865583,538.2063361777434,1.3713,5.1482
2200.0,500.0,3510,2,27.56201905900333,483.4444274817213,1.1828,7.9602
2200.0,500.0,3510,1,21.228544523634525,553.6309613768091,1.3607,5.0048
2200.0,500.0,3510,2,31.904936597668197,677.7805386354305,1.2145,5.6778
2200.0,500.0,3510,0,21.054345010177073,730.3481451466773,1.5427,2.1077
2200.0,500.0,3510,1,26.0412897525185,589.945253374671,1.2939,4.6967
2200.0,500.0,3510,2,25.014302472889465,631.7955188246542,1.1732,6.0911
2200.0,500.0,3510,2,20.195113036080578,706.5637942166939,1.2175,5.4465
2200.0,500.0,3510,2,30.83034964986566,519.4015904126636,1.1766,7.4092
2200.0,500.0,3510,1,31.834405615336948,371.8480792164052,1.3452,7.4514
2200.0,500.0,3510,0,25.861556254079815,400.5382092886375,1.5668,3.8432
2200.0,500.0,3510,2,28.196816408671772,662.1078982306633,1.1567,5.8122
2200.0,500.0,3510,0,19.10956744577186,493.27507552647467,1.5687,3.1206
2200.0,500.0,3510,0,27.430499806797258,443.3468668051885,1.5297,3.4721
2200.0,500.0,3510,0,22.425961541933354,585.5470738246543,1.5463,2.6289
2200.0,500.0,3510,2,20.175810224494715,708.0941406803684,1.186,5.4348
2200.0,500.0,3510,0,18.607757181215387,658.3225244973667,1.5627,2.3383
2200.0,500.0,3510,1,27.50364729554712,474.5050037508785,1.3434,5.8393
2200.0,500.0,3510,0,21.283007783028363,624.0834772997061,1.5687,2.4666
2200.0,500.0,3510,0,29.22727440298098,423.51405442345447,1.5367,3.6347
2200.0,500.0,3510,2,28.43142582191984,686.4130663616461,1.1821,5.6064
2200.0,500.0,3510,2,24.945408689930655,700.7257817495844,1.1495,5.4919
2200.0,500.0,3510,2,23.873316929185464,629.3826894238157,1.1959,6.1145
2200.0,500.0,3510,2,21.362643726322197,434.43607612843937,1.1537,8.8582
2200.0,500.0,3510,0,30.870525991706263,577.5581914314638,1.5319,2.6652
2200.0,500.0,3510,1,21.54840457653433,370.69384061834296,1.3462,7.4746
2200.0,500.0,3510,2,31.018906864826512,633.2951035955151,1.1487,6.0767
2200.0,500.0,3510,2,27.86532821447004,462.61816649669595,1.2179,8.3186
2200.0,500.0,3510,2,24.866913607905417,496.78412808752614,1.1544,7.7465
2200.0,500.0,3510,0,27.214617236251357,365.4769536670385,1.5664,4.2118
2200.0,500.0,3510,1,29.96141257198928,524.3830087744922,1.3518,5.2839
2200.0,500.0,3510,0,28.427108463240778,700.3020110466844,1.5393,2.1981
2200.0,500.0,3510,1,31.43763589839412,453.542943342212,1.338,6.1092
2200.0,500.0,3510,2,24.91035427668357,611.4147474039805,1.1881,6.2941
2200.0,500.0,3510,0,28.18737026893159,379.88175591430655,1.5413,4.0521
2200.0,500.0,3510,2,30.709190522453177,473.6179839807586,1.1685,8.1254
2200.0,500.0,3510,0,29.533196952628195,689.5465360055163,1.5279,2.2324
2200.0,500.0,3510,1,31.302139615488983,578.3409607881822,1.3396,4.7909
2200.0,500.0,3510,1,27.732287906863014,533.5112611360321,1.3342,5.1935
2200.0,500.0,3510,0,21.154567188727725,729.58871635223,1.5448,2.1099
2200.0,500.0,3510,2,22.807777618214136,441.5117398099115,1.095,8.7163
2200.0,500.0,3510,0,21.05046296304044,407.1035439275121,1.5568,3.7812
2200.0,500.0,3510,2,21.62518712542429,724.522704225236,1.1037,5.3115
2200.0,500.0,3510,0,21.033756215719755,643.9325338066214,1.5483,2.3905
2200.0,500.0,3510,0,27.362109444327416,550.5817914408387,1.5289,2.7958
2200.0,500.0,3510,0,19.09176943984328,384.577694532493,1.5427,4.0027
2200.0,500.0,3510,0,19.674918590206673,367.26859494372377,1.5481,4.1913
2200.0,500.0,3510,0,27.89344032863502,706.2045776778166,1.5329,2.1797
2200.0,500.0,3510,1,29.93620168853765,663.0521690248108,1.2997,4.1789
2200.0,500.0,3510,2,26.006878727906532,688.8086127856525,1.1932,5.5869
2200.0,500.0,3510,0,25.740685548651598,741.2157798246185,1.5556,2.0768
2200.0,500.0,3510,2,23.57140222282384,656.4749854491707,1.1913,5.8621
2200.0,500.0,3510,0,19.321046340151874,483.2140254866843,1.5268,3.1856
2200.0,500.0,3510,2,22.856532569568543,432.0635889001478,1.1571,8.9069
2200.0,500.0,3510,1,22.601947462152424,482.027007323049,1.3263,5.7482
2200.0,500.0,3510,1,26.192563471355694,440.3004754257116,1.3515,6.293
2200.0,500.0,3510,0,26.342735396512257,475.9634111533187,1.5677,3.2341
2200.0,500.0,3510,2,19.935289945050577,657.656696872317,1.1176,5.8516
2200.0,500.0,3510,1,23.476771622850954,450.8378296979681,1.3544,6.1459
2200.0,500.0,3510,2,31.4312682198913,638.9440177336323,1.1752,6.023
2200.0,500.0,3510,1,22.199393635749757,671.0338866288014,1.3422,4.1292
2200.0,500.0,3510,1,28.608535103726283,673.4065576519936,1.3595,4.1146
2200.0,500.0,3510,1,23.31605745952602,536.392423659157,1.3277,5.1656
2200.0,500.0,3510,2,27.831641469885923,675.2709002091146,1.2158,5.6989
2200.0,500.0,3510,2,22.57802074181414,494.4000852806531,1.1737,7.7838
2200.0,500.0,3510,1,26.55565235431168,354.7657030341854,1.3421,7.8102
2200.0,500.0,3510,1,25.34385536218963,721.8432832459827,1.3175,3.8385
2200.0,500.0,3510,1,18.181619698276215,701.308590510683,1.3337,3.9509
2200.0,500.0,3510,0,25.125861528971782,621.817308529862,1.5371,2.4755
2200.0,500.0,3510,0,26.608768795756493,472.12441540335254,1.5668,3.2604
2200.0,500.0,3510,2,26.37583267342167,489.5292690248891,1.1092,7.8613
2200.0,500.0,3510,1,26.656896474378268,520.40346484384,1.3142,5.3243
2200.0,500.0,3510,0,31.59759734422247,568.3355196290928,1.5431,2.7085
2200.0,500.0,3510,1,20.27651181108683,444.38530943276146,1.3426,6.2351
2200.0,500.0,3510,2,22.489181569343863,487.9946344551745,1.095,7.886
2200.0,500.0,3510,2,25.472731630714755,584.6929774412758,1.1283,6.5818
2200.0,500.0,3510,2,18.609544630777144,465.51203219484165,1.1048,8.2669
2200.0,500.0,3510,2,24.77066416923024,583.0669303786013,1.1373,6.6002
2200.0,500.0,3510,0,23.543431951088053,740.7426136945091,1.5504,2.0781
2200.0,500.0,3510,0,22.477496416291327,641.5761945675879,1.5232,2.3993
2200.0,500.0,3510,0,27.214875113368677,593.9536584378194,1.5309,2.5917
2200.0,500.0,3510,1,18.80985693456522,579.2587262418332,1.334,4.7834
2200.0,500.0,3510,0,20.952022817049823,473.38856438894663,1.5468,3.2517
2200.0,500.0,3510,1,21.761488700343047,691.1840821278131,1.3187,4.0088
2200.0,500.0,3510,2,30.701599321819522,637.2482479164025,1.109,6.039
2200.0,500.0,3510,1,23.779973401094196,457.8287421741591,1.3463,6.052
2200.0,500.0,3510,2,18.47198228200992,543.1275040161427,1.1608,7.0855
2200.0,500.0,3510,0,31.25753255840799,433.3856948677991,1.5544,3.5519
2200.0,500.0,3510,1,23.40730007499956,519.6187859023831,1.3688,5.3324
2200.0,500.0,3510,2,26.47722939235564,584.9643102729731,1.2091,6.5787
2200.0,500.0,3510,2,19.27420021872465,430.70600422602797,1.1587,8.9349
2200.0,500.0,3510,1,18.294565765148594,699.1190908960157,1.3554,3.9633
2200.0,500.0,3510,0,31.893310817248395,535.4891055823072,1.5616,2.8746
2200.0,500.0,3510,0,31.17409941195205,477.3707600251097,1.5315,3.2246
2200.0,500.0,3510,1,26.98769168026747,454.8961419824869,1.296,6.0911
2200.0,500.0,3510,2,25.78566063851632,364.21019026524806,1.1866,10.5662
2200.0,500.0,3510,0,26.133264847013187,714.6258021344937,1.5233,2.154
2200.0,500.0,3510,2,30.694105528016358,475.4425904736391,1.1676,8.0942
2200.0,500.0,3510,0,27.801253230958057,578.2824120393341,1.5537,2.6619
2200.0,500.0,3510,0,29.209982203297635,735.7122975587642,1.5527,2.0923
2200.0,500.0,3510,2,30.04153236854048,385.2356309707717,1.2222,9.9896
2200.0,500.0,3510,0,21.108737567928546,701.3041053294969,1.5468,2.195
2200.0,500.0,3510,2,22.26690459490556,518.2658850279644,1.1602,7.4254
2200.0,500.0,3510,0,21.235823378953494,673.128320031403,1.5238,2.2868
2200.0,500.0,3510,2,21.99469353338757,434.24536094306256,1.1519,8.8621
2200.0,500.0,3510,0,28.147335855264796,437.8382204075175,1.5683,3.5158
2200.0,500.0,3510,1,25.620621719078237,582.8638302341203,1.3364,4.7538
2200.0,500.0,3510,1,21.350345990257406,540.493182252424,1.3002,5.1264
2200.0,500.0,3510,2,27.61788189391625,526.244772154108,1.1585,7.3128
2200.0,500.0,3510,2,22.01392650334188,617.0741026633352,1.1554,6.2364
2200.0,500.0,3510,1,21.07239056642279,630.309547474287,1.3078,4.3959
2200.0,500.0,3510,0,28.308963050069107,691.5281644419551,1.5389,2.226
2200.0,500.0,3510,1,19.908294121504312,488.7380878805393,1.3351,5.6693
2200.0,500.0,3510,0,30.531781918878487,520.252967170007,1.5347,2.9588
2200.0,500.0,3510,1,19.9343947558092,386.0349865183837,1.3689,7.1776
2200.0,500.0,3510,2,18.90902513065704,436.0200141040127,1.107,8.826
2200.0,500.0,3510,2,21.13052899190798,436.7332033633304,1.2066,8.8116
2200.0,500.0,3510,1,31.9588539323954,528.4193477977294,1.367,5.2436
2200.0,500.0,3510,0,31.543305992843333,521.639657815991,1.5471,2.951
2200.0,500.0,3510,2,27.576667043883063,684.4912857112067,1.1387,5.6222
2200.0,500.0,3510,1,31.808302260037493,583.5235177688832,1.338,4.7484
2200.0,500.0,3510,2,23.013051596211348,491.86440582783354,1.0984,7.824
2200.0,500.0,3510,1,26.552182170859936,624.7924196657966,1.3039,4.4348
2200.0,500.0,3510,2,24.209350998967977,534.7893626328417,1.1925,7.196
2200.0,500.0,3510,2,23.30364543286334,653.0206429015129,1.1837,5.8931
2200.0,500.0,3510,0,29.002304424880677,607.7879653789846,1.556,2.5327
2200.0,500.0,3510,0,30.22552232974683,679.4523414660703,1.564,2.2656
2200.0,500.0,3510,1,23.986644646878506,471.5114358884402,1.3053,5.8764
2200.0,500.0,3510,1,18.6392146937737,554.3098391055746,1.2947,4.9986
2200.0,500.0,3510,0,31.899969262544758,607.5180604707481,1.5437,2.5338
2200.0,500.0,3510,0,21.014594740026546,371.4791757562019,1.5691,4.1438
2200.0,500.0,3510,0,20.425125124748917,353.35445816017415,1.5582,4.3563
2200.0,500.0,3510,2,25.29096990553331,741.1448062263246,1.2099,5.1924
2200.0,500.0,3510,1,25.381747983577373,599.7798750412554,1.3647,4.6197
2200.0,500.0,3510,2,22.351134380318076,475.33548789493597,1.1905,8.096
2200.0,500.0,3510,0,19.5488701466144,647.1886410667105,1.5514,2.3785
2200.0,500.0,3510,0,20.790003563825188,700.5530859982412,1.5609,2.1973
2200.0,500.0,3510,1,24.510200423419928,731.6788342398586,1.3141,3.7869
2200.0,500.0,3510,0,27.7663982378685,443.56286429241493,1.5203,3.4704
2200.0,500.0,3510,0,18.453863462753922,617.9392515234538,1.5312,2.4911
2200.0,500.0,3510,0,31.791503187473808,387.71601987866364,1.5297,3.9703
2200.0,500.0,3510,1,19.74419086284623,511.43218418298915,1.306,5.4177
2200.0,500.0,3510,0,31.01559106524224,740.9347276571068,1.5371,2.0776
2200.0,500.0,3510,1,30.53141901211311,696.167654649226,1.3834,3.9801
2200.0,500.0,3510,1,21.298038907078283,471.9512707108838,1.2947,5.8709
2200.0,500.0,3510,0,20.90535730962791,584.8522947759074,1.5237,2.632
2200.0,500.0,3510,0,23.311876630029783,586.9689384705582,1.5684,2.6225
2200.0,500.0,3510,1,18.12795728195209,718.751483815721,1.3124,3.855
2200.0,500.0,3510,0,21.07148268492625,459.47069043036305,1.5181,3.3502
2200.0,500.0,3510,1,18.256249069874762,506.94906470847513,1.3141,5.4656
2200.0,500.0,3510,0,28.593751280975702,507.1151364194883,1.5283,3.0355
2200.0,500.0,3510,0,19.790340528150868,740.5966557288382,1.5195,2.0785
2200.0,500.0,3510,1,30.083577808463623,505.8174940711639,1.3565,5.4779
2200.0,500.0,3510,2,29.076738422468544,579.2635711075854,1.1115,6.6435
2200.0,500.0,3510,0,21.162367083026382,725.4378719918006,1.5542,2.1219
2200.0,500.0,3510,0,26.351824579340263,699.6695037875626,1.5492,2.2001
2200.0,500.0,3510,1,18.836331761599613,666.4590641931591,1.3481,4.1575
2200.0,500.0,3510,0,25.4480130114137,673.446386737158,1.5222,2.2858
2200.0,500.0,3510,0,29.576225297268156,534.4151022507663,1.5305,2.8804
2200.0,500.0,3510,0,27.686945884334165,593.0319152817369,1.5457,2.5957
2200.0,500.0,3510,1,27.238609691120196,468.5617440143098,1.2944,5.9134
2200.0,500.0,3510,0,18.718195223531197,387.1278214100265,1.5546,3.9763
2200.0,500.0,3510,1,26.462629160844347,523.8136491449483,1.3055,5.2897
2200.0,500.0,3510,2,26.611314025041825,675.2286104930567,1.121,5.6993
2200.0,500.0,3510,1,27.63252709067877,707.6360703528364,1.3805,3.9156
2200.0,500.0,3510,1,20.056812671795026,521.5714047328588,1.3841,5.3124
2200.0,500.0,3510,1,26.29379231176786,479.267819940369,1.3336,5.7813
2200.0,500.0,3510,0,30.66181275805969,412.01007482275605,1.5398,3.7362
2200.0,500.0,3510,1,28.886710768418396,437.0281060181705,1.3809,6.3401
2200.0,500.0,3510,1,20.265330403811003,368.21208888880824,1.3387,7.525
2200.0,500.0,3510,1,24.776118144200968,749.4215606761652,1.3764,3.6973
2200.0,500.0,3510,1,23.712588372400006,423.2117987042394,1.3678,6.5471
2200.0,500.0,3510,2,31.561041842646574,355.3315965881461,1.1902,10.8303
2200.0,500.0,3510,1,31.95222492629537,607.7757382653758,1.3433,4.5589
2200.0,500.0,3510,0,27.724043973902006,741.2383906761488,1.5224,2.0767
2200.0,500.0,3510,1,25.366496451504407,688.3488276214556,1.3314,4.0253
2200.0,500.0,3510,1,21.93534583140874,538.9755533589712,1.2993,5.1409
2200.0,500.0,3510,1,21.025209459750048,641.0065117871757,1.3744,4.3226
2200.0,500.0,3510,1,25.74648720320507,572.3390883354957,1.3069,4.8412
2200.0,500.0,3510,2,19.428562280133992,403.84207220873367,1.1475,9.5293
2200.0,500.0,3510,2,22.906109308734464,712.7844203121377,1.1642,5.399
2200.0,500.0,3510,1,20.598513270787706,717.1959469332228,1.2933,3.8634
2200.0,500.0,3510,2,24.59780360952762,522.7109321788689,1.1683,7.3623
2200.0,500.0,3510,0,30.80400393381518,668.599495265116,1.5472,2.3023
2200.0,500.0,3510,0,19.89655964843318,423.507319131926,1.521,3.6347
2200.0,500.0,3510,2,23.888547653034543,437.89381297273496,1.168,8.7883
2200.0,500.0,3510,1,21.397042599670243,513.5370689462377,1.3587,5.3955
2200.0,500.0,3510,0,27.155112728921658,572.1467538479757,1.5581,2.6905
2200.0,500.0,3510,1,19.05769301168739,552.3313399540938,1.323,5.0166
2200.0,500.0,3510,1,22.207532111177105,386.66161318432995,1.3345,7.166
2200.0,500.0,3510,2,21.591879944470016,630.9549977599104,1.2218,6.0992
2200.0,500.0,3510,1,27.020473615502702,491.3103293197158,1.3106,5.6396
2200.0,500.0,3510,1,19.041051088774125,623.0089997206378,1.3736,4.4474
2200.0,500.0,3510,1,19.267253219374602,726.3635842600236,1.3032,3.8146
2200.0,500.0,3510,0,22.516624701706647,476.5065656714275,1.5536,3.2305
2200.0,500.0,3510,2,27.527087191800984,729.2998362786659,1.1742,5.2768
2200.0,500.0,3510,1,20.555816325139997,477.6373830122484,1.3261,5.8011
2200.0,500.0,3510,0,22.36063068919584,411.0142864164411,1.5572,3.7452
2200.0,500.0,3510,0,30.548495105843088,420.4406007664712,1.5315,3.6612
2200.0,500.0,3510,2,21.59130573532804,730.3853155057919,1.1156,5.2689
2200.0,500.0,3510,1,28.44785010228649,454.6740029749006,1.3194,6.094
2200.0,500.0,3510,0,19.93627291497489,472.34748163679853,1.5445,3.2589
2200.0,500.0,3510,1,22.3488711779271,609.3757294366073,1.347,4.5469
2200.0,500.0,3510,1,18.86197878700809,625.7837700672269,1.3199,4.4277
2200.0,500.0,3510,1,25.098062052287005,694.9227924407368,1.3169,3.9872
2200.0,500.0,3510,1,27.690562598441073,376.3365366294816,1.3549,7.3626
2200.0,500.0,3510,1,24.690159840602394,409.3854406895716,1.3159,6.7682
2200.0,500.0,3510,0,30.327695841278132,627.4744177876953,1.5527,2.4532
2200.0,500.0,3510,1,25.626305946984893,712.2463577480585,1.3583,3.8902
2200.0,500.0,3510,1,30.29947489679374,726.9891793955283,1.3649,3.8113
2200.0,500.0,3510,2,18.270777046030176,685.6697473697507,1.1687,5.6125
2200.0,500.0,3510,0,26.202360303581756,689.8676800336798,1.5654,2.2313
2200.0,500.0,3510,2,31.061420286400015,495.7712977066611,1.2162,7.7623
2200.0,500.0,3510,2,19.841026295941134,643.5080061664976,1.1701,5.9802
2200.0,500.0,3510,2,20.444023757403844,507.1603380980845,1.1787,7.588
2200.0,500.0,3510,0,25.007844870948738,721.6838685567373,1.5684,2.133
2200.0,500.0,3510,0,22.163362504957295,538.0091073029855,1.5425,2.8612
2200.0,500.0,3510,1,24.521579139216424,410.6361050209748,1.3823,6.7476
2200.0,500.0,3510,0,30.54942438862158,550.6820386608509,1.5188,2.7953
2200.0,500.0,3510,2,23.47615815918406,487.4843125925894,1.1333,7.8943
2200.0,500.0,3510,2,31.74846643054058,676.8188874300153,1.1671,5.6859
2200.0,500.0,3510,2,18.030415550208005,712.6051522997873,1.132,5.4004
2200.0,500.0,3510,2,30.295139712257463,369.9872869651525,1.106,10.4013
2200.0,500.0,3510,1,24.75369808770455,476.17916377731837,1.3112,5.8188
2200.0,500.0,3510,2,25.96725632150845,570.4418314371917,1.0984,6.7462
2200.0,500.0,3510,2,23.185873138542092,384.7925755616045,1.1129,10.0011
2200.0,500.0,3510,0,21.994279884565913,455.69223588883926,1.568,3.378
2200.0,500.0,3510,2,30.98962700431317,609.2600423493518,1.1267,6.3164
2200.0,500.0,3510,2,26.804085869136905,732.7953084786772,1.1163,5.2516
2200.0,500.0,3510,0,24.511181139932116,490.86704488201667,1.5595,3.1359
2200.0,500.0,3510,1,24.347433669109446,703.041246749636,1.3246,3.9412
2200.0,500.0,3510,2,18.971962618142204,530.3258525077234,1.096,7.2565
2200.0,500.0,3510,1,19.86265751206374,502.24124786556837,1.3824,5.5169
2200.0,500.0,3510,1,30.361487939980414,539.1936491075754,1.3067,5.1388
2200.0,500.0,3510,2,25.57530616703241,621.8918469415703,1.1948,6.1881
2200.0,500.0,3510,0,25.240558409342555,727.2466450882634,1.5253,2.1167
2200.0,500.0,3510,2,22.729426684816335,448.0363045288467,1.1644,8.5893
2200.0,500.0,3510,2,24.869316043787347,634.4895995474121,1.1028,6.0652
2200.0,500.0,3510,1,31.052633241178533,539.6331682033808,1.3664,5.1346
2200.0,500.0,3510,2,18.689855757179593,507.5833675392496,1.1402,7.5817
2200.0,500.0,3510,0,20.669791602446494,391.5104027139399,1.5594,3.9318
2200.0,500.0,3510,0,25.39550157053275,557.4912269440299,1.5631,2.7612
2200.0,500.0,3510,0,19.913858918231384,467.47569259576346,1.5319,3.2929
2200.0,500.0,3510,1,30.50414168646178,560.2364914056556,1.3285,4.9458
2200.0,500.0,3510,2,24.389053065544907,461.18004165825573,1.1462,8.3445
2200.0,500.0,3510,2,23.598156482829967,727.4854695848658,1.1534,5.2899
2200.0,500.0,3510,0,25.808853414603703,731.1745214585492,1.5422,2.1053
2200.0,500.0,3510,1,26.24194337287443,350.4219233869594,1.3113,7.907
2200.0,500.0,3510,1,28.91115781073468,526.560220761009,1.3464,5.2621
2200.0,500.0,3510,0,18.69934017888654,380.76982288359346,1.5412,4.0427
2200.0,500.0,3510,0,31.05342147785713,525.9457869606827,1.5342,2.9268
2200.0,500.0,3510,0,28.71732005252746,467.8851346922573,1.5439,3.29
2200.0,500.0,3510,0,21.754678078541733,638.3337424421397,1.5447,2.4115
2200.0,500.0,3510,2,20.0445685382743,360.76712967891217,1.2136,10.6671
2200.0,500.0,3510,0,23.199562805056033,658.0714350607243,1.5536,2.3392
2200.0,500.0,3510,2,23.337853079501993,442.49987629489266,1.0996,8.6968
2200.0,500.0,3510,0,21.872366241367942,380.8802564871973,1.5224,4.0415
2200.0,500.0,3510,1,28.239574183494057,470.9242666880124,1.2989,5.8837
2200.0,500.0,3510,0,20.65711278666898,570.5022506008388,1.5584,2.6982
2200.0,500.0,3510,1,18.582635179460592,433.74220926759745,1.3583,6.3881
2200.0,500.0,3510,0,24.279362196558946,366.2766531937947,1.5502,4.2027
2200.0,500.0,3510,2,22.14270858224569,683.5138659008794,1.1243,5.6302
2200.0,500.0,3510,0,19.897516645982478,409.6180858645007,1.5538,3.758
2200.0,500.0,3510,1,25.67764099719581,521.9010624238449,1.3174,5.3091
2200.0,500.0,3510,2,31.50738183797304,615.7449191217162,1.1464,6.2499
2200.0,500.0,3510,0,18.800665317563112,409.61968085715745,1.5681,3.758
2200.0,500.0,3510,0,19.04291330676534,419.3902173284261,1.5291,3.6704
2200.0,500.0,3510,2,20.945164763889466,682.1638191549822,1.1841,5.6414
2200.0,500.0,3510,1,24.942006846165576,364.68972060878195,1.3677,7.5977
2200.0,500.0,3510,1,20.814778859805703,385.5133692782056,1.3658,7.1873
2200.0,500.0,3510,1,25.350660046091047,712.9254234351646,1.3842,3.8865
2200.0,500.0,3510,1,22.561894137194265,431.77964008915296,1.301,6.4172
2200.0,500.0,3510,1,20.525065559320016,561.3329692688686,1.3538,4.9361
2200.0,500.0,3510,2,24.414307088374674,615.2495257205642,1.1946,6.2549
2200.0,500.0,3510,0,21.334689440662842,739.688946370064,1.559,2.0811
2200.0,500.0,3510,1,20.020904919642025,576.4760042175911,1.2957,4.8064
2200.0,500.0,3510,2,28.92080803898744,569.0410828644027,1.1384,6.7628
2200.0,500.0,3510,0,22.021299405880956,668.9364283273063,1.5221,2.3012
2200.0,500.0,3510,2,28.039226362736784,709.0182925306552,1.1152,5.4277
2200.0,500.0,3510,0,27.266064519169916,363.04745270518424,1.531,4.24
2200.0,500.0,3510,0,22.197132489836346,674.6723693826102,1.5287,2.2816
2200.0,500.0,3510,0,22.65590363780094,360.4269848850936,1.5593,4.2709
2200.0,500.0,3510,1,21.72510378812892,596.0493353257137,1.3728,4.6486
2200.0,500.0,3510,0,24.40856995248071,716.7704616424342,1.5609,2.1476
2200.0,500.0,3510,0,20.514277132904617,382.8727946060329,1.534,4.0205
2200.0,500.0,3510,2,27.27891858874009,710.6927051654775,1.1738,5.4149
2200.0,500.0,3510,0,18.67753687405602,456.58832472960654,1.5222,3.3714
2200.0,500.0,3510,2,29.437156139709728,575.7682138539326,1.0971,6.6838
2200.0,500.0,3510,0,18.522509501834097,635.7490433971304,1.546,2.4213
2200.0,500.0,3510,0,19.683177431869392,511.90629417335765,1.5213,3.0071
2200.0,500.0,3510,0,23.265965781977787,564.481886753238,1.5558,2.727
2200.0,500.0,3510,0,29.666675619390134,517.3350513592834,1.5268,2.9755
2200.0,500.0,3510,2,31.620051795725082,355.72120473175227,1.2069,10.8184
2200.0,500.0,3510,2,20.261725095347416,618.4759442743579,1.1543,6.2223
2200.0,500.0,3510,2,29.218795497920265,486.99525266882347,1.2191,7.9022
2200.0,500.0,3510,2,19.809528812813873,695.0547957188458,1.1724,5.5367
2200.0,500.0,3510,1,19.649989917674386,577.000936272052,1.3804,4.8021
2200.0,500.0,3510,1,24.39148767988661,711.4394301640073,1.3588,3.8946
2200.0,500.0,3510,1,24.950785142376986,475.6724875600844,1.3678,5.825
2200.0,500.0,3510,2,24.019198635172373,544.1141262536675,1.2146,7.0727
2200.0,500.0,3510,1,29.00308134970106,469.4968030667309,1.3172,5.9016
2200.0,500.0,3510,1,28.73435671629578,729.6370548331029,1.3349,3.7975
2200.0,500.0,3510,1,21.781543524053316,539.4542744973637,1.294,5.1363
2200.0,500.0,3510,2,24.84593532403246,496.38062071268723,1.2138,7.7528
2200.0,500.0,3510,2,27.743338899463147,463.3780547465776,1.1703,8.305
2200.0,500.0,3510,1,24.047501795023138,510.36377840465525,1.3377,5.4291
2200.0,500.0,3510,2,20.308283753273653,374.0706408455407,1.142,10.2877
2200.0,500.0,3510,0,23.651297731251763,562.6788448243661,1.5189,2.7357
2200.0,500.0,3510,2,27.836751149583872,561.886011978007,1.0971,6.849
2200.0,500.0,3510,2,28.182235699882703,687.6782606996551,1.1561,5.5961
2200.0,500.0,3510,1,18.500296845038683,646.1624362245462,1.2958,4.2881
2200.0,500.0,3510,0,19.402590220894464,510.69073301503124,1.5588,3.0142
2200.0,500.0,3510,2,21.459476723368816,470.169936248604,1.2019,8.185
2200.0,500.0,3510,1,31.02014976169987,476.51114440068244,1.3366,5.8148
2200.0,500.0,3510,1,21.569489695836957,648.579162445051,1.3762,4.2721
2200.0,500.0,3510,2,25.98630757689898,748.262838431709,1.1973,5.143
2200.0,500.0,3510,2,24.673202882284833,503.98885314736026,1.1023,7.6358
2200.0,500.0,3510,0,29.30106144891539,391.0051482933575,1.5314,3.9369
2200.0,500.0,3510,1,23.694228612177117,746.187652707432,1.3448,3.7133
2200.0,500.0,3510,1,31.180329839238922,678.4757991012305,1.3701,4.0839
2200.0,500.0,3510,0,25.306841094613503,659.4289266499325,1.5293,2.3343
2200.0,500.0,3510,2,29.629976235852418,578.8924289744241,1.1559,6.6478
2200.0,500.0,3510,1,20.060740082252504,687.9285005814245,1.3303,4.0277
2200.0,500.0,3510,2,21.651041371101627,601.2371675626857,1.1681,6.4007
2200.0,500.0,3510,0,28.358883921451817,711.8892380280906,1.5642,2.1623
2200.0,500.0,3510,0,24.560977195822353,483.7047920189838,1.5215,3.1824
2200.0,500.0,3510,0,27.81383745257297,497.73544212930904,1.5497,3.0927
2200.0,500.0,3510,0,22.954097874408923,583.0051253817963,1.5623,2.6403
2200.0,500.0,3510,1,31.10867530518763,732.0602207644982,1.3264,3.7849
2200.0,500.0,3510,0,31.91135208179285,552.5697545629839,1.5527,2.7858
2200.0,500.0,3510,2,27.694722603043232,673.5352365778464,1.1506,5.7136
2200.0,500.0,3510,2,28.873526010186627,379.0222967558437,1.0973,10.1533
2200.0,500.0,3510,0,26.9474296397538,646.6298626966824,1.5636,2.3805
2200.0,500.0,3510,2,21.830557695868286,613.3854505517336,1.17,6.2739
2200.0,500.0,3510,1,28.041850180986703,633.916453039676,1.2943,4.3709
2200.0,500.0,3510,0,21.38595546196281,461.72341081037416,1.5505,3.3339
2200.0,500.0,3510,1,25.276855240371987,630.058865269735,1.3374,4.3977
2200.0,500.0,3510,2,23.80749760770462,702.0766187433071,1.1456,5.4814
2200.0,500.0,3510,2,20.933575830076503,539.2901297793583,1.1698,7.1359
2200.0,500.0,3510,2,26.244728531830262,468.1705372606996,1.1523,8.2199
2200.0,500.0,3510,2,20.483053630664045,413.96163344944415,1.1356,9.2964
2200.0,500.0,3510,0,26.403011468734718,375.9551816431171,1.5607,4.0945
2200.0,500.0,3510,0,18.945038331363392,557.3460691778413,1.5412,2.7619
2200.0,500.0,3510,2,18.79739567865045,641.4207177681467,1.1737,5.9997
2200.0,500.0,3510,1,18.41583195099669,423.4343561759494,1.3208,6.5436
150.0,25.0,900,2,26.247439509847034,593.643133679638,1.2365,5.3893
150.0,25.0,900,2,21.420533585977587,547.0459131041666,1.2623,5.8483
150.0,25.0,900,0,20.572249220387743,537.0935044830542,1.618,1.8683
150.0,25.0,900,0,18.85693420360519,605.454073405359,1.6251,1.6574
150.0,25.0,900,2,27.57749062909263,542.6347496968026,1.2147,5.8959
150.0,25.0,900,0,31.35525363794171,545.9447820962154,1.6468,1.838
150.0,25.0,900,2,26.353386180874956,579.6506445016257,1.2323,5.5194
150.0,25.0,900,1,19.290950755787307,507.046523768107,1.4514,4.21
150.0,25.0,900,0,26.124693712195594,735.1545292113594,1.6365,1.365
150.0,25.0,900,2,27.697184819144148,718.1125561818708,1.2585,4.4551
150.0,25.0,900,2,28.373482815054476,558.2260856985255,1.2872,5.7312
150.0,25.0,900,2,23.360571412302058,366.1447026320268,1.2548,8.7378
150.0,25.0,900,0,28.21835996088727,533.7197711658392,1.6176,1.8801
150.0,25.0,900,1,26.440428305257875,482.4871768308841,1.4642,4.4243
150.0,25.0,900,1,28.817574621928394,719.7205941752384,1.4274,2.9659
150.0,25.0,900,0,24.937019862716756,644.0898587459556,1.6178,1.5579
150.0,25.0,900,1,28.97143969907789,357.35454127921906,1.4663,5.9735
150.0,25.0,900,0,19.107240969262328,472.3465473995232,1.6451,2.1244
150.0,25.0,900,0,22.218415634035214,531.4908885446857,1.6223,1.888
150.0,25.0,900,1,29.771790802671784,509.08379101273164,1.4492,4.1931
150.0,25.0,900,0,31.96706114078514,703.0411035738452,1.6289,1.4273
150.0,25.0,900,1,19.69225901520828,717.868333381436,1.4785,2.9736
150.0,25.0,900,2,30.359741084814363,739.5053656812635,1.299,4.3263
150.0,25.0,900,2,31.7801666584493,464.8405059333867,1.2426,6.8826
150.0,25.0,900,1,26.91789891383553,715.9570767581176,1.4764,2.9815
150.0,25.0,900,0,24.497370019219247,533.7404672791419,1.6257,1.88
150.0,25.0,900,1,29.66157039075515,518.123964652921,1.4367,4.12
150.0,25.0,900,0,25.314747898429168,371.8154238785214,1.6295,2.6988
150.0,25.0,900,2,30.915459923272934,432.43006345643266,1.2649,7.3984
150.0,25.0,900,0,20.609202584462174,717.3827408153229,1.6283,1.3988
150.0,25.0,900,1,28.88834689576212,715.9589604053754,1.4568,2.9815
150.0,25.0,900,1,23.439461896312046,661.7512375460572,1.415,3.2258
150.0,25.0,900,2,26.75975666489365,390.16821257901324,1.3132,8.1998
150.0,25.0,900,1,30.03434653633986,431.64533122092297,1.4692,4.9454
150.0,25.0,900,2,29.323029153019306,743.9606722105151,1.2845,4.3004
150.0,25.0,900,2,21.885354587856334,426.41074156433444,1.2685,7.5029
150.0,25.0,900,0,29.21397248383643,655.6763689497775,1.6287,1.5304
150.0,25.0,900,1,18.91405450133571,533.2590140512702,1.4535,4.003
150.0,25.0,900,2,29.032308884918002,520.3984859319307,1.2703,6.1478
150.0,25.0,900,2,20.569440360461343,522.3275233225506,1.3031,6.1251
150.0,25.0,900,2,27.38229927176055,439.06237164197285,1.2893,7.2867
150.0,25.0,900,0,21.749763075835148,517.4807844804795,1.6234,1.9391
150.0,25.0,900,0,27.676707183937815,560.7854604093478,1.6235,1.7894
150.0,25.0,900,0,31.850701112450018,567.3204725117273,1.6177,1.7688
150.0,25.0,900,0,22.590448640235905,738.991251025931,1.622,1.3579
150.0,25.0,900,2,29.247283156442784,618.3441911751008,1.2332,5.174
150.0,25.0,900,2,22.612174308266056,532.8253424225338,1.2505,6.0044
150.0,25.0,900,2,28.46721015891885,571.2513678184073,1.2398,5.6005
150.0,25.0,900,0,21.984089369721687,544.6508258497727,1.617,1.8424
150.0,25.0,900,2,26.492358818669906,561.6581286281797,1.2577,5.6962
150.0,25.0,900,1,26.53905543795103,383.0791486979912,1.4716,5.5724
150.0,25.0,900,0,28.416882375037304,557.8096129192231,1.6262,1.7989
150.0,25.0,900,1,31.29400758217748,421.2631985871098,1.4339,5.0673
150.0,25.0,900,0,22.664816088520023,626.6268874178556,1.6226,1.6014
150.0,25.0,900,1,21.925844941935466,519.3798531870563,1.464,4.11
150.0,25.0,900,2,29.47614858786392,406.0949410589147,1.2868,7.8782
150.0,25.0,900,1,31.716546711248064,720.1218905196938,1.4796,2.9643
150.0,25.0,900,0,27.997250145489886,595.8572655237285,1.6329,1.6841
150.0,25.0,900,2,22.05933048696729,358.6738458503334,1.3186,8.9198
150.0,25.0,900,1,28.158488714593854,547.0780404941967,1.4735,3.9019
150.0,25.0,900,1,27.744902445004293,709.0241514306051,1.4324,3.0107
150.0,25.0,900,1,25.263383174548334,548.2177830075407,1.4256,3.8938
150.0,25.0,900,2,27.265197999346576,573.1834110481674,1.2322,5.5816
150.0,25.0,900,1,23.012634898759835,648.9772812379957,1.4777,3.2893
150.0,25.0,900,0,18.40538009147211,646.7137087368632,1.6422,1.5516
150.0,25.0,900,1,20.326381815412844,596.8464700444808,1.4507,3.5766
150.0,25.0,900,0,28.976033044225563,575.3540026022799,1.6485,1.7441
150.0,25.0,900,0,20.65691199484512,559.8541121855958,1.628,1.7924
150.0,25.0,900,0,21.871057150788317,586.4890049176313,1.6447,1.711
150.0,25.0,900,0,19.245884724688846,604.8870930786052,1.6441,1.6589
150.0,25.0,900,1,28.760395726796055,578.2003990803039,1.4224,3.6919
150.0,25.0,900,2,28.65035076615575,525.9582908199545,1.2497,6.0828
150.0,25.0,900,2,22.876754730445796,583.5655005434535,1.2258,5.4823
150.0,25.0,900,0,21.437328872374593,634.287462265059,1.6319,1.582
150.0,25.0,900,0,29.462437816249917,662.256505244872,1.6236,1.5152
150.0,25.0,900,2,23.54273026125118,687.0864345129858,1.2203,4.6563
150.0,25.0,900,2,26.38254530730557,643.4197520293189,1.3154,4.9723
150.0,25.0,900,2,23.378389923982517,604.4391977466115,1.2765,5.293
150.0,25.0,900,1,21.672975367361296,625.8412851382554,1.4169,3.4109
150.0,25.0,900,2,26.71738520923033,365.324554588672,1.2324,8.7574
150.0,25.0,900,0,26.142286375853015,658.9104822742272,1.6445,1.5229
150.0,25.0,900,1,28.738114784163983,710.6650553920281,1.4237,3.0037
150.0,25.0,900,1,29.51997351675247,411.79577824931675,1.4355,5.1838
150.0,25.0,900,2,25.563288192788175,582.4721291357635,1.3105,5.4926
150.0,25.0,900,2,19.792135536341654,582.3617477506502,1.2719,5.4937
150.0,25.0,900,0,30.455672171052754,542.3927710377443,1.6208,1.8501
150.0,25.0,900,2,28.148109725419552,505.152626224011,1.3046,6.3333
150.0,25.0,900,2,20.23992564132122,413.6256136102789,1.2629,7.7348
150.0,25.0,900,1,30.47765376041727,745.843582142878,1.4681,2.8621
150.0,25.0,900,2,28.1890628669322,432.29217348507893,1.2764,7.4008
150.0,25.0,900,2,24.460700644963346,694.6607903982199,1.2524,4.6056
150.0,25.0,900,1,30.74499118472324,419.4395777321366,1.4744,5.0893
150.0,25.0,900,0,22.050607377579556,429.03951750688253,1.639,2.3388
150.0,25.0,900,1,22.30578087943841,683.8261612570648,1.4679,3.1216
150.0,25.0,900,0,23.833670339343115,353.4848581024731,1.6394,2.8388
150.0,25.0,900,1,23.262186494296653,484.50755734726465,1.4231,4.4058
150.0,25.0,900,2,28.48811137052305,384.3244235782954,1.3164,8.3245
150.0,25.0,900,1,20.391618565823133,475.31821383959,1.4287,4.491
150.0,25.0,900,1,24.286764928475918,552.9517374550251,1.4599,3.8605
150.0,25.0,900,0,20.371023978881965,521.0284613125997,1.62,1.9259
150.0,25.0,900,2,20.70530080354501,657.6012157633972,1.2904,4.8651
150.0,25.0,900,0,20.81387476888998,550.2837243928213,1.6408,1.8235
150.0,25.0,900,1,20.542284474840567,675.8546288997843,1.4698,3.1584
150.0,25.0,900,1,18.241347337695053,662.9926550403901,1.4609,3.2197
150.0,25.0,900,2,19.29524863104909,510.2799175192973,1.2984,6.2697
150.0,25.0,900,1,23.45384139747103,440.7586059112711,1.4293,4.8431
150.0,25.0,900,0,26.258545464595684,447.6567101278323,1.643,2.2416
150.0,25.0,900,1,20.960400234492905,541.0394227761891,1.4659,3.9455
150.0,25.0,900,2,25.676878243005028,474.22487074241707,1.2749,6.7464
150.0,25.0,900,1,26.85941076440891,487.1801973393975,1.4328,4.3816
150.0,25.0,900,0,23.659730480804818,708.0137736958313,1.6179,1.4173
150.0,25.0,900,0,31.70700159829966,460.16035015079285,1.6388,2.1807
150.0,25.0,900,0,18.84654193401952,468.3180978145426,1.6254,2.1427
150.0,25.0,900,2,29.47752141045899,722.9824366933266,1.2521,4.4251
150.0,25.0,900,2,29.05781156857409,446.8787917653682,1.2665,7.1592
150.0,25.0,900,0,22.6422338999309,552.3980287896751,1.6357,1.8165
150.0,25.0,900,0,25.011702232076768,677.149784157233,1.6413,1.4819
150.0,25.0,900,1,22.694249059084306,538.8270389217467,1.4394,3.9617
150.0,25.0,900,2,24.0593960927023,432.62548340112437,1.2931,7.3951
150.0,25.0,900,2,23.950757205962088,644.0916963955401,1.2165,4.9671
150.0,25.0,900,2,19.665016157466173,600.3316482115754,1.2899,5.3292
150.0,25.0,900,2,27.064230917722945,523.7517146333225,1.2431,6.1084
150.0,25.0,900,0,27.033667827434066,466.09947671727446,1.6227,2.1529
150.0,25.0,900,0,20.51946569630556,523.0125320338361,1.6194,1.9186
150.0,25.0,900,0,25.84312009212597,605.7819471016422,1.6385,1.6565
150.0,25.0,900,1,28.27404194256623,493.5283836585745,1.479,4.3253
150.0,25.0,900,1,19.910250879784734,373.9690779806213,1.4308,5.7081
150.0,25.0,900,2,19.862501648909518,550.949706067582,1.3082,5.8069
150.0,25.0,900,2,22.922296255119427,368.81400398681666,1.2313,8.6746
150.0,25.0,900,2,25.48656730880313,626.2794860058219,1.2757,5.1084
150.0,25.0,900,1,20.40683750927886,554.3760996178187,1.4563,3.8505
150.0,25.0,900,0,25.732988885230476,532.5000145945015,1.6306,1.8844
150.0,25.0,900,0,29.78957610644624,675.8113167420826,1.6265,1.4848
150.0,25.0,900,2,23.35557306930476,606.1918110730525,1.3016,5.2777
150.0,25.0,900,0,31.03388408809333,474.2246058373089,1.6387,2.116
150.0,25.0,900,2,22.196670803563073,449.4740061287841,1.292,7.1179
150.0,25.0,900,0,28.86513806091383,475.3739142700148,1.6294,2.1109
150.0,25.0,900,0,27.769478711187435,713.9607136528739,1.6162,1.4055
150.0,25.0,900,0,20.758860818363246,382.50342151946757,1.6414,2.6234
150.0,25.0,900,0,26.468817759466376,660.0511626185621,1.6237,1.5203
150.0,25.0,900,2,18.616100391846622,552.2227962430252,1.3143,5.7935
150.0,25.0,900,2,26.90653264629711,634.4376217176558,1.2881,5.0427
150.0,25.0,900,1,25.645526121270745,572.8835782854688,1.4247,3.7262
150.0,25.0,900,0,25.72003961329404,357.5223560052562,1.6358,2.8067
150.0,25.0,900,1,23.22775547918636,669.2445948204953,1.4297,3.1896
150.0,25.0,900,0,23.412502486066856,743.1719682210883,1.6316,1.3502
150.0,25.0,900,2,28.050686620428802,518.2321334475215,1.2502,6.1735
150.0,25.0,900,1,27.36906183858224,387.78419055403424,1.4473,5.5047
150.0,25.0,900,0,23.88988418065981,544.3114731903219,1.6453,1.8435
150.0,25.0,900,2,19.799011160894885,533.5485316746092,1.2849,5.9963
150.0,25.0,900,0,18.89968014775069,478.15288602760563,1.6178,2.0986
150.0,25.0,900,0,27.960245279163967,701.2030742146819,1.634,1.431
150.0,25.0,900,0,19.297752613937117,572.7048743745173,1.627,1.7521
150.0,25.0,900,1,19.06225413566339,676.7757846352536,1.4769,3.1541
150.0,25.0,900,1,18.94923625635631,655.4068263187248,1.4658,3.257
150.0,25.0,900,2,22.711947769267326,403.02922477353775,1.2837,7.9381
150.0,25.0,900,1,22.278922134388292,722.103955794584,1.4609,2.9562
150.0,25.0,900,1,30.952037048319383,367.59140227715415,1.4483,5.8071
150.0,25.0,900,2,24.559860894356817,562.8199465585291,1.2654,5.6844
150.0,25.0,900,0,26.508102199784467,543.3378173918263,1.6492,1.8468
150.0,25.0,900,0,22.946105974794534,530.2986147875542,1.6276,1.8922
150.0,25.0,900,1,26.124999769480212,415.20487190827964,1.4403,5.1412
150.0,25.0,900,2,22.509384932419426,455.11130969696467,1.3129,7.0297
150.0,25.0,900,2,28.14206383546178,546.0369152112776,1.2865,5.8591
150.0,25.0,900,1,26.587292210197795,692.802756396921,1.4468,3.0812
150.0,25.0,900,0,24.486504383477428,432.178824742337,1.6453,2.3219
150.0,25.0,900,1,31.711263318433417,546.0002239347704,1.4226,3.9096
150.0,25.0,900,2,25.18115914807006,610.6219502605863,1.3112,5.2394
150.0,25.0,900,2,25.520962795710595,726.7056925152489,1.2598,4.4025
150.0,25.0,900,2,24.053087124027037,666.1632014991046,1.252,4.8026
150.0,25.0,900,1,25.730040300523783,352.7734665144294,1.4376,6.0511
150.0,25.0,900,0,23.154115380441247,636.7618056983216,1.6325,1.5759
150.0,25.0,900,1,22.04894732300135,402.7287030956635,1.4529,5.3005
150.0,25.0,900,0,21.153532245875436,351.98004096848763,1.6206,2.8509
150.0,25.0,900,2,23.537148115563532,725.2635756796367,1.2234,4.4112
150.0,25.0,900,0,26.17328808062495,460.48159288936364,1.6226,2.1791
150.0,25.0,900,1,31.455804914458632,719.9461745170508,1.4141,2.965
150.0,25.0,900,0,28.82119300678473,589.0129416942362,1.6181,1.7036
150.0,25.0,900,2,31.837356675052796,572.0997743882026,1.2944,5.5922
150.0,25.0,900,1,20.66815504464394,685.0905697587318,1.4328,3.1159
150.0,25.0,900,1,28.76279629318969,631.2013864098949,1.4698,3.3819
150.0,25.0,900,2,27.174010667420298,618.5085774849133,1.2713,5.1726
150.0,25.0,900,2,29.756734687026928,480.97539277425466,1.2489,6.6517
150.0,25.0,900,2,19.104665332903114,529.4645682156229,1.2193,6.0425
150.0,25.0,900,2,27.433225528289682,593.0824345533343,1.2984,5.3944
150.0,25.0,900,2,24.93949286488625,676.187613367946,1.3063,4.7314
150.0,25.0,900,1,30.12824312594678,419.1207508698671,1.4432,5.0932
150.0,25.0,900,1,21.226130976532872,648.5119574738957,1.4689,3.2916
150.0,25.0,900,2,31.443474567720248,679.6625455935867,1.235,4.7072
150.0,25.0,900,1,25.970371253816825,381.9885161778657,1.4436,5.5883
150.0,25.0,900,0,26.646019895429998,441.1991746795826,1.6193,2.2744
150.0,25.0,900,0,27.16190828250943,457.7371863450381,1.647,2.1922
150.0,25.0,900,0,31.184480635080934,623.6601713823992,1.6252,1.609
150.0,25.0,900,2,28.3715748990776,502.68580437351585,1.3051,6.3644
150.0,25.0,900,1,27.861574782670196,633.9682200233067,1.4776,3.3671
150.0,25.0,900,2,30.068713453953244,454.9131899595864,1.2616,7.0328
150.0,25.0,900,0,19.035475558589678,386.94556819031504,1.6239,2.5933
150.0,25.0,900,1,19.9125717694616,741.4727269092482,1.4416,2.8789
150.0,25.0,900,0,25.09044346113582,363.2631491501301,1.6251,2.7623
150.0,25.0,900,2,25.044427191448072,580.1638232969538,1.261,5.5145
150.0,25.0,900,2,25.582488912139258,747.7029820328033,1.2211,4.2788
150.0,25.0,900,0,23.911911417739837,528.2936244907032,1.6176,1.8994
150.0,25.0,900,2,18.36871958911927,407.43961074949823,1.2542,7.8522
150.0,25.0,900,0,26.9099736420044,482.4655595280719,1.6235,2.0798
150.0,25.0,900,0,20.654755851152082,689.1290942093441,1.6438,1.4561
150.0,25.0,900,0,23.911158489672765,431.009379344496,1.6226,2.3282
150.0,25.0,900,0,25.875450985176343,364.00444315749644,1.6177,2.7567
150.0,25.0,900,1,27.68575020974926,379.12635552749924,1.4103,5.6305
150.0,25.0,900,2,21.83633657585948,685.9331105223132,1.2687,4.6642
150.0,25.0,900,2,21.734013817644247,731.4582179982447,1.2428,4.3739
150.0,25.0,900,2,25.907269758989933,493.93849402996295,1.2242,6.4771
150.0,25.0,900,0,28.668306353411186,601.2750311364714,1.6314,1.6689
150.0,25.0,900,2,30.67489526084839,713.2763180820828,1.2816,4.4854
150.0,25.0,900,1,30.684843116839858,735.2475819006902,1.4279,2.9033
150.0,25.0,900,0,23.36110300447546,425.7397678257787,1.6213,2.357
150.0,25.0,900,1,28.198159649548913,550.5091272236452,1.4482,3.8776
150.0,25.0,900,2,24.834289764174834,411.34462309405745,1.278,7.7777
150.0,25.0,900,1,24.49140473194854,736.0445485059843,1.4517,2.9002
150.0,25.0,900,0,23.404766365021974,426.2365569596114,1.6345,2.3542
150.0,25.0,900,0,24.66608110545143,627.7201883111572,1.6272,1.5986
150.0,25.0,900,0,27.436962756964256,363.61063196985583,1.6321,2.7597
150.0,25.0,900,1,22.288452375826694,462.9157562126359,1.4621,4.6113
150.0,25.0,900,0,18.722355640509573,688.4128064529114,1.6401,1.4576
150.0,25.0,900,2,29.604666571528988,590.2658717989893,1.2333,5.4201
150.0,25.0,900,2,27.42238399393479,357.40167551187636,1.2329,8.9515
150.0,25.0,900,0,28.596307251728415,501.77812365965883,1.6225,1.9998
150.0,25.0,900,1,20.987425375907428,507.1098136833361,1.415,4.2094
150.0,25.0,900,1,30.894965497621648,569.00121244862,1.4575,3.7516
150.0,25.0,900,0,26.491672230221248,356.75890734139944,1.6488,2.8127
150.0,25.0,900,0,19.855524008703703,640.1684725459845,1.6379,1.5675
150.0,25.0,900,1,31.327901599680693,588.1479638884831,1.4307,3.6294
150.0,25.0,900,2,25.007032973163643,520.8707041619372,1.2176,6.1422
150.0,25.0,900,1,25.632694790590552,673.8130853473953,1.4249,3.168
150.0,25.0,900,1,20.06930949024733,700.1340312313415,1.4566,3.0489
150.0,25.0,900,0,28.75828703197764,379.48596189803806,1.6278,2.6443
150.0,25.0,900,1,25.73016372767034,749.5461887104045,1.4364,2.8479
150.0,25.0,900,1,21.554469785627695,551.8627575326288,1.4219,3.8681
150.0,25.0,900,1,21.95969401615128,488.1757994900396,1.4489,4.3727
150.0,25.0,900,0,20.340489342058518,551.4799657286703,1.6347,1.8196
150.0,25.0,900,2,27.823556811409,544.872013697676,1.3106,5.8716
150.0,25.0,900,1,24.63088244917003,398.8690367562612,1.4127,5.3518
150.0,25.0,900,1,28.233843335937863,568.9460695848701,1.4195,3.7519
150.0,25.0,900,0,31.653536187061228,419.77599351821596,1.6301,2.3905
150.0,25.0,900,1,30.944668862429605,618.9712561059587,1.4615,3.4487
150.0,25.0,900,2,31.750362653663025,626.5812755748184,1.2805,5.106
150.0,25.0,900,2,25.938847840234317,582.7471767747711,1.2238,5.49
150.0,25.0,900,0,28.832992552872255,642.0944674962552,1.6398,1.5628
150.0,25.0,900,0,29.39565708057866,557.3127384818074,1.6458,1.8005
150.0,25.0,900,0,20.904460881997927,525.3297893742152,1.6366,1.9101
150.0,25.0,900,0,26.72162993986117,463.1530151611337,1.6338,2.1666
150.0,25.0,900,1,18.400342626740372,435.0482611847604,1.4475,4.9067
150.0,25.0,900,2,30.006832076422803,629.0741788512377,1.2254,5.0857
150.0,25.0,900,1,21.765868538322778,441.3383735084335,1.4605,4.8368
150.0,25.0,900,1,18.082314551210793,509.2821137676032,1.4728,4.1915
150.0,25.0,900,0,25.444946002536426,593.0139118838329,1.6222,1.6921
150.0,25.0,900,1,27.630681218526696,403.28526898218104,1.4283,5.2932
150.0,25.0,900,1,20.638972791212225,548.0258921318784,1.4169,3.8952
150.0,25.0,900,1,29.839509344788425,402.76076190838114,1.4505,5.3
150.0,25.0,900,0,21.626079151754606,575.9906194233272,1.6214,1.7421
150.0,25.0,900,1,24.16000181916018,553.0299110346791,1.4648,3.8599
150.0,25.0,900,1,20.441964735857447,502.3957852782121,1.4161,4.2489
150.0,25.0,900,2,24.98266737281893,381.30896511610524,1.2159,8.3903
150.0,25.0,900,2,21.079398323106155,443.60265127423054,1.217,7.2121
150.0,25.0,900,0,23.52744164625147,676.9198888488681,1.631,1.4824
150.0,25.0,900,1,23.899203047012456,530.936846057277,1.4208,4.0205
150.0,25.0,900,1,18.255750188124967,676.9285519063344,1.4523,3.1534
150.0,25.0,900,0,28.313540617300436,390.89736321894304,1.6419,2.5671
150.0,25.0,900,1,30.49118027598432,534.6768491919048,1.4615,3.9924
150.0,25.0,900,2,24.220709816899337,353.67850358042017,1.2614,9.0458
150.0,25.0,900,1,20.961083600912488,604.9852549615498,1.4144,3.5284
150.0,25.0,900,0,31.625705778899466,694.7968300134028,1.6376,1.4442
150.0,25.0,900,2,27.765729924653872,715.9701483753911,1.2768,4.4685
150.0,25.0,900,1,20.03854638055721,407.78365981785146,1.4419,5.2348
150.0,25.0,900,1,29.780757694244997,509.9963654495781,1.4384,4.1856
150.0,25.0,900,1,29.958647857541187,672.0217638033287,1.4409,3.1765
150.0,25.0,900,2,29.219982382950416,438.85072601267495,1.2775,7.2902
150.0,25.0,900,0,30.014248732073437,632.0598979253177,1.6186,1.5876
150.0,25.0,900,2,29.074269370999282,453.3839464901745,1.2291,7.0565
150.0,25.0,900,2,25.32439301066077,385.47666805367567,1.2734,8.2996
150.0,25.0,900,2,21.37302082191024,494.9605747820992,1.2618,6.4637
150.0,25.0,900,2,26.720801344594275,513.3577910334939,1.2302,6.2321
150.0,25.0,900,0,25.737890976945426,605.2499448583959,1.6247,1.6579
150.0,25.0,900,0,21.745384740891993,373.6198618729097,1.646,2.6858
150.0,25.0,900,1,28.197932629893522,568.2597584438904,1.4719,3.7565
150.0,25.0,900,2,20.987167776025515,396.08288369484734,1.2973,8.0773
150.0,25.0,900,1,19.50937365515812,416.859385466798,1.4421,5.1208
150.0,25.0,900,2,25.264312950565497,640.8828894321042,1.3117,4.992
150.0,25.0,900,0,24.25242934279448,742.4281957432479,1.6335,1.3516
150.0,25.0,900,0,26.977548087650263,352.6411183216081,1.6494,2.8455
150.0,25.0,900,1,24.188775052451856,498.81789693568476,1.4753,4.2794
150.0,25.0,900,0,29.67473569564953,549.996910420659,1.643,1.8245
150.0,25.0,900,0,30.373273115749605,414.68468601432005,1.6454,2.4198
150.0,25.0,900,2,24.309130575402726,550.5717866457989,1.2559,5.8109
150.0,25.0,900,1,20.969868572145945,641.8170841244457,1.4523,3.326
150.0,25.0,900,0,24.046347009290958,620.2858579934864,1.6472,1.6177
150.0,25.0,900,2,30.261474007960828,723.58938118168,1.2439,4.4214
150.0,25.0,900,2,20.395853309118742,612.5214540699894,1.2689,5.2232
150.0,25.0,900,2,19.98726189673587,654.3705866203122,1.2973,4.8891
150.0,25.0,900,1,30.755182443505362,622.0284431955833,1.4769,3.4318
150.0,25.0,900,1,18.398981123909714,362.10280457763673,1.4758,5.8952
150.0,25.0,900,0,28.99051282157371,441.2602367888668,1.6264,2.2741
150.0,25.0,900,1,23.395264385102706,488.09942535468224,1.4529,4.3734
150.0,25.0,900,0,27.19699108791126,567.6934941088587,1.6313,1.7676
150.0,25.0,900,0,20.581652368161464,429.12410931621076,1.6461,2.3384
150.0,25.0,900,1,24.87036507951556,439.16830678595375,1.4348,4.8607
150.0,25.0,900,1,19.072429314110227,624.0074297925394,1.4404,3.4209
150.0,25.0,900,1,25.506766307203787,747.9089063513468,1.477,2.8542
150.0,25.0,900,0,21.237722326616232,697.194633380889,1.633,1.4393
150.0,25.0,900,1,25.20346458062209,541.2012029780744,1.4282,3.9443
150.0,25.0,900,0,25.600238429081905,362.8994564113868,1.6205,2.7651
150.0,25.0,900,0,28.896044568688982,656.4727206795562,1.6472,1.5286
150.0,25.0,900,2,28.90954430522275,378.1254301111513,1.2786,8.4609
150.0,25.0,900,0,21.295740020793787,464.19953939648553,1.6277,2.1617
150.0,25.0,900,0,26.543861270038185,499.2436755255775,1.6225,2.01
150.0,25.0,900,2,20.326674058809935,573.8025701194738,1.2814,5.5756
150.0,25.0,900,2,18.776170922871678,430.1083501903328,1.2514,7.4384
150.0,25.0,900,0,24.28071725062231,514.6102316802774,1.6241,1.9499
150.0,25.0,900,0,21.294197462275115,542.1245831185906,1.6392,1.851
150.0,25.0,900,2,30.2384234634589,708.5752798630622,1.2643,4.5151
150.0,25.0,900,2,28.788616620533098,605.2473409379272,1.3156,5.2859
150.0,25.0,900,2,24.662209058763555,386.33902548597814,1.2268,8.2811
150.0,25.0,900,0,23.190042317781334,569.7316665840689,1.6258,1.7613
150.0,25.0,900,1,29.101314513818647,555.6753855885701,1.4183,3.8415
150.0,25.0,900,0,26.046085722935793,671.2734586281465,1.6461,1.4949
150.0,25.0,900,0,18.09380824860864,545.2377858766781,1.6343,1.8404
150.0,25.0,900,1,31.274414496227784,433.88884764670524,1.4462,4.9198
150.0,25.0,900,2,31.856547012023682,509.33454737769955,1.2218,6.2813
150.0,25.0,900,2,18.279836217584695,748.5622868760295,1.3055,4.2739
150.0,25.0,900,2,30.199553862536348,503.6311394371452,1.3053,6.3525
150.0,25.0,900,0,29.63372662584959,432.1575257744488,1.6423,2.322
150.0,25.0,900,1,27.339637419338352,697.0372448042565,1.4494,3.0625
150.0,25.0,900,2,27.445792161436067,712.7131301450574,1.2199,4.4889
150.0,25.0,900,1,19.203618510345894,371.2795758794666,1.4181,5.7494
150.0,25.0,900,1,28.47999637453662,604.5675409880312,1.439,3.5309
150.0,25.0,900,0,28.54959360595371,467.1016090151048,1.6247,2.1483
150.0,25.0,900,0,20.663474175392068,486.005032947876,1.6167,2.0647
150.0,25.0,900,0,25.772831729230305,479.0538058798607,1.6352,2.0947
150.0,25.0,900,0,29.1858814274606,552.9183260601811,1.6242,1.8148
150.0,25.0,900,2,23.605134080701422,567.7973451866885,1.2995,5.6346
150.0,25.0,900,0,31.228397913664406,569.0721827580268,1.639,1.7633
150.0,25.0,900,1,29.184790328550545,714.1657627969412,1.4279,2.989
150.0,25.0,900,1,25.947227614263603,661.0626013261565,1.4135,3.2291
150.0,25.0,900,0,31.059725294645197,426.6543518075111,1.6291,2.3519
150.0,25.0,900,0,26.04093086876751,516.0415443020706,1.6413,1.9445
150.0,25.0,900,0,24.967968280816194,434.8965468499472,1.6426,2.3073
150.0,25.0,900,0,31.168748446132092,484.3580734963999,1.6417,2.0717
150.0,25.0,900,1,21.305194252504624,667.2483999323931,1.4434,3.1992
150.0,25.0,900,0,27.95933844519155,747.2772974050354,1.6412,1.3428
150.0,25.0,900,0,28.94072430536564,572.2234423730658,1.6197,1.7536
150.0,25.0,900,1,23.507478432134345,634.6899611653685,1.4169,3.3633
150.0,25.0,900,2,27.88397526029025,598.2407012888809,1.3053,5.3478
150.0,25.0,900,1,27.955441448513273,643.6638007264988,1.4499,3.3164
150.0,25.0,900,2,24.662876116390596,487.3166219336515,1.3073,6.5651
150.0,25.0,900,0,30.9216211395737,513.6915105389301,1.6193,1.9534
150.0,25.0,900,2,18.89971567468806,614.6209002713763,1.2634,5.2053
150.0,25.0,900,0,26.340727298948675,563.0975897487755,1.6471,1.782
150.0,25.0,900,1,24.237139112904686,601.7449081697907,1.4462,3.5474
150.0,25.0,900,1,30.4297293764354,671.2399986268731,1.4515,3.1802
150.0,25.0,900,2,31.540096603711874,611.9358460657629,1.3092,5.2282
150.0,25.0,900,2,29.860112475319042,642.480224668295,1.2814,4.9796
150.0,25.0,900,1,28.1076165774425,511.4137720906202,1.4623,4.174
150.0,25.0,900,0,20.38038048458772,680.183225979426,1.623,1.4753
150.0,25.0,900,1,18.64741114698541,405.70631130971486,1.4589,5.2616
150.0,25.0,900,0,27.296376746717733,460.3580834856415,1.6293,2.1797
150.0,25.0,900,1,29.971629000205972,501.93742382365906,1.4553,4.2528
150.0,25.0,900,2,27.34493869201546,712.0913547804944,1.2682,4.4928
150.0,25.0,900,0,28.137049026545462,380.40608911636167,1.636,2.6379
150.0,25.0,900,1,29.353585467528063,597.5830073512773,1.4313,3.5721
150.0,25.0,900,1,21.41370180656659,545.4687688090523,1.4411,3.9134
150.0,25.0,900,1,19.968773917222954,450.81439627293025,1.4148,4.7351
150.0,25.0,900,1,26.45387871867524,421.81468906505563,1.427,5.0606
150.0,25.0,900,2,19.846887604953327,453.98876510316677,1.2452,7.0471
150.0,25.0,900,1,22.2530513190735,537.418873089523,1.415,3.972
150.0,25.0,900,0,19.787335899276744,662.7104857205345,1.6373,1.5142
150.0,25.0,900,2,21.30908348690889,612.8031318404433,1.2466,5.2208
150.0,25.0,900,2,25.902007443620032,559.4909571456318,1.2853,5.7182
150.0,25.0,900,0,22.583955005499234,461.62914958673673,1.6212,2.1737
150.0,25.0,900,1,31.705009489462213,353.82852528040644,1.4151,6.033
150.0,25.0,900,0,30.00536015895225,419.62662269074394,1.6182,2.3913
150.0,25.0,900,2,28.745613002577052,489.05966344350907,1.3148,6.5417
150.0,25.0,900,2,31.408000654770092,669.2371608421792,1.2884,4.7805
150.0,25.0,900,1,25.27704434275681,493.98364050282225,1.4246,4.3213
150.0,25.0,900,2,21.253141115531257,410.7496062840885,1.2945,7.7889
150.0,25.0,900,1,20.296907051271514,631.3670110879059,1.4181,3.381
150.0,25.0,900,0,18.6034895191258,424.2141173599202,1.6296,2.3654
150.0,25.0,900,0,22.857734958440414,735.695706647153,1.638,1.364
150.0,25.0,900,0,30.768569845939545,413.83871344258375,1.6253,2.4248
150.0,25.0,900,2,30.61296348333115,562.6371254973523,1.2483,5.6863
150.0,25.0,900,2,28.457272987695305,749.0547860270528,1.3004,4.2711
150.0,25.0,900,2,19.459678810337355,665.7585356173611,1.2741,4.8055
150.0,25.0,900,1,26.183038626966336,610.492481508669,1.459,3.4966
150.0,25.0,900,2,25.544843548146254,703.2292449300191,1.2547,4.5494
150.0,25.0,900,0,20.234455858536432,392.06623204995424,1.6233,2.5594
150.0,25.0,900,2,23.76707717227276,548.4938853251211,1.2223,5.8329
150.0,25.0,900,0,31.04361396808034,385.5970836636527,1.6259,2.6023
150.0,25.0,900,0,28.914551540077184,404.11952627048856,1.6235,2.4831
150.0,25.0,900,1,25.372179251630246,355.7664275990784,1.4574,6.0002
150.0,25.0,900,2,31.175802895966523,505.85792329684034,1.2818,6.3245
150.0,25.0,900,2,20.634327533768953,513.0172444923854,1.2928,6.2362
150.0,25.0,900,1,31.48770319128854,523.2639751474021,1.4303,4.0795
150.0,25.0,900,0,26.600359225315437,496.85655129560666,1.6463,2.0196
150.0,25.0,900,2,20.616894927699093,450.31737055080464,1.3007,7.1045
150.0,25.0,900,1,24.82999223407879,523.6094433854016,1.4091,4.0768
150.0,25.0,900,0,22.303845230184127,575.0871439911381,1.6285,1.7449
150.0,25.0,900,2,21.902518590914433,563.5857369152989,1.28,5.6767
150.0,25.0,900,1,25.441511440543934,498.3574613124692,1.4583,4.2834
150.0,25.0,900,1,30.189849242905954,506.5191233774947,1.4436,4.2144
150.0,25.0,900,2,29.092409816741753,703.1453904283271,1.2696,4.55
150.0,25.0,900,2,29.922636710353736,582.04507594283,1.2697,5.4966
150.0,25.0,900,2,31.65255440844479,646.7959002453003,1.2353,4.9464
150.0,25.0,900,2,27.263252791280053,411.8002720842548,1.214,7.7691
150.0,25.0,900,0,21.096527861994954,404.8931091641273,1.6276,2.4783
150.0,25.0,900,0,31.28543501811663,362.2288823683821,1.6181,2.7702
150.0,25.0,900,2,25.88732027221052,714.3156142472644,1.2526,4.4788
150.0,25.0,900,2,28.11857321061996,598.5599259228132,1.3037,5.345
150.0,25.0,900,2,19.090423511873777,595.9250318911104,1.2159,5.3686
150.0,25.0,900,2,28.43284090811067,600.5126679101425,1.2496,5.3276
150.0,25.0,900,1,28.732805057677147,610.6329542685191,1.4655,3.4958
150.0,25.0,900,0,27.733059347608744,447.93249428642287,1.6307,2.2402
150.0,25.0,900,1,31.23444099311572,497.51228591036806,1.4156,4.2907
150.0,25.0,900,0,28.384966505235127,717.9899195015264,1.637,1.3976
150.0,25.0,900,0,31.149826303900788,563.6736116013722,1.6242,1.7802
150.0,25.0,900,2,26.300351600324184,675.6325845002909,1.2625,4.7353
150.0,25.0,900,0,29.53609071792362,719.1366106144235,1.6352,1.3954
150.0,25.0,900,2,29.38914072697396,590.3467619684841,1.214,5.4194
150.0,25.0,900,0,22.31027834396935,724.0068296415019,1.6463,1.386
150.0,25.0,900,1,22.872745493682558,585.4474575849446,1.4768,3.6462
150.0,25.0,900,1,27.2462549461816,540.5936886345396,1.4111,3.9487
150.0,25.0,900,1,18.42052155763271,500.4722909748318,1.4245,4.2653
150.0,25.0,900,0,23.095606361021318,508.21193190234226,1.6272,1.9745
150.0,25.0,900,1,21.68066901435089,561.5304557952566,1.4274,3.8015
150.0,25.0,900,1,24.513993176803737,580.2499594461075,1.4135,3.6788
150.0,25.0,900,0,19.465346882888507,475.44222074850575,1.6303,2.1106
150.0,25.0,900,2,24.88418307814398,448.1886230438421,1.3085,7.1383
150.0,25.0,900,0,25.571767457703984,695.2670013407007,1.6228,1.4433
150.0,25.0,900,0,29.232477066449093,610.4291156741542,1.6427,1.6439
150.0,25.0,900,0,27.563799903338214,548.018539795083,1.6401,1.8311
150.0,25.0,900,2,31.821591826585863,599.5508722495599,1.2327,5.3362
150.0,25.0,900,0,24.260120270277127,513.4732026236055,1.625,1.9543
150.0,25.0,900,1,19.695552865607365,564.7278804278967,1.4413,3.78
150.0,25.0,900,1,23.600229260693055,363.05413794089986,1.4492,5.8797
150.0,25.0,900,1,23.464700456058797,595.9530834647571,1.442,3.5819
150.0,25.0,900,1,24.008128969865897,551.5075774810241,1.472,3.8706
150.0,25.0,900,1,22.290012401737723,475.95216443447526,1.4305,4.485
150.0,25.0,900,0,29.651137669458485,450.7028481654014,1.637,2.2264
150.0,25.0,900,2,26.34235395931325,714.5164680798681,1.318,4.4776
150.0,25.0,900,0,20.88166641613512,377.98196893641676,1.6336,2.6548
150.0,25.0,900,1,20.87380163699556,438.92337137299216,1.4239,4.8634
150.0,25.0,900,0,25.89889387513889,411.22100986925506,1.6307,2.4402
150.0,25.0,900,1,31.136252275825026,639.049560446691,1.4688,3.3404
150.0,25.0,900,0,26.06756417167486,391.1910925349768,1.6494,2.5651
150.0,25.0,900,0,21.687040820116888,424.28679510408426,1.6239,2.365
150.0,25.0,900,0,19.246157970410252,399.1495858548203,1.6188,2.514
150.0,25.0,900,0,30.76566608974533,601.1201919246571,1.6318,1.6693
150.0,25.0,900,1,21.02906738118559,571.7025028459288,1.4135,3.7339
150.0,25.0,900,1,21.092708621429953,435.72808482402223,1.4367,4.899
150.0,25.0,900,0,23.90907818870773,466.0006771777169,1.625,2.1533
150.0,25.0,900,2,18.225534800120695,397.0033906253512,1.2666,8.0586
150.0,25.0,900,0,24.400341099736462,365.4196720482248,1.6335,2.746
150.0,25.0,900,2,21.393501108787135,666.8816115687011,1.2685,4.7974
150.0,25.0,900,1,31.95501366871146,381.6674188734336,1.4605,5.593
150.0,25.0,900,1,30.18994395401694,639.3922331713661,1.4731,3.3386
150.0,25.0,900,2,31.899756231569672,412.87177956701055,1.2575,7.7489
150.0,25.0,900,1,28.84473670786376,433.9530925814913,1.4446,4.9191
150.0,25.0,900,0,26.139802354920988,603.4278415097643,1.6252,1.6629
150.0,25.0,900,1,23.87619796027648,450.85232062655535,1.4253,4.7347
150.0,25.0,900,0,25.80976293848142,713.4684411745247,1.6243,1.4064
150.0,25.0,900,1,30.34787139255821,607.4240152446254,1.4093,3.5143
150.0,25.0,900,0,18.793199973924565,564.2127347881569,1.624,1.7785
150.0,25.0,900,0,20.063876976813482,386.1572771797639,1.6203,2.5986
150.0,25.0,900,1,22.58648699475662,596.8318263801746,1.475,3.5766
150.0,25.0,900,1,22.409146744089675,506.7083876402827,1.4455,4.2128
150.0,25.0,900,1,29.932738002873357,677.8715845450608,1.4406,3.1491
150.0,25.0,900,0,26.86364325626943,584.7443365665915,1.6175,1.7161
150.0,25.0,900,0,24.396587019761327,416.77758013072474,1.6347,2.4077
150.0,25.0,900,2,28.393651417575242,557.1723152909312,1.2529,5.742
150.0,25.0,900,1,31.374827744495274,612.9407720383857,1.4792,3.4826
150.0,25.0,900,2,30.55125820964939,686.6697739973883,1.3177,4.6591
150.0,25.0,900,0,19.338550171845196,602.9165213213064,1.6271,1.6643
150.0,25.0,900,1,26.768725531015345,691.2725421111991,1.4624,3.088
150.0,25.0,900,1,24.925422274247275,682.9730260655803,1.4093,3.1255
150.0,25.0,900,0,29.825820169554433,596.2732224608466,1.6492,1.6829
150.0,25.0,900,2,18.292063818815027,632.4811096288743,1.2141,5.0583
150.0,25.0,900,2,26.154149415447947,673.5678307869923,1.3009,4.7498
150.0,25.0,900,2,28.79554144096953,540.9397142709737,1.2539,5.9143
150.0,25.0,900,1,30.564769086314985,731.4776934740082,1.4136,2.9183
150.0,25.0,900,2,21.65911311207361,685.0504984827091,1.2295,4.6702
150.0,25.0,900,0,20.95500615370804,645.4706023789116,1.6189,1.5546
150.0,25.0,900,1,30.129396165459628,600.151830756913,1.4637,3.5569
150.0,25.0,900,1,19.178890853996823,504.29420397652586,1.4618,4.2329
150.0,25.0,900,1,23.79699563177123,629.6528160670543,1.4315,3.3902
150.0,25.0,900,0,28.49505784493874,627.1799004607433,1.6485,1.5999
150.0,25.0,900,2,23.979708533812072,696.3068969608867,1.3118,4.5947
150.0,25.0,900,1,19.617752609795396,525.2071136665463,1.4402,4.0644
150.0,25.0,900,2,30.53703016047444,442.99196690634733,1.2986,7.222
150.0,25.0,900,2,28.29281395845819,733.9032043133157,1.2431,4.3593
150.0,25.0,900,2,23.50454270437436,707.8630491157196,1.2491,4.5197
150.0,25.0,900,0,26.9443100370843,555.2922399647263,1.6323,1.8071
150.0,25.0,900,0,27.523379981359874,592.4569474289344,1.6341,1.6937
150.0,25.0,900,2,27.018279292578463,524.4530289456609,1.2988,6.1003
150.0,25.0,900,0,31.27080165458604,489.8912308584029,1.627,2.0483
150.0,25.0,900,0,19.957040992919687,499.3733631716226,1.6364,2.0094
150.0,25.0,900,0,21.181074753560814,663.6916929267308,1.6313,1.5119
150.0,25.0,900,0,19.523302830808937,432.8014308592348,1.6292,2.3185
150.0,25.0,900,0,27.359531993305854,354.87004558968647,1.6326,2.8277
150.0,25.0,900,2,23.871822349847193,677.8688755917433,1.2666,4.7196
150.0,25.0,900,1,21.840291630565286,557.4750663492295,1.439,3.8291
150.0,25.0,900,0,24.955536578227274,459.9300072108372,1.6243,2.1818
150.0,25.0,900,1,19.490801920150833,515.1533271220876,1.4348,4.1437
150.0,25.0,900,1,31.063604235954834,392.90162868026897,1.4764,5.433
150.0,25.0,900,2,23.166452692282828,538.4715937790726,1.3074,5.9414
150.0,25.0,900,1,28.25896448612968,412.05709778166585,1.4725,5.1805
150.0,25.0,900,0,20.925910911825873,665.5821261283709,1.6288,1.5076
150.0,25.0,900,1,23.411459670548222,718.0326404591033,1.4093,2.9729
150.0,25.0,900,0,28.89507912494979,525.1661753712942,1.6482,1.9107
150.0,25.0,900,1,21.646870544081615,721.3586802417369,1.4354,2.9592
150.0,25.0,900,0,28.24230923149836,352.5378404514234,1.6473,2.8464
150.0,25.0,900,1,31.479196398283385,382.6860219023474,1.4645,5.5781
150.0,25.0,900,2,19.86531014382571,636.5177442734936,1.2207,5.0263
150.0,25.0,900,0,25.645820592433218,586.3629249733931,1.6289,1.7113
150.0,25.0,900,0,19.74877561048242,636.1766557889164,1.6252,1.5773
150.0,25.0,900,1,22.797293168588823,614.9151412238324,1.4637,3.4715
150.0,25.0,900,2,25.313084376359487,611.6594867101746,1.3152,5.2305
150.0,25.0,900,2,21.49760017359711,420.8506311771299,1.2738,7.602
150.0,25.0,900,0,25.756056849689916,403.39443773834705,1.631,2.4875
150.0,25.0,900,1,29.685793529926706,649.9700838147282,1.4638,3.2842
150.0,25.0,900,2,28.64510392470848,619.5802452622672,1.3083,5.1637
150.0,25.0,900,2,29.365602895231465,385.48206486995934,1.2876,8.2995
150.0,25.0,900,2,22.040864200042463,372.6587030224339,1.2905,8.5851
150.0,25.0,900,1,30.71788640953163,568.5656263570211,1.4706,3.7545
150.0,25.0,900,1,31.934820555283906,664.4957035855352,1.4546,3.2124
150.0,25.0,900,0,24.863401113245622,573.0718337544334,1.6477,1.751
150.0,25.0,900,2,28.551499821646885,650.9986446305536,1.3067,4.9144
150.0,25.0,900,1,31.78787949069459,595.4953695613833,1.4282,3.5847
150.0,25.0,900,2,20.49481367828865,481.52467911224574,1.2456,6.6441
150.0,25.0,900,0,27.60643323630661,748.1319557620861,1.6204,1.3413
150.0,25.0,900,2,29.704144744187126,704.3076365910496,1.2682,4.5425
150.0,25.0,900,0,28.447012336019345,719.7836678852163,1.6349,1.3941
150.0,25.0,900,2,30.905408275559758,371.53607726597465,1.2895,8.611
150.0,25.0,900,2,22.482512910618713,436.78897550783796,1.2847,7.3246
150.0,25.0,900,1,18.264709156083146,730.4839420296837,1.4273,2.9222
150.0,25.0,900,0,29.543968941678838,624.5449583919631,1.6335,1.6067
150.0,25.0,900,2,20.08909049927363,616.4837558309498,1.3113,5.1896
150.0,25.0,900,1,23.047623487061713,694.0757846455023,1.4684,3.0755
150.0,25.0,900,1,20.742835029534902,537.6858793604551,1.4389,3.9701
150.0,25.0,900,1,18.12286814790482,711.4462812848501,1.4134,3.0004
150.0,25.0,900,2,30.28714901366159,384.29176371323604,1.2418,8.3252
150.0,25.0,900,0,27.966143698285137,738.895309593913,1.6183,1.358
150.0,25.0,900,2,29.0417776575634,694.9433367770919,1.2761,4.6037
150.0,25.0,900,0,23.401417841860138,624.7871194722718,1.6386,1.6061
150.0,25.0,900,2,23.09858569046519,421.2116850751694,1.3179,7.5955
150.0,25.0,900,2,28.497139710559402,612.8170415889383,1.2644,5.2206
150.0,25.0,900,2,29.269904516785072,373.9176022817622,1.2303,8.5562
150.0,25.0,900,0,26.568492838455455,566.8060281021187,1.6451,1.7704
150.0,25.0,900,0,30.434207809772612,545.7779548348718,1.6233,1.8386
150.0,25.0,900,1,29.09510136981728,699.0821474227165,1.4249,3.0535
150.0,25.0,900,1,28.46067016931135,532.3263622091654,1.4146,4.01
150.0,25.0,900,1,27.665269449215607,361.992232182908,1.4256,5.897
150.0,25.0,900,1,24.941472559455644,693.8325090147434,1.4178,3.0766
150.0,25.0,900,1,29.715254655309693,452.356634984423,1.4095,4.719
150.0,25.0,900,0,25.22193227010993,692.29962829584,1.6226,1.4495
150.0,25.0,900,1,22.07120704231116,370.2667323209093,1.4251,5.7652
150.0,25.0,900,1,31.56074105301792,617.6212256607604,1.4588,3.4562
150.0,25.0,900,0,26.77231296092201,392.4886541698296,1.6225,2.5566
150.0,25.0,900,0,18.91344932271923,687.1141201765017,1.6451,1.4604
150.0,25.0,900,2,30.646194872702083,542.1699498174048,1.2388,5.9009
150.0,25.0,900,1,24.027648558173013,572.0195990898208,1.4618,3.7318
150.0,25.0,900,0,26.45173356611978,703.4501652634603,1.6204,1.4265
150.0,25.0,900,1,29.090004575054657,384.00334309152424,1.4465,5.5589
150.0,25.0,900,1,25.5475759891367,641.5185119050645,1.4666,3.3275
150.0,25.0,900,1,28.549546061336535,582.9678917913541,1.4641,3.6617
150.0,25.0,900,2,23.450234057820172,451.47450426028246,1.3113,7.0863
150.0,25.0,900,0,23.65863722655741,451.988078792187,1.623,2.2201
150.0,25.0,900,2,29.199744988713658,722.6025980533509,1.2151,4.4275
150.0,25.0,900,2,27.72202254200691,740.844727075001,1.2174,4.3184
150.0,25.0,900,1,31.596326640298862,489.15195112805173,1.4283,4.364
150.0,25.0,900,0,25.796695463797064,545.4176692005062,1.6263,1.8398
150.0,25.0,900,1,19.63199763218445,672.0658638526274,1.4648,3.1763
150.0,25.0,900,0,30.81715003172015,687.0043479599573,1.6317,1.4606
150.0,25.0,900,0,18.32065069677158,441.3696726625167,1.6476,2.2735
150.0,25.0,900,2,26.311150913941866,572.6769963200613,1.3178,5.5866
150.0,25.0,900,1,22.198158590960674,521.7571081862305,1.4688,4.0913
150.0,25.0,900,2,30.797474502021267,412.7719077506028,1.2804,7.7508
150.0,25.0,900,0,28.194878134122785,584.9626224187833,1.6421,1.7154
150.0,25.0,900,1,25.827070899446642,432.3840021306938,1.4231,4.9369
150.0,25.0,900,0,21.63161226838732,601.3688816433751,1.647,1.6686
150.0,25.0,900,2,30.86863185935879,394.36668530178724,1.2757,8.1125
150.0,25.0,900,0,18.273403023582787,646.8314480745155,1.6168,1.5513
150.0,25.0,900,0,21.432774705430095,645.540697022441,1.6401,1.5544
150.0,25.0,900,2,18.712312850104276,379.3210178964142,1.2201,8.4343
150.0,25.0,900,2,28.016423310444136,532.5819494777836,1.2192,6.0071
150.0,25.0,900,2,19.098736225749924,522.6784766358153,1.3033,6.121
150.0,25.0,900,2,19.288661230647367,609.2151089341654,1.2156,5.2515
150.0,25.0,900,0,19.94095118890829,538.2053420913466,1.6167,1.8644
150.0,25.0,900,2,31.604361293642356,718.2699788225166,1.289,4.4542
150.0,25.0,900,1,26.407497317475624,427.96385177110324,1.4588,4.9879
150.0,25.0,900,0,31.67053052123071,534.5889216678064,1.6391,1.8771
150.0,25.0,900,0,20.61153709969728,610.0652718511083,1.6188,1.6448
150.0,25.0,900,1,23.83362645398833,594.3641453806754,1.4117,3.5915
150.0,25.0,900,1,18.0724462612147,414.99357897357606,1.4365,5.1438
150.0,25.0,900,0,19.054430976556723,548.5411170172756,1.6431,1.8293
150.0,25.0,900,2,20.571402837924296,610.4425156937982,1.2769,5.2409
150.0,25.0,900,1,20.30420932435852,566.4987055939106,1.417,3.7681
150.0,25.0,900,2,26.567163772851252,433.2682642450817,1.2608,7.3841
150.0,25.0,900,2,29.34839898860988,701.7051532176108,1.2624,4.5593
150.0,25.0,900,1,18.731372173251952,654.9007986428774,1.4654,3.2595
150.0,25.0,900,0,27.77083719675399,688.6689185790207,1.6326,1.4571
150.0,25.0,900,0,22.704069049477678,478.67734349024397,1.6272,2.0963
150.0,25.0,900,0,23.606492956610012,530.6417697795109,1.6243,1.891
150.0,25.0,900,2,28.414927372217065,401.1084807887216,1.238,7.9761
150.0,25.0,900,1,19.715420963990415,699.5871750107459,1.4647,3.0513
150.0,25.0,900,0,21.01811809863349,623.7359052208412,1.6287,1.6088
150.0,25.0,900,1,23.73722531548029,369.04827861621243,1.4601,5.7842
150.0,25.0,900,1,18.784344432253096,661.979346548602,1.4563,3.2247
150.0,25.0,900,1,29.405643965991665,448.6355644627793,1.4373,4.7581
150.0,25.0,900,2,31.162784409589662,384.21360966324244,1.2184,8.3269
150.0,25.0,900,0,23.51655839036595,355.97541154098,1.6379,2.8189
150.0,25.0,900,0,21.652119672004503,632.1695151648471,1.6397,1.5873
150.0,25.0,900,1,30.402347699653806,414.2816968368403,1.4714,5.1527
150.0,25.0,900,0,19.67341649721058,654.9154309849235,1.6384,1.5322
150.0,25.0,900,1,25.866509268254283,418.13609735638113,1.4455,5.1052
150.0,25.0,900,0,29.15071615309634,671.3600637319603,1.6266,1.4947
150.0,25.0,900,2,23.945774011238782,551.8769700486326,1.2882,5.7971
150.0,25.0,900,0,18.507270926818272,582.8393701076141,1.6364,1.7217
150.0,25.0,900,2,25.127922766851654,749.9076590595962,1.2437,4.2663
150.0,25.0,900,1,25.402502954997104,503.18038514481503,1.446,4.2423
150.0,25.0,900,0,19.12628964491635,530.6237078504528,1.6424,1.8911
150.0,25.0,900,2,21.450955501003683,623.0187507080319,1.2575,5.1352
150.0,25.0,900,2,26.066444690491835,361.1777106882536,1.2437,8.858
150.0,25.0,900,0,29.80727527594248,535.2290480892646,1.6362,1.8748
150.0,25.0,900,0,23.987623741352106,535.3633298380859,1.6283,1.8743
150.0,25.0,900,2,28.864505211393578,548.8045594840546,1.226,5.8296
150.0,25.0,900,2,26.994636742696446,442.3060248149138,1.2408,7.2332
150.0,25.0,900,1,22.71877956317504,395.59410150624774,1.4712,5.3961
150.0,25.0,900,0,28.951054617723635,512.0768250249549,1.6413,1.9596
150.0,25.0,900,0,19.241519286433185,610.8839057608764,1.6445,1.6426
150.0,25.0,900,1,31.844761504885675,537.4063878737,1.4288,3.9721
150.0,25.0,900,0,31.434768884531298,607.3027765520865,1.6295,1.6523
150.0,25.0,900,1,25.43187555724362,463.75938894339436,1.4184,4.6029
150.0,25.0,900,1,19.627275969114837,641.2264078736234,1.4261,3.329
150.0,25.0,900,2,28.84751145287181,647.8318932339396,1.2459,4.9385
150.0,25.0,900,1,19.591798153616562,447.21248768607575,1.4402,4.7732
150.0,25.0,900,0,25.555758496901905,428.6180923729681,1.6232,2.3411
150.0,25.0,900,0,28.816007425998972,637.0789067360918,1.6229,1.5751
150.0,25.0,900,2,27.965429444624625,499.73677193082835,1.2398,6.402
150.0,25.0,900,0,24.434620779556568,682.0492527016538,1.6484,1.4712
150.0,25.0,900,2,31.859106018410884,526.492572246176,1.2512,6.0766
150.0,25.0,900,1,28.730692675494424,533.8549398002822,1.4514,3.9986
150.0,25.0,900,0,25.128943336879644,487.5147857741814,1.6439,2.0583
150.0,25.0,900,1,30.160541748730854,728.6629287411464,1.4712,2.9295
150.0,25.0,900,1,24.58878835900226,372.515318050172,1.4767,5.7304
150.0,25.0,900,1,25.532351589950636,732.4247325713488,1.4384,2.9145
150.0,25.0,900,2,26.806076183650937,405.1599549482344,1.2893,7.8964
150.0,25.0,900,2,21.58464632992304,422.8326907359232,1.3131,7.5663
150.0,25.0,900,1,19.394033574569196,471.32004209415675,1.4444,4.5291
150.0,25.0,900,0,29.70610397208557,747.5747908610116,1.6342,1.3423
150.0,25.0,900,0,25.080608612488636,623.2955427189015,1.62,1.6099
150.0,25.0,900,1,20.715914764683554,460.38592690467,1.4527,4.6367
150.0,25.0,900,0,26.816661151243444,574.7652406007048,1.6369,1.7459
150.0,25.0,900,1,26.05530425032164,736.9845085162599,1.4707,2.8965
150.0,25.0,900,0,24.04695214335127,651.1344126424191,1.6349,1.5411
150.0,25.0,900,1,24.494695368557913,385.7653913389468,1.4111,5.5336
150.0,25.0,900,1,24.95876203697282,416.2168544966842,1.4471,5.1287
150.0,25.0,900,0,21.53420530398191,731.9176228383778,1.647,1.371
150.0,25.0,900,0,19.555883063091056,353.68486298764014,1.6231,2.8371
150.0,25.0,900,1,21.816254411983003,504.6843842563046,1.4478,4.2297
150.0,25.0,900,1,23.357479705355786,424.63911939938987,1.417,5.027
150.0,25.0,900,0,28.394344521267833,683.7915798625048,1.6216,1.4675
150.0,25.0,900,1,20.373890810663866,479.1893448277922,1.4379,4.4547
150.0,25.0,900,1,30.953724473706625,487.48328811671604,1.4565,4.3789
150.0,25.0,900,1,21.78685217529459,406.68413801657516,1.4563,5.2489
150.0,25.0,900,1,31.791171603818533,747.7798736736969,1.468,2.8547
150.0,25.0,900,1,21.8116717935426,380.15541512783653,1.4138,5.6152
150.0,25.0,900,0,26.333632377928915,391.28957596016636,1.6441,2.5645
150.0,25.0,900,2,28.506192114396644,689.1317200387423,1.2696,4.6425
150.0,25.0,900,0,18.467832528215407,552.5419433589701,1.6222,1.8161
150.0,25.0,900,0,28.26182245038798,397.02804774640634,1.6167,2.5274
150.0,25.0,900,1,23.954725158072165,586.7162749127217,1.4304,3.6383
150.0,25.0,900,0,25.886141324421523,671.7405133317206,1.6163,1.4938
150.0,25.0,900,1,19.441204158823716,368.48087246075886,1.4405,5.7931
150.0,25.0,900,1,29.84270047007555,735.2571871849245,1.4251,2.9033
150.0,25.0,900,2,25.808265860949817,436.6352925948012,1.2978,7.3272
150.0,25.0,900,0,29.49409162374819,714.1161790103274,1.6167,1.4052
150.0,25.0,900,1,19.23471625555003,539.8417772127527,1.4343,3.9542
150.0,25.0,900,0,20.38584088806168,374.86336662151854,1.6167,2.6769
150.0,25.0,900,1,18.3839313671388,709.8921208712371,1.426,3.007
150.0,25.0,900,1,25.33005635997978,516.0283989916268,1.4328,4.1367
150.0,25.0,900,0,31.51980364568532,356.21882083650536,1.6327,2.817
150.0,25.0,900,2,29.51994055350727,592.4702377354757,1.262,5.3999
150.0,25.0,900,2,18.37961650510128,464.47759056307206,1.3125,6.8879
150.0,25.0,900,1,18.47938336317538,746.7692376797935,1.4109,2.8585
150.0,25.0,900,1,23.566541413011922,676.8008381972263,1.4349,3.154
150.0,25.0,900,2,22.995760685566324,416.5187451359068,1.2727,7.681
150.0,25.0,900,2,29.5760009100703,580.8533726528433,1.2155,5.5079
150.0,25.0,900,2,27.352221234828992,697.9300605392482,1.2153,4.584
150.0,25.0,900,1,26.377936598591244,571.6115514816229,1.46,3.7344
150.0,25.0,900,0,23.407778739172606,415.1641067053148,1.6462,2.417
150.0,25.0,900,1,24.915887519668065,498.1670841284161,1.4584,4.285
150.0,25.0,900,2,23.73556999417177,476.1265053311114,1.2328,6.7194
150.0,25.0,900,1,28.97066386792659,629.481810987486,1.4146,3.3911
150.0,25.0,900,2,27.782311443376,590.5431337286309,1.2293,5.4176
150.0,25.0,900,0,28.26855169021998,395.66272316861233,1.6475,2.5361
150.0,25.0,900,2,29.541888674634784,408.82513407975017,1.2528,7.8256
150.0,25.0,900,2,19.176962888841672,429.1142022117414,1.3002,7.4556
150.0,25.0,900,1,23.423336924383023,726.1802616632235,1.4396,2.9396
150.0,25.0,900,1,21.73136394348605,475.34589838662936,1.4688,4.4907
150.0,25.0,900,0,31.077848163322265,526.7264921576758,1.6177,1.9051
150.0,25.0,900,2,25.122004040297732,463.6935653061237,1.3062,6.8996
150.0,25.0,900,0,25.38701477624236,592.7605046581092,1.6335,1.6929
150.0,25.0,900,2,19.116244381818344,468.8571053652551,1.2875,6.8236
150.0,25.0,900,1,28.481302382889076,639.4840711658379,1.4342,3.3381
150.0,25.0,900,1,25.053423494508923,372.3825174263032,1.4602,5.7324
150.0,25.0,900,2,19.135482172470024,746.2198184794461,1.2485,4.2873
150.0,25.0,900,1,20.406142758910622,684.2576488951236,1.4366,3.1197
150.0,25.0,900,1,19.677890028313644,741.0174844453585,1.4628,2.8807
150.0,25.0,900,2,30.394257029522855,403.81427304134667,1.3117,7.9227
150.0,25.0,900,2,30.64493403756853,645.468555176788,1.2315,4.9566
150.0,25.0,900,1,19.68748079763853,739.1048894134544,1.42,2.8882
150.0,25.0,900,1,22.019831636223394,366.5924782640874,1.4311,5.823
150.0,25.0,900,2,24.246976703739488,374.41266002620296,1.2875,8.5448
150.0,25.0,900,0,30.59825998601971,650.5892225027345,1.6461,1.5424
150.0,25.0,900,1,18.30464887325792,409.9774667566604,1.4227,5.2068
150.0,25.0,900,1,27.228214360815336,565.0680585462042,1.4586,3.7777
150.0,25.0,900,1,31.452080704591822,373.1386997783711,1.4679,5.7208
150.0,25.0,900,0,21.51700502323089,599.1136187657797,1.6436,1.6749
150.0,25.0,900,2,18.54375596753271,393.94615314246516,1.2485,8.1212
150.0,25.0,900,2,30.67251843294467,404.1224355908085,1.2636,7.9167
150.0,25.0,900,1,18.040593267496387,653.5594594276661,1.4143,3.2662
150.0,25.0,900,1,24.14119165188918,399.4370404608116,1.4464,5.3442
150.0,25.0,900,0,18.170173728428622,563.5400867326721,1.6446,1.7806
150.0,25.0,900,2,30.66305149507121,499.0613565713071,1.2927,6.4106
150.0,25.0,900,2,19.8021841587628,730.5492163797965,1.2248,4.3793
150.0,25.0,900,2,31.44246474916666,550.0499432828921,1.2947,5.8164
150.0,25.0,900,1,24.08000565810429,712.3237885709541,1.4603,2.9967
150.0,25.0,900,0,23.180975819495877,552.5106078604078,1.6454,1.8162
150.0,25.0,900,0,20.69999498128763,460.23653564615654,1.6426,2.1803
150.0,25.0,900,1,23.54027327851798,586.3018797973732,1.4719,3.6409
150.0,25.0,900,0,29.363851116123417,540.9732357545907,1.6424,1.8549
150.0,25.0,900,0,31.32573655330888,563.3697732936955,1.6202,1.7812
150.0,25.0,900,2,23.22175066010188,410.570575962067,1.2142,7.7923
150.0,25.0,900,0,28.814807350589437,376.30008089824184,1.6203,2.6666
150.0,25.0,900,2,24.121809147866983,611.6753722220626,1.3079,5.2304
150.0,25.0,900,2,20.26933003802645,446.70562312636594,1.2142,7.162
150.0,25.0,900,2,30.080958144021665,566.1653697879217,1.2547,5.6508
150.0,25.0,900,1,22.053966991095628,591.6597174288459,1.4287,3.6079
150.0,25.0,900,0,18.44825371940761,364.50839016028425,1.623,2.7529
150.0,25.0,900,0,18.05261973539066,664.8094857650556,1.6202,1.5094
150.0,25.0,900,1,22.794186710627322,616.223865988221,1.4474,3.4641
150.0,25.0,900,1,25.350480766603106,680.3366094495884,1.4739,3.1376
150.0,25.0,900,1,20.041360307060966,374.90087269691765,1.4667,5.6939
150.0,25.0,900,0,22.40608380738198,633.4530441487125,1.6323,1.5841
150.0,25.0,900,1,26.07528703889108,430.40352522676363,1.4258,4.9597
150.0,25.0,900,0,24.697255105466475,533.7181658376661,1.6448,1.8801
150.0,25.0,900,0,29.041742042222527,538.5320132875323,1.6429,1.8633
150.0,25.0,900,2,31.16011435073284,585.3183427033546,1.2184,5.4659
150.0,25.0,900,1,31.425997868606743,723.5891934739243,1.4377,2.9501
150.0,25.0,900,0,19.63557822811077,685.0798444514685,1.6282,1.4647
150.0,25.0,900,1,24.254351812201783,378.9131257960548,1.4263,5.6336
150.0,25.0,900,2,26.701078260794848,392.95445888645156,1.3059,8.1416
150.0,25.0,900,2,22.898327124846283,387.16419537708543,1.2282,8.2634
150.0,25.0,900,2,18.30988269852056,728.9269392870467,1.2194,4.3891
150.0,25.0,900,2,22.978812671861363,505.5408667319857,1.3135,6.3285
150.0,25.0,900,1,20.88233625218878,357.44893923605196,1.4379,5.9719
150.0,25.0,900,2,31.776694565867928,465.7293395199215,1.2397,6.8694
150.0,25.0,900,0,20.433602387366175,411.455714980448,1.6362,2.4388
150.0,25.0,900,1,25.68435017818325,550.1176343332552,1.415,3.8804
150.0,25.0,900,0,22.603043031301684,605.6684338004786,1.6393,1.6568
150.0,25.0,900,0,30.889200081668733,653.208146003397,1.624,1.5362
150.0,25.0,900,2,22.26907545470764,695.7042313426496,1.271,4.5986
150.0,25.0,900,2,31.521310571936944,558.212587805109,1.2967,5.7313
150.0,25.0,900,2,18.323043106021693,504.58792966368685,1.2497,6.3404
150.0,25.0,900,2,24.49299437127336,541.2367783843529,1.299,5.9111
150.0,25.0,900,2,21.91096994724625,565.8381756550082,1.2841,5.6541
150.0,25.0,900,2,22.83335085731228,554.1146189955946,1.2574,5.7737
150.0,25.0,900,0,27.968233286093614,456.6985646063407,1.6282,2.1972
150.0,25.0,900,2,24.492021210193656,604.8750249557213,1.2362,5.2892
150.0,25.0,900,2,31.504520376300817,706.2937267253201,1.2677,4.5297
150.0,25.0,900,1,27.652468463390512,626.223701590186,1.4697,3.4088
150.0,25.0,900,2,23.756771989332844,508.36496327812114,1.3113,6.2933
150.0,25.0,900,2,26.49314626980021,633.3365619228102,1.261,5.0515
150.0,25.0,900,2,28.027366143150168,371.97457061464735,1.3046,8.6008
150.0,25.0,900,1,30.636561088679535,602.8430856787334,1.4113,3.541
150.0,25.0,900,1,24.2229370874959,718.270765705206,1.4727,2.9719
150.0,25.0,900,0,18.014234547606137,724.8478653633075,1.6235,1.3844
150.0,25.0,900,2,20.66323810035905,717.8945900187866,1.3075,4.4565
150.0,25.0,900,0,31.54873061713981,553.2117702442933,1.6184,1.8139
150.0,25.0,900,2,21.858150681956463,715.2178475784899,1.245,4.4732
150.0,25.0,900,1,31.914286521768425,703.3380306271334,1.4705,3.035
150.0,25.0,900,0,21.192143853220465,638.0167979891983,1.6233,1.5728
150.0,25.0,900,0,24.951499376442854,380.13309034636546,1.6318,2.6397
150.0,25.0,900,1,23.96534591405451,409.26110707123564,1.4122,5.2159
150.0,25.0,900,1,22.434794165775564,607.2940693898177,1.4113,3.515
150.0,25.0,900,2,24.179701605363448,728.4257116673963,1.3064,4.3921
150.0,25.0,900,1,19.305318361211114,627.4787956740377,1.4273,3.402
150.0,25.0,900,2,21.40841427387444,693.307479918112,1.2509,4.6145
150.0,25.0,900,1,28.587634654423084,440.53040958846424,1.4266,4.8456
150.0,25.0,900,2,24.92025306231439,352.0772134238058,1.2651,9.0869
150.0,25.0,900,2,28.681089138684232,642.3736373375309,1.2769,4.9804
150.0,25.0,900,2,28.697925724004243,553.6953796663807,1.2455,5.7781
150.0,25.0,900,2,18.32681436245768,588.2059665860196,1.2184,5.4391
150.0,25.0,900,1,31.200719988263153,731.8890755984719,1.4681,2.9166
150.0,25.0,900,0,29.61351515194496,362.6824533162965,1.6463,2.7668
150.0,25.0,900,0,27.37299996120037,401.99248664686036,1.6375,2.4962
150.0,25.0,900,1,23.41351807270241,409.6894696943824,1.4767,5.2104
150.0,25.0,900,0,31.63598354831521,640.1251215200107,1.6185,1.5676
150.0,25.0,900,0,21.01388058404976,541.8713385787227,1.6204,1.8518
150.0,25.0,900,0,18.131298238201893,676.0148707516558,1.6351,1.4844
150.0,25.0,900,1,30.309292575654954,450.5141911415586,1.4367,4.7383
150.0,25.0,900,0,23.690432626209006,450.8449921582388,1.6345,2.2257
150.0,25.0,900,1,25.107886373171386,432.90269103203696,1.4306,4.931
150.0,25.0,900,1,27.742748019170868,382.11782496493356,1.4361,5.5864
150.0,25.0,900,1,21.853155061194123,579.9905961451728,1.416,3.6805
150.0,25.0,900,1,21.058677893821468,538.1096348140627,1.4147,3.9669
150.0,25.0,900,2,31.475114874365865,613.7298767361298,1.218,5.2129
150.0,25.0,900,0,24.63936547322991,609.8757571325924,1.6385,1.6453
150.0,25.0,900,0,28.139950654187714,734.0972768154775,1.626,1.3669
150.0,25.0,900,2,22.81087198564683,705.9149347712461,1.316,4.5321
150.0,25.0,900,1,20.015690607419682,704.1394111808966,1.4541,3.0316
150.0,25.0,900,2,18.81724888864217,548.2838270716293,1.2237,5.8351
150.0,25.0,900,2,19.56350883894437,726.2448622549886,1.2627,4.4053
150.0,25.0,900,0,30.081043625770626,624.5549822322768,1.6309,1.6067
150.0,25.0,900,2,24.471423450134164,626.1686751616326,1.3046,5.1093
150.0,25.0,900,2,20.616864767615205,734.4620339520276,1.2917,4.356
150.0,25.0,900,0,24.886511248199856,576.1961813343977,1.6283,1.7415
150.0,25.0,900,0,23.371731447302935,669.0962757117417,1.6409,1.4997
150.0,25.0,900,0,20.42722924393686,400.73720797922147,1.6189,2.504
150.0,25.0,900,2,29.77286311159338,622.8642597720268,1.2677,5.1364
150.0,25.0,900,0,19.380094172053155,609.9316021475472,1.6323,1.6452
150.0,25.0,900,2,18.43312452213829,510.63718865534906,1.2578,6.2653
150.0,25.0,900,0,29.105081181867636,389.5698056519104,1.6454,2.5758
150.0,25.0,900,2,22.359612395739834,681.9554684461657,1.3195,4.6914
150.0,25.0,900,1,22.52022121167656,521.9295553395399,1.4637,4.0899
150.0,25.0,900,0,20.216134779762683,500.3264225299531,1.6442,2.0056
150.0,25.0,900,2,26.644012159850853,679.6298230258719,1.3066,4.7074
150.0,25.0,900,2,30.793440404075056,369.5642733931808,1.2894,8.6569
150.0,25.0,900,0,19.210889147675513,520.0140727551952,1.6315,1.9297
150.0,25.0,900,2,30.94083198990625,584.9312668728078,1.2858,5.4695
150.0,25.0,900,2,22.65973269287516,630.9693118038149,1.2488,5.0704
150.0,25.0,900,1,27.9803884874597,662.7839334077605,1.4098,3.2207
150.0,25.0,900,0,30.214678142209095,731.3498739191955,1.6298,1.3721
150.0,25.0,900,1,20.540157441102863,556.5496775046439,1.4711,3.8355
150.0,25.0,900,1,28.795917205341226,709.0140834123051,1.4125,3.0107
150.0,25.0,900,0,20.171064988089373,737.1826041887967,1.6248,1.3612
150.0,25.0,900,0,29.44199027241448,479.1593997666794,1.6385,2.0942
150.0,25.0,900,1,27.118053206200823,591.9139267223738,1.466,3.6064
150.0,25.0,900,1,31.28317136865458,535.6705506192249,1.4281,3.985
150.0,25.0,900,0,23.864034044361762,736.3749114879838,1.6365,1.3627
150.0,25.0,900,2,27.56950769979862,577.2005828807903,1.2762,5.5428
150.0,25.0,900,2,27.083123621653527,656.8088406923598,1.2929,4.871
150.0,25.0,900,1,18.914853072998245,597.7840313157459,1.4358,3.5709
150.0,25.0,900,0,28.759302058495294,481.3256787749209,1.6284,2.0848
150.0,25.0,900,0,22.88680981766027,440.4590584110133,1.6402,2.2782
150.0,25.0,900,2,27.449448628619283,591.4630341732677,1.2275,5.4091
150.0,25.0,900,1,23.99198035053672,375.38107886023283,1.4132,5.6866
150.0,25.0,900,2,31.240132040627845,439.5805369607564,1.2191,7.2781
150.0,25.0,900,0,31.792193329304325,655.4162894811545,1.6284,1.531
150.0,25.0,900,2,26.183622739113584,565.5558146760817,1.2527,5.6569
150.0,25.0,900,2,25.594471830650036,727.12030769934,1.2661,4.4
150.0,25.0,900,0,28.48614778387053,528.6375172762956,1.6284,1.8982
150.0,25.0,900,0,23.15932916311919,577.4889373899591,1.6224,1.7376
150.0,25.0,900,2,18.166301505310404,512.7010134631038,1.22,6.2401
150.0,25.0,900,0,31.11345853824592,448.17044319896337,1.6407,2.239
150.0,25.0,900,1,21.285134270442715,608.6390116818328,1.4708,3.5073
150.0,25.0,900,1,18.61869267433428,360.1437627367566,1.4756,5.9272
150.0,25.0,900,0,23.081236782287455,372.60764549170335,1.6162,2.6931
150.0,25.0,900,1,18.331000419908953,454.47060369955955,1.4332,4.697
150.0,25.0,900,0,23.480277485144143,677.5960430510547,1.6245,1.4809
150.0,25.0,900,1,27.78869044275588,632.725693253982,1.4724,3.3737
150.0,25.0,900,1,28.955166623909236,361.4588047834929,1.4173,5.9057
150.0,25.0,900,1,26.02083946791365,749.3188078319508,1.4124,2.8488
150.0,25.0,900,1,31.938302450207367,635.7848614845487,1.4618,3.3575
150.0,25.0,900,2,26.09461915916053,730.9465412321745,1.2296,4.3769
150.0,25.0,900,1,27.700413937338904,584.5894849731471,1.412,3.6515
150.0,25.0,900,2,19.957666273754633,513.2975965015363,1.2862,6.2328
150.0,25.0,900,2,24.119210990345614,389.538488596741,1.2317,8.213
150.0,25.0,900,2,18.337126597432793,532.465080044703,1.2947,6.0085
150.0,25.0,900,2,25.85189321585647,746.4103206141276,1.2871,4.2862
150.0,25.0,900,0,30.101414973295938,737.5254421894529,1.6311,1.3606
150.0,25.0,900,0,31.54324553166755,506.39430059314907,1.6315,1.9816
150.0,25.0,900,1,22.076578790571496,418.56230474269444,1.4541,5.1
150.0,25.0,900,1,23.701945442757097,642.5080344708356,1.4774,3.3224
150.0,25.0,900,2,24.07985166510165,689.4529203545483,1.2445,4.6403
150.0,25.0,900,0,29.56768102878239,573.6961898689333,1.6196,1.7491
150.0,25.0,900,2,21.69321313004186,669.7059131632972,1.2638,4.7772
150.0,25.0,900,2,25.614806133395938,559.8929715703371,1.2895,5.7141
150.0,25.0,900,1,25.000118541328764,713.1915194941197,1.4393,2.9931
150.0,25.0,900,1,23.265295468493605,696.7682572114893,1.4141,3.0636
150.0,25.0,900,0,26.40425248307817,463.052173847181,1.6249,2.167
150.0,25.0,900,2,31.870645550900182,466.8350252321456,1.2569,6.8532
150.0,25.0,900,0,22.84955928556821,418.6761752641909,1.643,2.3967
150.0,25.0,900,0,19.368112682226617,476.6682192738077,1.6307,2.1051
150.0,25.0,900,0,24.827053417834204,423.1747647961439,1.6254,2.3713
150.0,25.0,900,1,26.586077871579633,701.9777912567461,1.4716,3.0409
150.0,25.0,900,1,18.21654762460824,458.0180785645515,1.4235,4.6606
150.0,25.0,900,0,18.871817529516072,433.8379412307632,1.6417,2.313
150.0,25.0,900,1,22.85242769869539,653.0843644765014,1.4597,3.2686
150.0,25.0,900,1,18.21459136968709,372.7453410437129,1.4754,5.7268
150.0,25.0,900,2,30.029318842571335,420.3354160577595,1.3073,7.6113
150.0,25.0,900,1,20.6626906872768,604.7261056880135,1.4274,3.5299
150.0,25.0,900,2,23.22063125793447,366.4921604771848,1.2162,8.7295
150.0,25.0,900,0,28.797768716274867,527.1036791038675,1.617,1.9037
150.0,25.0,900,0,29.94344480027251,698.5612376469214,1.6243,1.4365
150.0,25.0,900,0,22.075811210495644,576.8420153017255,1.6352,1.7396
150.0,25.0,900,0,29.231507735845497,680.3489847688229,1.6281,1.4749
150.0,25.0,900,1,22.093257950096593,425.1451493721615,1.4188,5.021
150.0,25.0,900,1,25.531219129239197,390.6592900828726,1.472,5.4642
150.0,25.0,900,1,20.769519768993057,505.6161665849294,1.4509,4.2219
150.0,25.0,900,0,19.213086074594706,611.7988742266375,1.6204,1.6402
150.0,25.0,900,0,20.45958587625558,742.3699979299943,1.6256,1.3517
150.0,25.0,900,2,21.492407518674725,656.1341052863008,1.3157,4.876
150.0,25.0,900,0,19.402978938481247,637.9131771751313,1.6386,1.573
150.0,25.0,900,0,26.949148736383318,417.5646982482256,1.6239,2.4031
150.0,25.0,900,2,19.969028181016807,743.999368508277,1.2199,4.3001
150.0,25.0,900,0,25.725888063801747,636.5151837398917,1.6462,1.5765
150.0,25.0,900,1,31.36678334553854,553.9357082180087,1.4706,3.8536
150.0,25.0,900,1,25.803990385822292,548.7592737684015,1.4322,3.89
150.0,25.0,900,0,30.887703026584386,360.2971611140752,1.6189,2.7851
150.0,25.0,900,2,25.03387525478013,543.8704821675793,1.2984,5.8825
150.0,25.0,900,0,18.17808318833219,589.4308444464796,1.6492,1.7024
150.0,25.0,900,1,19.03068342709727,469.78610533938866,1.4187,4.5439
150.0,25.0,900,0,24.305233793023287,567.521739344101,1.6384,1.7681
150.0,25.0,900,1,25.999614661890618,670.6178975656646,1.4373,3.1831
150.0,25.0,900,1,27.816762628155306,467.2781667333805,1.4112,4.5683
150.0,25.0,900,0,19.021962975783637,413.31345858672177,1.628,2.4278
150.0,25.0,900,1,18.501685684640446,547.4151603414435,1.456,3.8995
150.0,25.0,900,2,30.773909238735442,503.29124427261087,1.2167,6.3568
150.0,25.0,900,0,27.46374246033046,429.94535617299874,1.6312,2.3339
150.0,25.0,900,2,23.346071608718646,563.0144980198344,1.2599,5.6824
150.0,25.0,900,0,18.496916362865992,493.40636591609575,1.6352,2.0337
150.0,25.0,900,2,20.79793617859695,398.37825374747615,1.2771,8.0308
150.0,25.0,900,1,27.64608094025572,698.22638865198,1.4435,3.0572
150.0,25.0,900,2,25.677237249221967,600.366287717306,1.2407,5.3289
150.0,25.0,900,1,26.56567262893804,713.4714323931894,1.4425,2.9919
150.0,25.0,900,2,19.626898168893945,480.6949959455577,1.2916,6.6556
150.0,25.0,900,1,23.682407147967034,425.47313762261155,1.4591,5.0171
150.0,25.0,900,2,29.967790265485817,570.8672759003061,1.2904,5.6043
150.0,25.0,900,2,20.715687651288277,351.4136145075207,1.3066,9.1041
150.0,25.0,900,0,27.47343782285239,706.2665028288834,1.6311,1.4208
150.0,25.0,900,1,26.92778131629964,405.7414812823182,1.4504,5.2611
150.0,25.0,900,2,19.72679426601984,705.7953459700789,1.3082,4.5329
150.0,25.0,900,2,28.025529404435236,388.6045332635324,1.2675,8.2328
150.0,25.0,900,2,24.522776399159085,682.0947653539586,1.2886,4.6904
150.0,25.0,900,0,21.849650614058543,576.0833130486136,1.6277,1.7419
150.0,25.0,900,1,20.832259728684825,543.5641785759224,1.4122,3.9271
150.0,25.0,900,0,18.063634062219922,354.2249704129232,1.6275,2.8328
150.0,25.0,900,2,27.76961310887983,653.9217675456282,1.2709,4.8925
150.0,25.0,900,0,21.414997289468214,657.6571612015684,1.6395,1.5258
150.0,25.0,900,1,24.070750061133527,738.8798914986362,1.4682,2.889
150.0,25.0,900,0,31.029803838176893,448.54112022404007,1.6371,2.2372
150.0,25.0,900,1,19.48611454164981,460.32661454542193,1.4193,4.6373
150.0,25.0,900,0,31.296766445829302,572.4344358741766,1.6466,1.753
150.0,25.0,900,1,30.251382887949013,737.7927138194264,1.409,2.8933
150.0,25.0,900,0,18.478943210683443,705.9133486151013,1.6225,1.4215
150.0,25.0,900,1,30.58628679019159,390.4042538051601,1.4216,5.4678
150.0,25.0,900,1,27.85803447498752,447.27091748361715,1.4626,4.7726
150.0,25.0,900,0,26.406235767317337,664.1460064825167,1.6258,1.5109
150.0,25.0,900,0,30.216035735911117,506.8887854097948,1.6315,1.9796
150.0,25.0,900,1,22.014032428833683,467.1145277783495,1.4437,4.5699
150.0,25.0,900,0,28.971136693102693,726.5719867914161,1.6449,1.3811
150.0,25.0,900,1,22.233909663600564,352.9588589298875,1.4691,6.0479
150.0,25.0,900,2,24.81963913880827,396.1199712685491,1.2473,8.0766
150.0,25.0,900,1,29.807636296667344,370.1108972232995,1.4263,5.7676
150.0,25.0,900,1,20.236038811923414,546.378737530021,1.4626,3.9069
150.0,25.0,900,1,26.586644226856684,354.58086125014876,1.4131,6.0202
150.0,25.0,900,0,18.85384616394584,571.759259779732,1.6434,1.755
150.0,25.0,900,1,27.651511096877364,546.4136436476608,1.4242,3.9067
150.0,25.0,900,0,30.913693193297842,638.8768670146226,1.6469,1.5707
150.0,25.0,900,0,27.49634920043976,718.890091874811,1.6226,1.3958
150.0,25.0,900,0,31.53691144615051,677.1703928654721,1.6452,1.4818
150.0,25.0,900,1,19.778808877811507,437.48853222374015,1.4472,4.8793
150.0,25.0,900,2,22.84165649772442,467.61403517880717,1.2951,6.8417
150.0,25.0,900,2,30.62343219470726,637.2425564563875,1.2998,5.0205
150.0,25.0,900,1,24.934044423507668,403.113757987831,1.4098,5.2954
150.0,25.0,900,0,26.434717688494572,384.60846352064596,1.6274,2.609
150.0,25.0,900,0,30.09001470108902,533.8245149798875,1.6462,1.8797
150.0,25.0,900,2,18.21767797213997,628.2179591069871,1.3201,5.0927
150.0,25.0,900,1,28.954249194382,376.20038823420896,1.4137,5.6742
150.0,25.0,900,1,21.56808197038865,622.8621601406718,1.4241,3.4272
150.0,25.0,900,2,28.816119679051525,617.8280563972257,1.2893,5.1783
150.0,25.0,900,1,20.047856393024702,368.375034300602,1.4595,5.7948
150.0,25.0,900,0,28.339610686369664,573.5139447882093,1.6346,1.7497
150.0,25.0,900,0,31.099904898058583,390.86279843939786,1.6432,2.5673
150.0,25.0,900,1,28.520724426753063,456.2599264281642,1.437,4.6786
150.0,25.0,900,0,31.58545246788691,515.8341757430336,1.6319,1.9453
150.0,25.0,900,0,21.16946222191732,706.7924867266051,1.634,1.4197
150.0,25.0,900,0,24.880910395575736,578.9534032112466,1.6212,1.7332
150.0,25.0,900,1,28.21671825876248,608.4017355090059,1.4145,3.5086
150.0,25.0,900,1,20.558375865106868,363.76100934015994,1.441,5.8683
150.0,25.0,900,0,19.009198220757014,593.4331086673599,1.6181,1.6909
150.0,25.0,900,1,29.59252083396119,535.5790942913175,1.4134,3.9857
150.0,25.0,900,2,18.671995122034204,544.8579547367597,1.2439,5.8718
150.0,25.0,900,2,21.89150651655527,592.2701675723487,1.2298,5.4018
150.0,25.0,900,1,31.01265649598059,734.683945919665,1.4122,2.9055
150.0,25.0,900,1,31.985216315361065,725.0611299856915,1.4414,2.9441
150.0,25.0,900,1,18.074697477727607,497.9073273410788,1.4466,4.2872
150.0,25.0,900,0,27.583264978902555,410.27106056308486,1.6425,2.4458
150.0,25.0,900,1,31.53608197986061,549.7782939278397,1.4486,3.8828
150.0,25.0,900,1,22.301839401373506,420.369935033788,1.4657,5.078
150.0,25.0,900,1,31.549995238047522,488.57186411443433,1.4598,4.3692
150.0,25.0,900,1,31.527289503662598,541.9324460490229,1.4242,3.939
0.6,15.0,1500,2,31.365819075416617,635.4253030786947,1.7591,0.3698
0.6,15.0,1500,2,19.64465763524663,652.0056127869557,1.7615,4.5985
0.6,15.0,1500,0,21.629765652611027,554.2945732265333,1.7843,0.1696
0.6,15.0,1500,0,29.55242211121409,672.8258267574411,1.7839,5.5251
0.6,15.0,1500,1,31.104385098251278,722.1044195700426,1.7742,5.9162
0.6,15.0,1500,2,19.51583897257631,357.8086478522322,1.7583,0.6568
0.6,15.0,1500,1,28.39475251173799,415.1738303077192,1.7717,0.4075
0.6,15.0,1500,1,24.100046876618375,425.134834258661,1.7732,0.398
0.6,15.0,1500,1,31.17537815359658,408.59592133747844,1.7718,0.4141
0.6,15.0,1500,1,24.72722995107691,725.1520411657989,1.7703,5.3651
0.6,15.0,1500,1,21.190997432513548,704.0728861079433,1.7713,4.3483
0.6,15.0,1500,1,26.89649065208154,555.6497761987653,1.7713,0.3045
0.6,15.0,1500,2,25.730187275708886,628.1275576138457,1.7588,0.3741
0.6,15.0,1500,2,31.05365409691575,464.26149158900404,1.7611,0.5062
0.6,15.0,1500,2,31.320948594183708,625.3457368565274,1.7594,0.3758
0.6,15.0,1500,2,24.005581938974398,579.4624933483608,1.7577,0.4056
0.6,15.0,1500,0,23.03047924332462,548.8725876177564,1.7834,0.1713
0.6,15.0,1500,0,26.600425044174813,388.2336013027424,1.7845,0.2421
0.6,15.0,1500,1,24.846783559242922,680.5680035722974,1.772,5.9642
0.6,15.0,1500,2,31.861630283743597,481.1253953347932,1.764,0.4884
0.6,15.0,1500,1,20.290323910153177,456.1693805134823,1.7695,0.3709
0.6,15.0,1500,0,22.216699408045237,521.1119214806816,1.7847,0.1804
0.6,15.0,1500,2,30.74003749818434,660.9986237717285,1.7613,4.891
0.6,15.0,1500,0,25.09397068088124,733.2067773453791,1.7831,5.6374
0.6,15.0,1500,2,23.98546450342772,517.0410531576426,1.7633,0.4545
0.6,15.0,1500,1,23.470884219784722,475.2894818912847,1.7734,0.356
0.6,15.0,1500,2,24.530498961553683,633.9799001360059,1.7576,0.3707
0.6,15.0,1500,1,23.383986981753274,579.9356477644752,1.77,0.2918
0.6,15.0,1500,0,19.390998156566255,561.9726760747486,1.7829,0.1673
0.6,15.0,1500,0,25.831108159751142,731.9450845330813,1.7851,5.3904
0.6,15.0,1500,0,21.78911754663452,618.7841085387583,1.7844,0.1519
0.6,15.0,1500,2,30.9980160105914,453.94122707346673,1.7637,0.5177
0.6,15.0,1500,2,28.87863378659193,484.2636225790202,1.7622,0.4853
0.6,15.0,1500,0,23.077374061234497,603.8117432695451,1.7836,0.1557
0.6,15.0,1500,0,19.187039521562838,564.0071293550134,1.7843,0.1667
0.6,15.0,1500,2,23.00146270208082,648.3493511134637,1.7599,0.3625
0.6,15.0,1500,0,26.24906108765456,469.6293692242125,1.7842,0.2002
0.6,15.0,1500,1,25.67791413956637,689.0437711247712,1.7694,4.4239
0.6,15.0,1500,1,20.98881929817683,683.4767647892423,1.7719,4.973
0.6,15.0,1500,1,22.28463315680203,584.2376520435837,1.7739,0.2896
0.6,15.0,1500,1,29.834604115472096,642.1218485480707,1.774,0.2635
0.6,15.0,1500,2,29.371389002434228,513.5496259600997,1.7612,0.4576
0.6,15.0,1500,2,23.00699487993723,517.1835685391308,1.7632,0.4544
0.6,15.0,1500,0,31.428253974651547,505.4231329897906,1.7834,0.186
0.6,15.0,1500,2,18.6388842101239,482.18206952137973,1.7586,0.4874
0.6,15.0,1500,1,20.154325233797515,507.8423219677956,1.7745,0.3332
0.6,15.0,1500,1,30.86104214715896,688.4450178558907,1.7739,5.0144
0.6,15.0,1500,2,27.77152640496786,702.8368190763679,1.7576,4.9759
0.6,15.0,1500,1,29.22843183248562,739.51143602594,1.7698,5.9652
0.6,15.0,1500,1,19.92901880361024,748.9937687262357,1.7726,5.9227
0.6,15.0,1500,1,24.31977064775564,627.6105542546615,1.7697,0.2696
0.6,15.0,1500,1,28.205436785604313,450.7838093234973,1.7692,0.3753
0.6,15.0,1500,1,24.43351135922626,694.4053607223516,1.7722,4.9601
0.6,15.0,1500,0,27.24713025326964,690.8903702518569,1.7833,4.8514
0.6,15.0,1500,0,30.262324345138715,473.15249497868786,1.7858,0.1987
0.6,15.0,1500,2,27.143610120914424,523.2695258180888,1.7569,0.4491
0.6,15.0,1500,1,20.529235480088484,409.1085363488929,1.7697,0.4136
0.6,15.0,1500,0,20.874778245171065,728.397288783127,1.7838,4.5343
0.6,15.0,1500,0,30.248812179575435,462.95293064337847,1.7849,0.203
0.6,15.0,1500,0,22.93111892714615,680.0415789826087,1.7859,5.2161
0.6,15.0,1500,2,20.58199300463683,524.7893593375959,1.7626,0.4478
0.6,15.0,1500,2,28.44070847659295,394.2340809030251,1.7624,0.5961
0.6,15.0,1500,2,21.23391008391104,487.9871338986031,1.7611,0.4816
0.6,15.0,1500,0,25.24558618550573,596.9055114287071,1.7831,0.1575
0.6,15.0,1500,2,31.775618136244894,404.2817307128119,1.7624,0.5813
0.6,15.0,1500,1,30.91525543958657,419.9796067126059,1.7697,0.4029
0.6,15.0,1500,2,25.932838808686625,587.5042455237424,1.7614,0.4
0.6,15.0,1500,1,24.606345441953586,371.1673279437552,1.7746,0.4559
0.6,15.0,1500,1,18.830429888492127,454.47675632911273,1.7731,0.3723
0.6,15.0,1500,1,20.360849198758736,509.4093606531238,1.7731,0.3322
0.6,15.0,1500,0,29.335472957146578,726.0498625808401,1.7836,4.8365
0.6,15.0,1500,0,19.074337736506198,628.2541205987266,1.7856,0.1496
0.6,15.0,1500,0,22.84255404284012,605.8393100503545,1.7852,0.1552
0.6,15.0,1500,2,26.313254603430302,648.0603275131248,1.7602,0.3626
0.6,15.0,1500,1,24.098110066560885,713.307241763023,1.7692,5.7763
0.6,15.0,1500,0,19.327426136839783,510.4332431664601,1.7834,0.1842
0.6,15.0,1500,0,18.519557400829253,428.40685186744525,1.7856,0.2194
0.6,15.0,1500,1,24.563195729183157,738.671451712753,1.7716,4.8105
0.6,15.0,1500,1,29.51331242263805,573.1629442504213,1.7739,0.2952
0.6,15.0,1500,0,30.678225608381986,738.9928982709844,1.7835,4.5237
0.6,15.0,1500,1,20.61558792903176,626.1888732265235,1.7707,0.2702
0.6,15.0,1500,0,22.636952878739375,381.40488843682084,1.7848,0.2465
0.6,15.0,1500,0,30.20951599385951,602.9234972759572,1.7842,0.1559
0.6,15.0,1500,1,28.461142216187056,726.5204661121578,1.7699,5.1634
0.6,15.0,1500,2,30.028283390057695,593.3210204985793,1.7597,0.3961
0.6,15.0,1500,0,21.114688134124343,497.0811593372574,1.7832,0.1891
0.6,15.0,1500,0,30.39804884033804,643.0369024686271,1.7842,0.1462
0.6,15.0,1500,1,29.00923256588121,407.60519487236394,1.7712,0.4151
0.6,15.0,1500,0,19.862914234664398,747.6007916146287,1.7851,5.6507
0.6,15.0,1500,0,21.816434790693393,537.8527248222587,1.7855,0.1748
0.6,15.0,1500,0,22.543658017064274,699.0702882175551,1.7847,5.3354
0.6,15.0,1500,1,24.009215498781526,482.34672722746734,1.7717,0.3508
0.6,15.0,1500,2,31.72526342424449,484.14416238523614,1.7642,0.4854
0.6,15.0,1500,2,18.299182085652497,711.525945345694,1.7644,6.0172
0.6,15.0,1500,0,27.129275095168428,712.1483820147573,1.7855,5.6647
0.6,15.0,1500,2,28.72930877322166,551.4047842231948,1.7614,0.4262
0.6,15.0,1500,0,28.23923496010387,351.89106563921763,1.7843,0.2671
0.6,15.0,1500,1,25.97384162194337,719.1346774514897,1.7725,4.7195
0.6,15.0,1500,2,23.047710819612824,628.1877320518553,1.7646,0.3741
0.6,15.0,1500,1,28.689911596339435,617.3940963933946,1.7716,0.2741
0.6,15.0,1500,0,29.404986591320238,432.60666192445734,1.785,0.2173
0.6,15.0,1500,1,18.621471506695617,689.8272066519339,1.7729,4.2765
0.6,15.0,1500,2,23.96068416986875,514.2783930822459,1.7589,0.457
0.6,15.0,1500,1,27.558500306155047,587.4279996307835,1.7741,0.288
0.6,15.0,1500,0,30.216159071963503,460.6398239998201,1.7833,0.2041
0.6,15.0,1500,1,21.634247870018157,470.7914546735235,1.7732,0.3594
0.6,15.0,1500,0,18.41321425024875,568.5199090292845,1.7847,0.1653
0.6,15.0,1500,2,21.39417202872811,454.85142184607827,1.7586,0.5167
0.6,15.0,1500,0,29.137057566314354,504.247149483818,1.7835,0.1864
0.6,15.0,1500,1,23.04660273218631,519.9944154947842,1.7736,0.3254
0.6,15.0,1500,2,30.92551936475386,420.3076868334699,1.7586,0.5591
0.6,15.0,1500,2,26.76187970091286,595.7129117482526,1.7619,0.3945
0.6,15.0,1500,2,20.184134564729725,415.7119704644691,1.7578,0.5653
0.6,15.0,1500,1,31.429301584582653,373.8503269649556,1.7709,0.4526
0.6,15.0,1500,1,30.364094108978577,741.282599858625,1.7721,4.5705
0.6,15.0,1500,2,19.935592477261853,410.1333183939962,1.7572,0.573
0.6,15.0,1500,1,30.64878497119748,575.9547535354899,1.7727,0.2938
0.6,15.0,1500,1,22.072249674664146,749.5974834233947,1.7694,6.0179
0.6,15.0,1500,2,22.327406665306405,378.4668752991312,1.7646,0.6209
0.6,15.0,1500,1,26.878750372280166,630.0573643523167,1.7719,0.2685
0.6,15.0,1500,0,18.04090551299848,408.4674223909997,1.7837,0.2301
0.6,15.0,1500,2,30.80799902570572,747.7997481569851,1.7596,5.3637
0.6,15.0,1500,1,27.550578100571116,744.5108036881393,1.7728,4.9452
0.6,15.0,1500,1,18.9725366463272,436.90995498506805,1.7712,0.3873
0.6,15.0,1500,2,21.01511523547926,534.4118931911428,1.7626,0.4397
0.6,15.0,1500,0,24.734354261422006,442.2953471455959,1.7839,0.2125
0.6,15.0,1500,0,18.70400556723094,502.43172009308824,1.7858,0.1871
0.6,15.0,1500,0,28.88673044279635,466.665281601135,1.7851,0.2014
0.6,15.0,1500,1,19.224846244780533,479.2688877422804,1.7705,0.353
0.6,15.0,1500,2,28.921514223245296,378.8356368529384,1.762,0.6203
0.6,15.0,1500,1,24.1098274228495,737.092677207208,1.7709,4.8886
0.6,15.0,1500,2,24.878419593246864,424.3002989919184,1.7614,0.5539
0.6,15.0,1500,0,20.585085876135913,369.90977985576365,1.7851,0.2541
0.6,15.0,1500,1,28.43770258332741,460.9702645437806,1.7742,0.3671
0.6,15.0,1500,2,20.515645716825002,407.37477558750686,1.7575,0.5769
0.6,15.0,1500,2,20.553274391766358,707.4649984864691,1.763,5.8409
0.6,15.0,1500,1,31.6990493862351,422.66981493391614,1.7738,0.4003
0.6,15.0,1500,1,26.177074990759152,436.54612782917405,1.7721,0.3876
0.6,15.0,1500,1,20.39555318220221,457.0337736960789,1.7709,0.3702
0.6,15.0,1500,0,20.583539903153245,568.8012259109096,1.7848,0.1653
0.6,15.0,1500,2,18.24419692197025,574.8876655385083,1.7619,0.4088
0.6,15.0,1500,1,18.24648474261692,577.2324134731891,1.7744,0.2931
0.6,15.0,1500,0,22.132827003350254,614.2522348230383,1.783,0.153
0.6,15.0,1500,2,19.285522563074505,632.0283485733456,1.758,0.3718
0.6,15.0,1500,2,27.3068649486858,597.3249901441767,1.759,0.3934
0.6,15.0,1500,0,29.644374561931425,508.28107159517754,1.7831,0.1849
0.6,15.0,1500,1,24.034619628864945,354.52381834271887,1.7728,0.4773
0.6,15.0,1500,1,29.915275850448225,493.84009254009345,1.7721,0.3426
0.6,15.0,1500,1,30.772732045416042,553.434831528659,1.7694,0.3057
0.6,15.0,1500,2,26.561803206335505,651.4519589894086,1.7636,5.4787
0.6,15.0,1500,2,19.76979194846884,719.4986519420186,1.7608,5.8338
0.6,15.0,1500,2,30.822531757109154,732.2491739730735,1.7575,4.955
0.6,15.0,1500,1,30.36604286767317,454.1608639952004,1.7719,0.3726
0.6,15.0,1500,1,31.112125501611175,513.9047831763535,1.7742,0.3292
0.6,15.0,1500,2,19.308165835199127,492.8253761393206,1.7595,0.4768
0.6,15.0,1500,0,25.62523333803748,585.9415006936711,1.7847,0.1604
0.6,15.0,1500,2,27.67813168575323,431.9591079337439,1.7643,0.544
0.6,15.0,1500,1,21.78937791975697,679.2414313720484,1.7739,5.441
0.6,15.0,1500,1,25.30053527909476,447.1870673652761,1.7726,0.3784
0.6,15.0,1500,0,19.483558678944217,482.2641347231794,1.7851,0.1949
0.6,15.0,1500,0,27.66153804253529,470.15050505117455,1.7855,0.1999
0.6,15.0,1500,2,23.159855601159226,395.29587955621435,1.7643,0.5945
0.6,15.0,1500,1,19.518424054636544,637.5534061444375,1.7738,0.2654
0.6,15.0,1500,2,20.55658827226016,416.4916504216669,1.7582,0.5642
0.6,15.0,1500,1,22.76486353328914,555.7417796580855,1.7702,0.3045
0.6,15.0,1500,0,29.004390211065466,678.5518261836974,1.7857,5.8724
0.6,15.0,1500,1,29.043386613149917,411.14117872690167,1.7706,0.4115
0.6,15.0,1500,2,20.654219462225406,573.4269106786794,1.7645,0.4098
0.6,15.0,1500,1,31.6366932973614,698.8444760199664,1.7717,4.2697
0.6,15.0,1500,0,29.94143125117258,724.97639254746,1.7828,5.1634
0.6,15.0,1500,0,18.67376811939434,696.0224897088304,1.7832,5.8234
0.6,15.0,1500,1,21.874883361943898,651.1862361287816,1.7738,5.6346
0.6,15.0,1500,2,18.195158771452597,710.4296447536942,1.7579,6.1984
0.6,15.0,1500,1,18.700851311629723,567.6635922151236,1.7699,0.2981
0.6,15.0,1500,1,30.291421242768322,648.3667432987296,1.7694,0.261
0.6,15.0,1500,1,25.833374671910924,643.328792855021,1.7693,0.263
0.6,15.0,1500,2,23.5858484493129,529.2115362480843,1.7579,0.4441
0.6,15.0,1500,1,29.72571065590505,603.8957605208172,1.7734,0.2802
0.6,15.0,1500,0,28.747195195072422,421.46184417869335,1.7847,0.223
0.6,15.0,1500,0,23.708414867002176,397.5316466237296,1.7847,0.2365
0.6,15.0,1500,2,23.181246780456412,523.993510541912,1.7604,0.4485
0.6,15.0,1500,1,30.497536918916982,621.8053420989838,1.7696,0.2721
0.6,15.0,1500,0,20.65746020495354,569.76797201597,1.7834,0.165
0.6,15.0,1500,1,25.602814239987882,423.69321477835496,1.7701,0.3993
0.6,15.0,1500,2,30.139022445535005,629.1221237095951,1.7575,0.3735
0.6,15.0,1500,1,30.977292319532154,444.02079549043236,1.7721,0.3811
0.6,15.0,1500,0,18.195474784215705,564.625439873085,1.7832,0.1665
0.6,15.0,1500,0,29.57623999859166,697.8629131376047,1.7831,4.7051
0.6,15.0,1500,2,23.553746032403467,381.27743916900624,1.7626,0.6164
0.6,15.0,1500,0,29.006345586838943,461.02913455141385,1.7833,0.2039
0.6,15.0,1500,2,21.500706010938586,709.7464886177463,1.7592,4.5335
0.6,15.0,1500,0,22.080925632842327,728.8180497537634,1.7846,4.2102
0.6,15.0,1500,2,31.223197119474285,614.1585161268561,1.761,0.3826
0.6,15.0,1500,1,20.31346004703393,415.996126764597,1.7704,0.4067
0.6,15.0,1500,1,29.258807713107434,505.642952194047,1.7713,0.3346
0.6,15.0,1500,0,23.697914143021226,620.2150145896499,1.784,0.1516
0.6,15.0,1500,1,18.985144963987103,415.5495463310977,1.7701,0.4072
0.6,15.0,1500,1,27.114667121675026,709.3311514070812,1.7723,6.1445
0.6,15.0,1500,1,19.163893313189487,610.6677970333168,1.774,0.2771
0.6,15.0,1500,2,30.208258553155666,458.1351361995036,1.758,0.513
0.6,15.0,1500,2,29.606669406954367,555.8911837360989,1.7599,0.4227
0.6,15.0,1500,2,29.62578603240982,364.97270157459013,1.7605,0.6439
0.6,15.0,1500,2,19.725302748864635,404.1178114583073,1.7608,0.5815
0.6,15.0,1500,1,22.25693676501509,424.61343226197346,1.77,0.3985
0.6,15.0,1500,0,19.828123178601125,369.09548386802425,1.7846,0.2547
0.6,15.0,1500,2,29.274753199790275,575.2064832163816,1.7601,0.4086
0.6,15.0,1500,1,21.41241482831232,706.7904175563733,1.7723,6.1884
0.6,15.0,1500,0,18.887915708695026,524.4517539581141,1.7835,0.1792
0.6,15.0,1500,2,30.387680992674802,453.2303361252704,1.7616,0.5185
0.6,15.0,1500,1,25.947241422998648,664.5311141463378,1.7708,4.2653
0.6,15.0,1500,0,20.46363822947537,627.2520144316015,1.7855,0.1499
0.6,15.0,1500,2,29.61707020800568,613.1174972026384,1.7646,0.3833
0.6,15.0,1500,0,26.29753560895624,647.1577684283462,1.7849,0.1453
0.6,15.0,1500,0,25.10032440575212,389.82779949683646,1.7849,0.2411
0.6,15.0,1500,0,30.5888791631888,447.9552444411522,1.7835,0.2098
0.6,15.0,1500,2,27.425978766699817,580.4861060177617,1.7638,0.4048
0.6,15.0,1500,2,19.02289983419324,696.4700885375911,1.7582,4.6303
0.6,15.0,1500,0,18.305369910525638,458.60199094268893,1.7852,0.205
0.6,15.0,1500,0,24.936620654436528,504.07640068646646,1.7846,0.1865
0.6,15.0,1500,1,26.238576966580638,728.2659691122483,1.7699,5.8668
0.6,15.0,1500,1,26.110984277513467,367.03188625032294,1.7727,0.461
0.6,15.0,1500,2,20.020043191467167,365.1098496687664,1.7616,0.6436
0.6,15.0,1500,0,31.285113955920103,557.2701818130405,1.7857,0.1687
0.6,15.0,1500,2,27.037073183450854,728.8115495931894,1.7628,5.2049
0.6,15.0,1500,2,20.108460563505453,749.4605711804795,1.7578,4.9036
0.6,15.0,1500,1,19.810301124084006,652.7957748331369,1.769,5.0176
0.6,15.0,1500,1,24.724864122096413,496.64298080090464,1.7724,0.3407
0.6,15.0,1500,2,31.754777032004913,443.04787072396226,1.762,0.5304
0.6,15.0,1500,2,27.273195156221536,420.4509677504517,1.7571,0.5589
0.6,15.0,1500,2,27.060030405805172,474.7817972191381,1.7589,0.495
0.6,15.0,1500,0,20.977262218364938,691.4533360730267,1.783,5.4077
0.6,15.0,1500,2,19.598663251150917,680.3998906770397,1.7621,4.8195
0.6,15.0,1500,0,28.021473133696603,503.72485454021125,1.7843,0.1866
0.6,15.0,1500,2,21.352945298639902,726.9903167938186,1.7592,4.9763
0.6,15.0,1500,2,27.30929006068712,384.16294469852585,1.7643,0.6117
0.6,15.0,1500,1,29.544439181601074,691.1715599719648,1.7698,4.4669
0.6,15.0,1500,2,24.10106473033514,497.3738403095006,1.7619,0.4725
0.6,15.0,1500,1,25.92385579702404,399.1350595289285,1.7727,0.4239
0.6,15.0,1500,1,31.084665948958516,394.2457549485815,1.7713,0.4292
0.6,15.0,1500,2,22.36226372542624,554.5338836177,1.7585,0.4238
0.6,15.0,1500,1,23.96831951357582,612.9069077894192,1.7698,0.2761
0.6,15.0,1500,1,18.90402311837813,459.792705052541,1.7712,0.368
0.6,15.0,1500,0,23.768669610074213,737.9355626232295,1.7858,5.0569
0.6,15.0,1500,2,31.106625581352084,391.6282492345641,1.7634,0.6001
0.6,15.0,1500,1,19.811941092407142,451.1666404626514,1.7732,0.375
0.6,15.0,1500,2,30.09645164036642,562.5667534719987,1.7612,0.4177
0.6,15.0,1500,2,18.296037789851233,361.9508985153452,1.7638,0.6493
0.6,15.0,1500,0,18.5289226603643,415.59748073847015,1.783,0.2262
0.6,15.0,1500,2,19.15142121448537,496.597910880974,1.757,0.4732
0.6,15.0,1500,1,31.816228072355464,554.6117656596334,1.7708,0.3051
0.6,15.0,1500,1,26.527639472822365,719.4317954243575,1.7709,5.5798
0.6,15.0,1500,1,31.29065085876,553.3420587082858,1.7706,0.3058
0.6,15.0,1500,0,28.960604327746136,571.0636312718939,1.7844,0.1646
0.6,15.0,1500,0,23.54877877399368,363.1316749195749,1.7835,0.2589
0.6,15.0,1500,1,24.386996807832716,576.5207071939483,1.7739,0.2935
0.6,15.0,1500,2,24.81728615263971,592.2578605635923,1.7624,0.3968
0.6,15.0,1500,0,30.78083384678606,464.3545389729694,1.7836,0.2024
0.6,15.0,1500,0,30.43570393237211,706.9573276309007,1.7849,4.1892
0.6,15.0,1500,0,31.64911906335573,407.06571056329153,1.7836,0.2309
0.6,15.0,1500,1,19.26251519531447,587.4777468850274,1.7736,0.288
0.6,15.0,1500,2,31.48506552669391,494.5702551782113,1.7601,0.4752
0.6,15.0,1500,1,28.662137055537837,485.887602415964,1.7694,0.3482
0.6,15.0,1500,2,21.986021786318215,682.1785246474669,1.7602,4.5251
0.6,15.0,1500,1,25.936174717076902,553.8354929847244,1.7746,0.3055
0.6,15.0,1500,0,19.549009274539017,723.8783662826173,1.7844,4.9981
0.6,15.0,1500,1,18.82335127631457,467.83980855334664,1.7712,0.3617
0.6,15.0,1500,0,21.596250417677446,596.39763286209,1.7833,0.1576
0.6,15.0,1500,2,20.614124447734213,430.58823838688045,1.7613,0.5458
0.6,15.0,1500,1,22.561103883807885,504.2879776115783,1.7725,0.3355
0.6,15.0,1500,2,30.792208889694955,508.9265201916626,1.7582,0.4618
0.6,15.0,1500,2,24.08946997297758,503.5315448139493,1.758,0.4667
0.6,15.0,1500,1,29.131266176803877,390.5096197010001,1.771,0.4333
0.6,15.0,1500,2,19.316758668007758,563.8629201380184,1.7606,0.4168
0.6,15.0,1500,0,20.66433383380237,552.2444748640206,1.7834,0.1702
0.6,15.0,1500,1,27.019999899900313,495.4511659013383,1.7728,0.3415
0.6,15.0,1500,1,27.67985136727984,431.92095322419755,1.7705,0.3917
0.6,15.0,1500,1,25.286012443729874,597.9896671110598,1.7746,0.283
0.6,15.0,1500,0,26.90062272604338,371.8589608358387,1.7837,0.2528
0.6,15.0,1500,0,31.437890199871692,494.2823790996455,1.7845,0.1902
0.6,15.0,1500,2,24.533505187274017,410.58851460842993,1.7645,0.5724
0.6,15.0,1500,0,19.238314104408683,614.1871217063688,1.7854,0.153
0.6,15.0,1500,2,21.942449713012937,646.7007159519197,1.7593,0.3634
0.6,15.0,1500,1,19.752581208438567,379.5058866671755,1.7735,0.4458
0.6,15.0,1500,0,24.938043927987167,442.3999443475353,1.7848,0.2125
0.6,15.0,1500,1,19.235771455518027,595.2311676678158,1.7717,0.2843
0.6,15.0,1500,1,26.761123029947534,454.8634876050203,1.7702,0.372
0.6,15.0,1500,2,19.47164083398094,549.654907430775,1.7617,0.4275
0.6,15.0,1500,2,24.742110631257297,380.92335596420077,1.7618,0.6169
0.6,15.0,1500,0,26.95861477389547,487.8793484115119,1.7834,0.1927
0.6,15.0,1500,2,20.838886102306155,468.2957866497515,1.7583,0.5018
0.6,15.0,1500,1,30.96109376397784,570.6500204935833,1.7734,0.2965
0.6,15.0,1500,2,27.76429929498564,455.99180509014315,1.7593,0.5154
0.6,15.0,1500,0,21.98832360979415,403.35041180292546,1.7851,0.233
0.6,15.0,1500,2,26.063624072969027,736.2854669565957,1.7643,5.1654
0.6,15.0,1500,0,19.546860653632923,634.5943022044244,1.7844,0.1481
0.6,15.0,1500,2,30.017320848356682,502.14377770055586,1.7635,0.468
0.6,15.0,1500,0,28.25263201281369,442.23341668021965,1.7829,0.2126
0.6,15.0,1500,0,25.011082713431485,728.1060767066206,1.7838,5.5997
0.6,15.0,1500,1,23.48810835234794,734.2684173739644,1.7716,4.5673
0.6,15.0,1500,1,31.99509570399583,556.8102671291585,1.7735,0.3039
0.6,15.0,1500,1,30.46057455096617,631.5373257905837,1.773,0.2679
0.6,15.0,1500,2,28.145517734306782,466.6024684687275,1.7593,0.5036
0.6,15.0,1500,0,28.032594957989538,423.20486710441213,1.7849,0.2221
0.6,15.0,1500,1,31.961920351749008,666.5832712247343,1.7743,4.8119
0.6,15.0,1500,2,26.527911107819683,646.0022824871338,1.7647,0.3638
0.6,15.0,1500,2,25.150230514651458,712.6587714627742,1.7631,5.2114
0.6,15.0,1500,1,28.410961748245406,463.01195833205594,1.7725,0.3654
0.6,15.0,1500,2,21.183867596863813,489.71649287241786,1.7631,0.4799
0.6,15.0,1500,0,31.871227081367266,463.731076940225,1.7849,0.2027
0.6,15.0,1500,2,21.349485284938616,588.8656116200739,1.7636,0.3991
0.6,15.0,1500,0,22.93513616759863,366.587999256173,1.7844,0.2564
0.6,15.0,1500,1,24.563896722110066,628.202703212388,1.7694,0.2693
0.6,15.0,1500,2,22.725390102040393,658.8632231868644,1.7571,5.6335
0.6,15.0,1500,2,26.91304717683879,735.9029358208477,1.7592,4.7858
0.6,15.0,1500,2,29.04606694002248,407.9947923010584,1.7637,0.576
0.6,15.0,1500,0,25.481101797313016,465.2724819593986,1.784,0.202
0.6,15.0,1500,0,21.157507552166848,633.0251719053376,1.7835,0.1485
0.6,15.0,1500,0,29.376893349622463,416.6212604372687,1.784,0.2256
0.6,15.0,1500,1,28.439008058345777,398.5638140257377,1.7742,0.4245
0.6,15.0,1500,0,29.033373645564936,718.4864543882743,1.7835,5.0274
0.6,15.0,1500,0,20.91902875217295,395.5706245576531,1.784,0.2376
0.6,15.0,1500,2,20.52469599649806,503.7472685337724,1.7618,0.4665
0.6,15.0,1500,2,29.292742888001747,391.112014915125,1.7599,0.6009
0.6,15.0,1500,2,31.522457195094585,433.6786560229367,1.7614,0.5419
0.6,15.0,1500,2,22.610248871396905,368.8990508785341,1.7602,0.637
0.6,15.0,1500,2,18.55838114419525,458.7215976025811,1.7575,0.5123
0.6,15.0,1500,1,31.830004672303154,538.4026445204149,1.7722,0.3143
0.6,15.0,1500,2,31.394645000848868,502.1817516391187,1.7635,0.468
0.6,15.0,1500,0,27.003905717326607,645.0002876580136,1.7856,0.1457
0.6,15.0,1500,0,29.67506607774046,650.4975596063871,1.7846,5.1881
0.6,15.0,1500,1,21.41290033842444,602.9852029841936,1.7696,0.2806
0.6,15.0,1500,2,19.432664478274106,606.3570057144843,1.7576,0.3876
0.6,15.0,1500,0,22.582323297148093,366.6810551781959,1.7828,0.2564
0.6,15.0,1500,0,18.467026092464728,420.86937378185564,1.7857,0.2233
0.6,15.0,1500,2,28.905798592677087,368.50624724445765,1.7643,0.6377
0.6,15.0,1500,0,30.747353694701225,414.6639519913973,1.7851,0.2267
0.6,15.0,1500,1,26.394619642293907,643.188577251461,1.77,0.2631
0.6,15.0,1500,0,19.182709323158818,714.5238379373247,1.7854,5.7582
0.6,15.0,1500,2,21.940660173183485,497.97588277740374,1.7617,0.4719
0.6,15.0,1500,2,24.57209020126971,673.1004167130814,1.7636,5.1931
0.6,15.0,1500,1,18.981059521169524,394.9122690779836,1.7716,0.4285
0.6,15.0,1500,1,31.489361364473258,586.3062360969304,1.7706,0.2886
0.6,15.0,1500,2,20.36302128231204,559.3739180198993,1.7614,0.4201
0.6,15.0,1500,2,25.35238238867445,598.080422802766,1.7625,0.3929
0.6,15.0,1500,2,31.035556581046105,396.9685974898877,1.7607,0.592
0.6,15.0,1500,1,24.54159204950556,742.7640071596949,1.769,4.6359
0.6,15.0,1500,0,31.442855762152867,691.0533704631915,1.7857,4.6451
0.6,15.0,1500,0,22.3557434526278,449.6304404968084,1.784,0.2091
0.6,15.0,1500,1,20.366184527912658,462.18644269990057,1.7698,0.3661
0.6,15.0,1500,2,19.434222511626977,609.7085304090097,1.7582,0.3854
0.6,15.0,1500,1,25.630411975006446,409.48660310440556,1.7715,0.4132
0.6,15.0,1500,2,19.416813153165847,365.03562599421946,1.7585,0.6438
0.6,15.0,1500,2,31.389944176972712,438.2652056574133,1.7606,0.5362
0.6,15.0,1500,0,24.593949721147847,730.4719539912321,1.7857,5.4773
0.6,15.0,1500,0,31.17406475070461,413.99967429973736,1.7848,0.2271
0.6,15.0,1500,1,26.13696440150842,557.7698499242194,1.7693,0.3034
0.6,15.0,1500,2,23.508524988937992,432.72433734424897,1.761,0.5431
0.6,15.0,1500,1,26.890952032066817,403.6170080463577,1.7721,0.4192
0.6,15.0,1500,2,18.033762134974356,467.66965881815236,1.7607,0.5025
0.6,15.0,1500,2,28.510697797441047,596.6718827725604,1.7604,0.3939
0.6,15.0,1500,0,21.164303383823977,676.9643851260909,1.783,5.5383
0.6,15.0,1500,0,30.38627559225585,417.445094912655,1.7852,0.2252
0.6,15.0,1500,0,24.406765409054607,654.0180600901363,1.7844,5.0381
0.6,15.0,1500,0,22.138985524101393,679.2453936355281,1.7853,4.2525
0.6,15.0,1500,2,26.40809736908661,379.4050231974309,1.761,0.6194
0.6,15.0,1500,1,23.715898882882026,678.0983354106597,1.772,5.921
0.6,15.0,1500,1,18.323777444016976,623.6961665773217,1.7722,0.2713
0.6,15.0,1500,1,31.343435356973718,527.3089408750566,1.7693,0.3209
0.6,15.0,1500,2,27.06867075118453,579.5052934979756,1.7572,0.4055
0.6,15.0,1500,0,26.115358357195287,657.6654621418309,1.7829,4.4225
0.6,15.0,1500,1,27.817824295670142,420.44509651141317,1.7696,0.4024
0.6,15.0,1500,1,30.77442200871463,461.3421638320976,1.7718,0.3668
0.6,15.0,1500,0,21.050428586618814,442.283492303914,1.7833,0.2125
0.6,15.0,1500,2,24.15249093961647,730.5355206683328,1.7593,5.3697
0.6,15.0,1500,1,31.660984274570957,696.6379393369899,1.7709,4.2505
0.6,15.0,1500,1,21.238404796252745,491.00038219298995,1.7702,0.3446
0.6,15.0,1500,1,24.558377705348942,730.2527050838808,1.7697,4.3105
0.6,15.0,1500,2,30.263728082506248,499.3819299934147,1.7605,0.4706
0.6,15.0,1500,2,22.402396750525412,687.0864438005184,1.758,4.401
0.6,15.0,1500,1,27.5726450767546,625.4103954159434,1.7728,0.2705
0.6,15.0,1500,1,27.762455796729345,424.32856444574463,1.7704,0.3988
0.6,15.0,1500,0,31.730693817295702,464.2596533909953,1.7838,0.2025
0.6,15.0,1500,0,28.46704857175725,576.190249999476,1.785,0.1631
0.6,15.0,1500,2,27.582171883893594,616.4228106465054,1.7628,0.3812
0.6,15.0,1500,2,31.227693023520832,676.8765123815623,1.7586,4.3983
0.6,15.0,1500,1,23.679323518571106,446.8808265882455,1.7745,0.3786
0.6,15.0,1500,1,30.354568255711953,696.7438075409493,1.7698,5.0989
0.6,15.0,1500,0,18.113448674388632,488.2428471330869,1.7859,0.1925
0.6,15.0,1500,2,31.981227677906098,694.416113872941,1.7589,4.6714
0.6,15.0,1500,2,28.781933284197095,539.8409053392872,1.7641,0.4353
0.6,15.0,1500,0,28.812574976435933,659.5694207538093,1.7856,5.3987
0.6,15.0,1500,0,23.096155133730022,728.2349419864322,1.7838,5.3688
0.6,15.0,1500,1,24.683308292453834,586.0944779959359,1.7733,0.2887
0.6,15.0,1500,2,23.80412292847054,683.4864982285134,1.7644,5.6597
0.6,15.0,1500,1,23.174683638481262,660.4481312682497,1.77,5.1443
0.6,15.0,1500,2,24.108699777840112,666.0626727468955,1.7578,5.0784
0.6,15.0,1500,1,30.049941459679793,353.17164660558007,1.7723,0.4791
0.6,15.0,1500,0,18.884265230927337,694.4688220658502,1.783,5.3155
0.6,15.0,1500,1,22.90389558886517,382.9424294877742,1.7717,0.4418
0.6,15.0,1500,1,26.32947838073855,449.54265861323216,1.7697,0.3764
0.6,15.0,1500,1,19.195966720502742,649.4866108391973,1.7701,0.2605
0.6,15.0,1500,2,20.3039476923346,601.0175746666496,1.7621,0.391
0.6,15.0,1500,2,29.964014570791946,582.454510841553,1.7604,0.4035
0.6,15.0,1500,2,24.860668526166904,439.3576253070953,1.7632,0.5349
0.6,15.0,1500,1,27.3788464062107,399.02372369227675,1.7706,0.424
0.6,15.0,1500,2,25.738380030331285,575.8944927891802,1.7602,0.4081
0.6,15.0,1500,1,25.55183505355799,512.1320624209793,1.7732,0.3304
0.6,15.0,1500,1,24.36819545423232,732.2997880183527,1.7721,4.4432
0.6,15.0,1500,1,26.641562478021548,630.9118863613049,1.7733,0.2682
0.6,15.0,1500,0,31.28579118181868,476.09904894684473,1.7852,0.1974
0.6,15.0,1500,0,31.291086917879436,439.8810952820389,1.7847,0.2137
0.6,15.0,1500,2,31.148344856706743,489.9655965996553,1.7613,0.4796
0.6,15.0,1500,2,24.14126962684616,431.6333179830533,1.763,0.5444
0.6,15.0,1500,1,31.300100622101752,491.80940641939674,1.7732,0.344
0.6,15.0,1500,0,25.717980830905418,595.0155817134928,1.7848,0.158
0.6,15.0,1500,2,21.804822739271874,410.6152950717756,1.7613,0.5723
0.6,15.0,1500,2,29.88556193940308,702.1903984601665,1.7625,5.3665
0.6,15.0,1500,0,20.155974625582303,388.31404862132933,1.7859,0.2421
0.6,15.0,1500,2,26.50314823141217,503.5642809337212,1.7638,0.4667
0.6,15.0,1500,0,30.816768585218753,605.0769525078044,1.7851,0.1554
0.6,15.0,1500,1,22.77541709834094,648.3933214970937,1.7739,0.261
0.6,15.0,1500,2,20.04313163465238,388.954960523668,1.7574,0.6042
0.6,15.0,1500,0,24.271050938126663,461.40650522421214,1.783,0.2037
0.6,15.0,1500,0,24.7263485835105,643.9776444401828,1.7855,0.146
0.6,15.0,1500,2,20.240804740595443,718.7113096567427,1.7586,5.137
0.6,15.0,1500,0,18.40631759148499,396.47277521722697,1.7848,0.2371
0.6,15.0,1500,2,26.22368021728782,382.3181559700149,1.7609,0.6147
0.6,15.0,1500,0,28.200567899237946,498.17184815560313,1.7837,0.1887
0.6,15.0,1500,1,18.45882847924314,464.7372819645143,1.7738,0.3641
0.6,15.0,1500,0,18.23862027915854,626.0187092137305,1.7836,0.1502
0.6,15.0,1500,1,30.743276749233065,477.2234993935041,1.7715,0.3546
0.6,15.0,1500,1,30.24206152462569,512.2446559245686,1.7721,0.3303
0.6,15.0,1500,2,20.03572608121155,564.1800937400883,1.7599,0.4165
0.6,15.0,1500,1,19.830443437281787,534.7295032634775,1.7744,0.3164
0.6,15.0,1500,2,28.52346898773866,400.41076272622496,1.7609,0.5869
0.6,15.0,1500,0,27.476703410057485,511.6106380192081,1.7844,0.1837
0.6,15.0,1500,1,26.704931275468958,513.7140000481563,1.7707,0.3294
0.6,15.0,1500,0,21.315291596222,540.6649550613356,1.7842,0.1739
0.6,15.0,1500,2,31.612732294404864,408.03254909428546,1.7646,0.5759
0.6,15.0,1500,1,24.837680985289435,662.2876736682042,1.7725,5.9337
0.6,15.0,1500,0,25.165415869620887,741.3796849046336,1.7858,4.8023
0.6,15.0,1500,2,29.2023944774322,430.7316600768961,1.7632,0.5456
0.6,15.0,1500,0,18.3404397339947,449.51306703302873,1.7847,0.2091
0.6,15.0,1500,0,19.025153009881684,609.2539949805488,1.783,0.1543
0.6,15.0,1500,2,23.55753167057444,441.02742744620474,1.7636,0.5329
0.6,15.0,1500,2,31.29142641820254,624.0910172046734,1.7611,0.3766
0.6,15.0,1500,1,31.178938058257245,719.2054597771732,1.7728,4.6651
0.6,15.0,1500,1,19.746268168877876,460.2886646516828,1.7706,0.3676
0.6,15.0,1500,0,22.37273262705613,530.4854128126484,1.7843,0.1772
0.6,15.0,1500,2,21.685024095115722,416.98067669961586,1.7606,0.5636
0.6,15.0,1500,0,26.255504815768788,407.6656983471,1.7834,0.2306
0.6,15.0,1500,2,31.09454704571981,397.65928819537373,1.7587,0.591
0.6,15.0,1500,2,28.334931979331614,499.29640234251303,1.7596,0.4707
0.6,15.0,1500,2,28.535398770521553,670.4679663704533,1.7585,5.2179
0.6,15.0,1500,1,30.15915168080422,527.181725561858,1.7728,0.321
0.6,15.0,1500,2,30.803278722083988,621.0086890192301,1.7575,0.3784
0.6,15.0,1500,1,30.391497037397116,446.4120168732412,1.7743,0.379
0.6,15.0,1500,2,20.62423778267923,451.88774355339496,1.7602,0.52
0.6,15.0,1500,1,24.788689580228027,623.2076560415377,1.774,0.2715
0.6,15.0,1500,2,30.73130247992715,602.4450968605129,1.7578,0.3901
0.6,15.0,1500,2,19.603043475803315,627.7492459718464,1.7627,0.3744
0.6,15.0,1500,2,28.224439291316603,544.7374184294932,1.7569,0.4314
0.6,15.0,1500,2,19.03855247058909,536.1461867037959,1.7635,0.4383
0.6,15.0,1500,1,28.241553925914566,702.3342936882415,1.7707,4.5987
0.6,15.0,1500,1,25.91103254823787,436.75410311278654,1.7713,0.3874
0.6,15.0,1500,1,23.054249601975073,361.3988021658209,1.7695,0.4682
0.6,15.0,1500,0,20.675729192188456,443.5627018165294,1.7846,0.2119
0.6,15.0,1500,2,21.07468000024022,516.5136343385185,1.7579,0.455
0.6,15.0,1500,1,19.8897882702623,446.07450235054966,1.77,0.3793
0.6,15.0,1500,2,21.465416827228456,533.7915059438315,1.7572,0.4403
0.6,15.0,1500,1,18.74019608480351,497.90013705203455,1.7718,0.3398
0.6,15.0,1500,2,30.944220720559755,459.92842395372327,1.7599,0.511
0.6,15.0,1500,0,22.480212884765187,427.0032567547501,1.7831,0.2201
0.6,15.0,1500,0,21.894566184422715,395.12325724775604,1.7831,0.2379
0.6,15.0,1500,0,23.82944120771318,518.8812605249618,1.783,0.1812
0.6,15.0,1500,0,22.04464302207521,402.6742931670436,1.7846,0.2334
0.6,15.0,1500,1,29.92072711406421,673.0905472051361,1.7713,4.6636
0.6,15.0,1500,1,19.01877648357522,662.6308593433272,1.7714,5.3772
0.6,15.0,1500,2,22.863449859864172,713.6904708905513,1.7574,6.1993
0.6,15.0,1500,2,25.687034885950276,665.3460424339333,1.7633,6.1812
0.6,15.0,1500,0,22.728451903413465,550.9640729658464,1.7838,0.1706
0.6,15.0,1500,1,19.562449576724784,601.5349557576694,1.7745,0.2813
0.6,15.0,1500,1,22.101560363938997,392.7571724434546,1.773,0.4308
0.6,15.0,1500,2,19.86963790959827,407.20869899956966,1.7635,0.5771
0.6,15.0,1500,0,21.071190109488736,610.0100794452945,1.7854,0.1541
0.6,15.0,1500,1,22.422515885764536,625.6444844515213,1.7736,0.2704
0.6,15.0,1500,0,24.281048523635967,652.9908097331431,1.7838,4.6016
0.6,15.0,1500,1,31.953232951849117,531.4260784874916,1.7735,0.3184
0.6,15.0,1500,1,20.27501149862322,494.7033352862494,1.7743,0.342
0.6,15.0,1500,1,28.633204460740693,592.8538813744545,1.7691,0.2854
0.6,15.0,1500,0,27.87832455097756,629.1435903537863,1.7851,0.1494
0.6,15.0,1500,2,20.34618878650018,563.4120523628792,1.7626,0.4171
0.6,15.0,1500,1,29.194798150454268,368.1135928808628,1.7714,0.4596
0.6,15.0,1500,2,25.104567231065232,405.2324687979475,1.7597,0.5799
0.6,15.0,1500,1,30.987923039288553,564.2166081404779,1.774,0.2999
0.6,15.0,1500,0,22.801341701545766,614.1791977199166,1.7839,0.1531
0.6,15.0,1500,1,28.801243180306066,634.6129007604458,1.7704,0.2666
0.6,15.0,1500,0,23.01983441688825,546.3182957969602,1.7848,0.1721
0.6,15.0,1500,1,19.77562177741459,384.7473829227855,1.774,0.4398
0.6,15.0,1500,1,25.763625225244244,499.26823469425926,1.7714,0.3389
0.6,15.0,1500,0,22.85960642336932,356.9851261798622,1.7842,0.2633
0.6,15.0,1500,2,26.15110296667772,480.716566939426,1.7638,0.4889
0.6,15.0,1500,1,29.157611822105675,501.48035275402776,1.7701,0.3374
0.6,15.0,1500,1,30.179235395980378,706.481225548447,1.7719,4.6481
0.6,15.0,1500,0,23.36363373226866,728.4284170826579,1.7853,4.4274
0.6,15.0,1500,2,25.71653651782869,522.7699637293872,1.7636,0.4495
0.6,15.0,1500,2,24.929164031349114,618.6054110226303,1.7597,0.3799
0.6,15.0,1500,1,22.917986592374433,680.1899811173598,1.7726,5.9231
0.6,15.0,1500,2,27.950090237652233,693.3836130263069,1.7579,5.1205
0.6,15.0,1500,1,21.955383134992548,567.5159229840748,1.7729,0.2981
0.6,15.0,1500,0,26.925115732598258,610.1434373840796,1.7838,0.1541
0.6,15.0,1500,1,21.762682202159727,432.4981337211126,1.7728,0.3912
0.6,15.0,1500,0,29.280506684242955,664.9077463921976,1.7845,4.7501
0.6,15.0,1500,0,18.142703441808024,550.4366938552197,1.7839,0.1708
0.6,15.0,1500,0,31.180639634578633,449.24676220255714,1.7832,0.2092
0.6,15.0,1500,1,26.34118733387401,518.2279842913653,1.7718,0.3265
0.6,15.0,1500,2,31.640068066750572,692.1786260947648,1.7641,4.5656
0.6,15.0,1500,1,27.191604591570467,745.757173340233,1.7732,5.1009
0.6,15.0,1500,1,18.650591344840112,669.0603697694792,1.7709,6.0721
0.6,15.0,1500,0,24.669325772868433,691.1951841206265,1.7829,4.2369
0.6,15.0,1500,0,24.882168726282746,388.59657778383075,1.785,0.2419
0.6,15.0,1500,2,19.85257213047899,406.8907323899425,1.7597,0.5776
0.6,15.0,1500,1,21.498534413111358,728.7854256840872,1.7735,4.6743
0.6,15.0,1500,1,23.128056774892315,538.1258022012471,1.7712,0.3144
0.6,15.0,1500,1,26.554314473646734,421.28766121933455,1.7708,0.4016
0.6,15.0,1500,2,27.321172689862387,428.30762882172564,1.7585,0.5487
0.6,15.0,1500,2,22.881559536190032,416.3835497219268,1.7647,0.5644
0.6,15.0,1500,2,31.79548193023639,550.5038497063395,1.7576,0.4269
0.6,15.0,1500,0,28.634243380507947,393.5917461322091,1.7847,0.2388
0.6,15.0,1500,1,24.351214161808848,456.26170836635504,1.7721,0.3708
0.6,15.0,1500,1,25.580888205621402,455.30790430206207,1.7702,0.3716
0.6,15.0,1500,2,21.37918330038153,448.30100972653156,1.7618,0.5242
0.6,15.0,1500,2,18.023346561088072,626.1815387892522,1.7613,0.3753
0.6,15.0,1500,0,27.64789035502773,724.1392129311768,1.7852,4.7621
0.6,15.0,1500,1,18.136866078193844,529.0667075318535,1.7744,0.3198
0.6,15.0,1500,2,31.495635692451796,636.2316074447317,1.7575,0.3694
0.6,15.0,1500,2,25.62747597833137,506.62156200587947,1.7632,0.4639
0.6,15.0,1500,1,21.374510118280163,493.2530306346298,1.7708,0.343
0.6,15.0,1500,0,25.740269103685353,551.7834056352306,1.7848,0.1704
0.6,15.0,1500,2,26.982525842688716,556.5134858721966,1.7595,0.4223
0.6,15.0,1500,2,29.849892817759013,497.36642334338234,1.7628,0.4725
0.6,15.0,1500,0,29.770709148654944,414.08321940265324,1.7834,0.227
0.6,15.0,1500,1,28.281740674562194,680.5474998245494,1.7716,4.4705
0.6,15.0,1500,2,27.273196182743344,684.6742732553503,1.7595,5.4358
0.6,15.0,1500,0,23.010604234530238,443.8611052423863,1.7839,0.2118
0.6,15.0,1500,0,19.774191706182908,412.3119986381437,1.784,0.228
0.6,15.0,1500,2,23.210560119318753,637.3169372180253,1.7577,0.3687
0.6,15.0,1500,1,29.450573791217934,597.391839278124,1.7726,0.2832
0.6,15.0,1500,0,30.835841251948914,646.9903262969823,1.7847,0.1453
0.6,15.0,1500,2,23.960505739222167,482.26726866152615,1.7642,0.4873
0.6,15.0,1500,1,30.109514045684726,512.1860425869784,1.7737,0.3304
0.6,15.0,1500,1,28.50635160948537,615.0284036412809,1.7691,0.2751
0.6,15.0,1500,2,30.619393217407307,355.5265435293589,1.7631,0.661
0.6,15.0,1500,0,25.449572383469956,536.6460418095405,1.7853,0.1752
0.6,15.0,1500,0,21.769131343083473,449.544691841542,1.7844,0.2091
0.6,15.0,1500,1,28.41477969143631,394.09317507826984,1.7728,0.4293
0.6,15.0,1500,0,26.342708989483786,534.3618934921668,1.7852,0.1759
0.6,15.0,1500,0,28.30067007813611,539.9420817273714,1.7856,0.1741
0.6,15.0,1500,0,28.436727913054668,397.5305401588679,1.7853,0.2365
0.6,15.0,1500,1,21.73335596950014,531.6104034320012,1.7743,0.3183
0.6,15.0,1500,0,27.46604025622782,435.3606945902946,1.783,0.2159
0.6,15.0,1500,1,20.265915994154007,700.2316443338832,1.7711,5.2824
0.6,15.0,1500,2,19.33125798801126,675.4785496693477,1.7579,6.2623
0.6,15.0,1500,2,18.796105229807747,387.99920719748127,1.7615,0.6057
0.6,15.0,1500,1,21.789865588448105,661.6426302668774,1.7715,5.8481
0.6,15.0,1500,2,24.903314181145717,458.8252959510303,1.7573,0.5122
0.6,15.0,1500,1,30.770177584179855,417.96039483273285,1.7703,0.4048
0.6,15.0,1500,1,27.28844203610919,591.742549416159,1.7691,0.2859
0.6,15.0,1500,2,23.71639240762436,739.730303696789,1.7602,5.4348
0.6,15.0,1500,2,26.357932237846384,557.3408701627338,1.7626,0.4216
0.6,15.0,1500,2,22.85923932026666,611.1760840656096,1.7638,0.3845
0.6,15.0,1500,0,18.451915985479253,527.9655357511871,1.7828,0.178
0.6,15.0,1500,1,24.970683765925713,380.30453313358856,1.7739,0.4449
0.6,15.0,1500,0,19.198765066220847,409.9272597792222,1.7846,0.2293
0.6,15.0,1500,1,27.036430773721015,652.5585836441574,1.7708,4.7477
0.6,15.0,1500,2,21.4585429357506,363.2805183245372,1.7612,0.6469
0.6,15.0,1500,1,30.003954940375692,688.6350827481169,1.7716,5.1958
0.6,15.0,1500,2,31.10684822087186,654.8520832411814,1.7612,6.0521
0.6,15.0,1500,2,30.427366799202474,729.3664739811088,1.7621,5.4455
0.6,15.0,1500,1,31.876848469315373,685.5127867595747,1.771,4.8582
0.6,15.0,1500,2,22.739695517879557,414.0884651172095,1.7575,0.5675
0.6,15.0,1500,0,24.596537369305842,561.134374942537,1.7833,0.1675
0.6,15.0,1500,1,20.024164890462476,407.1259532212349,1.7726,0.4156
0.6,15.0,1500,2,23.76264843528928,678.1155353425171,1.7604,4.5966
0.6,15.0,1500,0,25.73584255097421,502.1661547007437,1.7849,0.1872
0.6,15.0,1500,0,22.374525534234422,707.6867644491122,1.7831,5.7832
0.6,15.0,1500,2,31.639413460346972,731.7403345475509,1.762,5.6552
0.6,15.0,1500,2,19.213890712183055,468.5311961997016,1.7625,0.5016
0.6,15.0,1500,0,23.420004412609128,508.1844059154006,1.7828,0.185
0.6,15.0,1500,0,23.635792312328572,654.3930897642315,1.7858,4.9714
0.6,15.0,1500,2,23.51326919247819,491.4235578083408,1.7641,0.4782
0.6,15.0,1500,1,25.79462402764667,550.5387925547423,1.7741,0.3073
0.6,15.0,1500,0,20.49930761373991,447.2676832678792,1.7841,0.2102
0.6,15.0,1500,2,27.549730749071898,642.1127973402253,1.7621,0.366
0.6,15.0,1500,0,26.6776587165907,452.11548095767176,1.7852,0.2079
0.6,15.0,1500,0,21.58519277071117,521.8524189081385,1.7847,0.1801
0.6,15.0,1500,0,28.102682513744142,736.4308383854554,1.7855,4.8098
0.6,15.0,1500,2,30.099029899801625,463.3050171082457,1.7571,0.5072
0.6,15.0,1500,1,23.735400264000205,513.8839931837193,1.7722,0.3293
0.6,15.0,1500,2,24.604527221278364,443.1854117320662,1.7611,0.5303
0.6,15.0,1500,2,26.301445445838795,623.0768429564891,1.7594,0.3772
0.6,15.0,1500,1,28.55402321826874,630.7475054701722,1.7725,0.2683
0.6,15.0,1500,1,26.067587772596163,352.08455139088517,1.774,0.4806
0.6,15.0,1500,1,28.705590447167783,504.1423793356438,1.7713,0.3356
0.6,15.0,1500,1,27.789474915352265,467.0115265481893,1.7734,0.3623
0.6,15.0,1500,2,27.867094021346517,541.3260507864272,1.7637,0.4341
0.6,15.0,1500,0,23.93652834684532,469.52370181989323,1.7846,0.2002
0.6,15.0,1500,2,18.15749530081834,539.7609297758819,1.764,0.4354
0.6,15.0,1500,2,22.275264559700823,471.2805647381373,1.7634,0.4986
0.6,15.0,1500,1,24.452016621594275,683.0544067100216,1.7693,5.63
0.6,15.0,1500,0,25.996685522249724,708.1559622071695,1.7854,5.7127
0.6,15.0,1500,1,31.011509223803383,566.0314848900434,1.7727,0.2989
0.6,15.0,1500,0,30.19968393546963,569.9736221014151,1.7829,0.1649
0.6,15.0,1500,0,31.10914834331309,612.6572432645278,1.7842,0.1534
0.6,15.0,1500,1,25.732959668903664,609.831828242568,1.7736,0.2775
0.6,15.0,1500,2,27.242341857132196,433.82201108523304,1.7629,0.5417
0.6,15.0,1500,2,27.527520951277502,485.2786016139586,1.7615,0.4843
0.6,15.0,1500,0,28.036771070988454,472.361059165052,1.7839,0.199
0.6,15.0,1500,1,18.24230502148557,481.07904137063775,1.7714,0.3517
0.6,15.0,1500,1,21.883456083485022,744.7818440708329,1.7724,4.5046
0.6,15.0,1500,1,25.9708819838606,639.1265966175417,1.7708,0.2647
0.6,15.0,1500,1,20.561894472562862,674.5763258626932,1.7734,5.1195
0.6,15.0,1500,0,20.013185947964956,511.03439917290905,1.7855,0.1839
0.6,15.0,1500,1,24.67790300809868,737.3010018374614,1.7717,4.3147
0.6,15.0,1500,0,18.866550678440223,674.1889753882726,1.7838,5.6622
0.6,15.0,1500,1,27.930353962292834,645.0509997134961,1.7702,0.2623
0.6,15.0,1500,1,19.991400068599507,615.5010205229842,1.7721,0.2749
0.6,15.0,1500,0,29.425294698250312,669.7586796059452,1.7845,5.0034
0.6,15.0,1500,0,18.316513051710736,596.0328626640232,1.7835,0.1577
0.6,15.0,1500,2,24.2992334790815,685.9725436322054,1.7638,4.8649
0.6,15.0,1500,0,30.45696640792805,666.0139137303738,1.7853,5.8204
0.6,15.0,1500,0,25.795747115736038,393.47597068593336,1.7832,0.2389
0.6,15.0,1500,0,26.25376113130655,454.0473511242474,1.7834,0.207
0.6,15.0,1500,2,27.097784414588663,520.3400079146923,1.7581,0.4516
0.6,15.0,1500,2,19.30693301395498,657.4463103235589,1.7646,5.6843
0.6,15.0,1500,2,23.30628928017546,533.5001854951702,1.7638,0.4405
0.6,15.0,1500,2,25.25723741734757,363.74034810594475,1.7646,0.6461
0.6,15.0,1500,2,22.375835974219918,732.1202475260723,1.7578,5.7845
0.6,15.0,1500,1,28.994942182129506,385.6650769834495,1.7696,0.4387
0.6,15.0,1500,0,29.40122001122409,417.8565158953489,1.7834,0.225
0.6,15.0,1500,0,18.152583015518253,554.2129298955215,1.7854,0.1696
0.6,15.0,1500,2,25.070101649415655,550.8146825411328,1.757,0.4266
0.6,15.0,1500,0,21.18646725733586,575.283855922658,1.7846,0.1634
0.6,15.0,1500,2,31.488841138509294,715.8403425209414,1.7633,6.3089
0.6,15.0,1500,0,26.66398361387997,735.9263258594109,1.7854,4.8026
0.6,15.0,1500,0,23.9533326495704,448.7619809602275,1.7849,0.2095
0.6,15.0,1500,2,23.233953630383095,357.53681601496254,1.7619,0.6573
0.6,15.0,1500,2,28.094272672608092,699.055458745105,1.7602,4.7843
0.6,15.0,1500,0,19.515746453850948,412.30348758211335,1.7838,0.228
0.6,15.0,1500,2,25.697939832020165,625.0474014533324,1.7638,0.376
0.6,15.0,1500,0,24.2161256138659,748.4719985575462,1.784,5.3802
0.6,15.0,1500,2,27.3750939106487,593.699456564128,1.76,0.3958
0.6,15.0,1500,1,19.920279695328418,681.6562259226258,1.771,4.8353
0.6,15.0,1500,1,24.71138079433389,545.5413139674051,1.7742,0.3102
0.6,15.0,1500,0,25.889575712058786,485.378253019853,1.7838,0.1937
0.6,15.0,1500,1,28.2696171699466,491.2451990454727,1.7702,0.3444
0.6,15.0,1500,2,31.954126835765926,587.0768113555766,1.7611,0.4003
0.6,15.0,1500,1,28.095756706531795,737.9912648329531,1.7746,5.9524
0.6,15.0,1500,2,21.99007463679973,749.6531091001525,1.7613,5.2643
0.6,15.0,1500,2,28.046116850304948,393.1110101182007,1.7644,0.5978
0.6,15.0,1500,1,22.549551103975986,475.09302883994746,1.77,0.3561
0.6,15.0,1500,0,21.610567726877598,715.4685826254056,1.7839,5.0942
0.6,15.0,1500,0,31.501456683459498,628.5509841252036,1.7851,0.1496
0.6,15.0,1500,2,30.063479939462916,702.2495368829738,1.7603,4.4877
0.6,15.0,1500,2,19.82265124975054,603.1172724376607,1.7605,0.3896
0.6,15.0,1500,1,26.96330208640661,653.9897105670395,1.7722,5.4064
0.6,15.0,1500,0,23.606622724900305,651.2661590332418,1.783,4.679
0.6,15.0,1500,1,28.563226736623836,682.9269056442589,1.7721,5.6624
0.6,15.0,1500,1,22.456011748350974,410.9600276613425,1.7737,0.4117
0.6,15.0,1500,0,31.082626189285243,737.1856858621984,1.7839,6.1007
0.6,15.0,1500,1,25.11405511924123,508.1065327233194,1.7719,0.333
0.6,15.0,1500,1,18.874285852810356,667.5767614573972,1.769,4.986
0.6,15.0,1500,1,21.76718070842827,736.3197773463147,1.7724,5.4832
0.6,15.0,1500,2,25.85756955716255,613.108983380171,1.7628,0.3833
0.6,15.0,1500,1,20.50501931358113,684.8972889847182,1.7699,6.0567
0.6,15.0,1500,1,31.367421650669996,694.6712935195513,1.7743,5.6279
0.6,15.0,1500,1,20.262778472269286,501.29661595867975,1.7693,0.3375
0.6,15.0,1500,0,29.158215674305076,402.3085210120729,1.7858,0.2337
0.6,15.0,1500,1,20.719237511989974,387.816563210863,1.7727,0.4363
0.6,15.0,1500,1,30.264037767755568,351.2426816995588,1.7717,0.4817
0.6,15.0,1500,2,31.917234049091846,366.34792830617477,1.7574,0.6415
0.6,15.0,1500,1,19.10087875850097,739.6749397556641,1.774,4.6778
0.6,15.0,1500,1,21.561892147057357,468.4037079372231,1.7705,0.3612
0.6,15.0,1500,2,20.322351989202794,425.84988595965046,1.7629,0.5518
0.6,15.0,1500,2,27.31192330637771,495.9866563317164,1.7625,0.4738
0.6,15.0,1500,1,23.339240002208896,664.4062766532835,1.7697,5.723
0.6,15.0,1500,2,30.205021956553157,410.68042936244944,1.7617,0.5722
0.6,15.0,1500,1,20.659727917028523,711.9182802992192,1.7699,4.675
0.6,15.0,1500,1,21.6798383625856,746.3847442566263,1.7727,4.5774
0.6,15.0,1500,0,28.51389511982585,716.1696288911542,1.7848,5.242
0.6,15.0,1500,1,31.306697826230284,604.0489814020726,1.7712,0.2801
0.6,15.0,1500,0,21.146220730944897,496.56775642179775,1.7853,0.1893
0.6,15.0,1500,0,31.999019685585765,607.8513171797597,1.7851,0.1546
0.6,15.0,1500,1,22.059084467776366,390.55124033321266,1.7731,0.4332
0.6,15.0,1500,1,24.01655718263732,410.31521236829343,1.771,0.4124
0.6,15.0,1500,1,30.41712887725659,684.4187808529267,1.7726,4.5764
0.6,15.0,1500,2,19.028645415424002,552.7542811967328,1.7603,0.4251
0.6,15.0,1500,2,23.043132049035123,545.8092177659142,1.7599,0.4306
0.6,15.0,1500,0,21.58327299528889,389.1742118505449,1.7846,0.2415
0.6,15.0,1500,0,23.854207267702122,603.4731333991135,1.7847,0.1558
0.6,15.0,1500,0,23.044486387891585,375.4055281092453,1.7855,0.2504
0.6,15.0,1500,2,25.04301141574281,721.0191342752636,1.7645,5.2466
0.6,15.0,1500,0,23.759237014303245,580.5740983984135,1.7836,0.1619
0.6,15.0,1500,0,29.918987378803358,443.85721897427646,1.783,0.2118
0.6,15.0,1500,1,21.30961677188143,680.8951650459845,1.7733,4.8735
0.6,15.0,1500,2,26.26429581746399,584.8984971561279,1.7627,0.4018
0.6,15.0,1500,2,23.52112174548335,485.5998917616883,1.7614,0.4839
0.6,15.0,1500,2,29.115342908485747,480.00924806040905,1.7575,0.4896
0.6,15.0,1500,1,28.480536035298414,432.6316152257984,1.7722,0.3911
0.6,15.0,1500,1,25.455112432112074,547.4954671919228,1.7692,0.309
0.6,15.0,1500,1,20.04233314255133,582.0515878202776,1.7711,0.2907
0.6,15.0,1500,2,25.152419540064074,670.5530791160952,1.7601,6.0041
0.6,15.0,1500,2,19.92587392847526,565.870867384378,1.7614,0.4153
0.6,15.0,1500,1,29.883368827882563,383.96539516607515,1.7729,0.4407
0.6,15.0,1500,1,26.410953792968442,357.23066470559786,1.7736,0.4736
0.6,15.0,1500,2,23.539137499993487,659.3331911478626,1.7605,6.0551
0.6,15.0,1500,0,30.60754435088637,608.0156912897563,1.7859,0.1546
0.6,15.0,1500,2,27.123703189544603,589.1152076656574,1.7603,0.3989
0.6,15.0,1500,2,21.735329385178865,449.28611586276077,1.7634,0.5231
0.6,15.0,1500,0,28.35702946848008,510.3367761395764,1.783,0.1842
0.6,15.0,1500,2,28.46812739059343,598.3081362766529,1.7599,0.3928
0.6,15.0,1500,2,20.697767662067072,744.6742014781096,1.762,4.481
0.6,15.0,1500,2,30.585037840657527,745.7448037964025,1.7628,4.7341
0.6,15.0,1500,1,29.93020981170605,614.6991246551117,1.7717,0.2753
0.6,15.0,1500,2,20.8906340868997,731.4907429739333,1.7605,6.1899
0.6,15.0,1500,1,28.744089357263583,659.5782787187707,1.7715,5.9146
0.6,15.0,1500,0,26.959190687675232,601.6432276531266,1.7852,0.1562
0.6,15.0,1500,0,24.134193142869066,721.825134274095,1.7856,4.7044
0.6,15.0,1500,0,26.4419725998455,621.4802301541338,1.7831,0.1513
0.6,15.0,1500,2,22.796330812648595,496.6859358344624,1.7617,0.4731
0.6,15.0,1500,1,27.295215569933365,454.1316782839251,1.7701,0.3726
0.6,15.0,1500,1,20.937502302155718,575.0827789839612,1.7697,0.2942
0.6,15.0,1500,1,30.03532130839574,714.6283840946885,1.7695,5.0921
0.6,15.0,1500,1,29.22708251424837,598.9463477225938,1.7723,0.2825
0.6,15.0,1500,0,19.44991282877925,485.1200841467877,1.7848,0.1938
0.6,15.0,1500,2,31.60698955846587,425.5440848726501,1.7606,0.5522
0.6,15.0,1500,1,31.361282680870513,612.8242360069107,1.7743,0.2761
0.6,15.0,1500,2,25.553575121827798,641.3717716175003,1.7591,0.3664
0.6,15.0,1500,0,26.323014321126085,694.644946916133,1.783,5.9661
0.6,15.0,1500,2,20.642768923795344,405.6850978808748,1.7594,0.5793
0.6,15.0,1500,2,20.411617221798615,579.5019742074137,1.7634,0.4055
0.6,15.0,1500,1,29.593601588254636,612.9323898392513,1.7746,0.2761
0.6,15.0,1500,1,19.799295031456733,555.6971411133611,1.7698,0.3045
0.6,15.0,1500,2,25.897212587076385,415.9059296242118,1.7644,0.565
0.6,15.0,1500,2,29.39412277215992,394.83661579574164,1.7591,0.5952
0.6,15.0,1500,1,26.01307718895665,370.9361993039448,1.7715,0.4561
0.6,15.0,1500,1,21.159544540155515,732.096661385104,1.7708,4.7407
0.6,15.0,1500,1,24.55933122231182,480.22353210637755,1.769,0.3523
0.6,15.0,1500,1,24.835306712080133,565.9732527707656,1.7722,0.299
0.6,15.0,1500,0,30.91815862530091,568.0277176460232,1.7832,0.1655
0.6,15.0,1500,0,27.65555158691416,443.3619905711423,1.7856,0.212
0.6,15.0,1500,1,29.871296678779053,621.2620565079388,1.7732,0.2724
0.6,15.0,1500,1,24.69638692245003,435.72350803694343,1.7697,0.3883
0.6,15.0,1500,0,24.722835028759647,549.0594780552805,1.7838,0.1712
0.6,15.0,1500,1,29.404276332810234,431.449796423959,1.7722,0.3922
0.6,15.0,1500,1,19.548686744409576,402.36916860440283,1.7719,0.4205
0.6,15.0,1500,2,26.710486987332473,628.9075978784003,1.757,0.3737
0.6,15.0,1500,2,19.11792965688407,550.2289611841439,1.7578,0.4271
0.6,15.0,1500,2,29.13847495548668,502.51587068882066,1.7597,0.4677
0.6,15.0,1500,0,29.717481535102614,525.7537756804979,1.7839,0.1788
0.6,15.0,1500,0,27.16437083330544,350.98976135085616,1.7858,0.2678
0.6,15.0,1500,1,20.404508477676615,549.8421020083691,1.774,0.3077
0.6,15.0,1500,1,23.25235527310321,521.0484824600352,1.7703,0.3247
0.6,15.0,1500,2,22.603813707580436,667.0510013926788,1.7645,6.1167
0.6,15.0,1500,0,26.60752707328826,600.7734213815495,1.7856,0.1565
0.6,15.0,1500,0,19.186643928672144,696.7899957535781,1.7847,5.8543
0.6,15.0,1500,1,23.871461675338097,580.8149758027517,1.7705,0.2913
0.6,15.0,1500,1,28.386171114288025,601.094412253822,1.7737,0.2815
0.6,15.0,1500,1,26.483017324582995,513.3431212203129,1.7709,0.3296
0.6,15.0,1500,0,31.3786834993061,581.6682226954399,1.7836,0.1616
0.6,15.0,1500,0,19.60175173602474,597.3231126775584,1.7832,0.1574
0.6,15.0,1500,1,20.64397871133476,499.73347829030456,1.7736,0.3386
0.6,15.0,1500,2,19.206784942194762,699.8869361501397,1.7607,5.1007
0.6,15.0,1500,1,29.109401166281362,740.9322767155656,1.7722,5.045
0.6,15.0,1500,0,23.69374658346645,447.14905288480924,1.7844,0.2102
0.6,15.0,1500,0,23.64090670836127,647.8115867863969,1.7831,0.1451
0.6,15.0,1500,2,28.153010586457285,642.4081291556822,1.7638,0.3658
0.6,15.0,1500,1,21.259888598642352,482.35948374330894,1.7698,0.3508
0.6,15.0,1500,1,20.037978588348093,426.5861793835488,1.7701,0.3966
0.6,15.0,1500,1,25.041008581011788,351.55700753621034,1.7745,0.4813
0.6,15.0,1500,0,28.35761587032127,489.2887815977758,1.7844,0.1921
0.6,15.0,1500,2,27.972730096760685,725.967579601122,1.7576,5.423
0.6,15.0,1500,0,21.7220237948109,623.8984194706937,1.7846,0.1507
0.6,15.0,1500,2,31.836386206391047,588.9763646904786,1.7607,0.399
0.6,15.0,1500,1,28.99231702130092,742.9180207179149,1.774,4.845
0.6,15.0,1500,0,27.90713366898003,433.7227898657916,1.7858,0.2167
0.6,15.0,1500,2,28.57215658485618,363.94011888925286,1.7636,0.6457
0.6,15.0,1500,0,28.485290084564088,725.0382898288756,1.7857,5.7283
0.6,15.0,1500,0,30.185227941822184,732.9626038212681,1.7835,5.9536
0.6,15.0,1500,2,28.825981116060746,637.7368204943591,1.7609,0.3685
0.6,15.0,1500,1,30.978445572753227,497.19357801906193,1.7727,0.3403
0.6,15.0,1500,2,29.28579167073618,719.8149521949609,1.7579,5.4831
0.6,15.0,1500,2,29.642332610764115,684.1862894180557,1.7625,5.7623
0.6,15.0,1500,1,27.80495225697073,589.8077795750723,1.7741,0.2869
0.6,15.0,1500,0,23.620366274539563,394.2140033235185,1.7842,0.2385
0.6,15.0,1500,1,23.684039749405084,651.7497291891925,1.7707,5.8176
0.6,15.0,1500,0,27.773159611206097,397.4227925996627,1.784,0.2365
0.6,15.0,1500,2,26.49678290242619,587.1415686189137,1.7606,0.4002
0.6,15.0,1500,0,20.426814766928494,487.3526634988425,1.7835,0.1929
0.6,15.0,1500,2,22.216524417263138,694.4359727846243,1.7629,5.4754
0.6,15.0,1500,0,26.323548633419477,557.2198151246093,1.7849,0.1687
0.6,15.0,1500,2,23.763873351628916,733.9957732602794,1.7587,4.6065
0.6,15.0,1500,2,19.080334635642668,450.52205669940633,1.762,0.5216
0.6,15.0,1500,0,23.749724073652704,585.4485100672141,1.7848,0.1606
0.6,15.0,1500,0,23.812212039612575,746.7048695439805,1.7851,4.8412
0.6,15.0,1500,2,30.76550262183798,381.9108094774791,1.7623,0.6153
0.6,15.0,1500,2,19.10172208258157,431.31845074174555,1.7635,0.5448
0.6,15.0,1500,2,26.760192508696438,573.1370608970612,1.7638,0.41
0.6,15.0,1500,0,28.87846543970764,535.062328632776,1.7838,0.1757
0.6,15.0,1500,1,18.73084693267251,445.289323017002,1.7736,0.38
0.6,15.0,1500,1,29.073438299262186,430.09225500907456,1.7743,0.3934
0.6,15.0,1500,1,29.321314694221424,415.5134994459335,1.7695,0.4072
0.6,15.0,1500,2,31.811111216558736,682.8032781177917,1.7647,6.131
0.6,15.0,1500,2,31.072290941675774,558.7445028721881,1.7598,0.4206
0.6,15.0,1500,1,31.72311099660159,691.5869658002028,1.7742,6.1737
0.6,15.0,1500,1,30.96079067139876,422.6579111924981,1.7704,0.4003
0.6,15.0,1500,2,18.065467348864342,490.9332663976733,1.7627,0.4787
0.6,15.0,1500,0,27.976895577709847,454.5730446014025,1.7838,0.2068
0.6,15.0,1500,1,30.040918503896485,735.136863958278,1.7712,4.9991
0.6,15.0,1500,2,23.105468189476433,358.42700708692473,1.7578,0.6556
0.6,15.0,1500,0,25.836707074372473,663.1367166992216,1.7843,4.7712
0.6,15.0,1500,0,31.467023536146897,531.3190479871743,1.7847,0.1769
0.6,15.0,1500,0,22.890494524776866,611.5257632939463,1.7829,0.1537
0.6,15.0,1500,2,28.462476360333604,351.1221139279102,1.7596,0.6693
0.6,15.0,1500,0,23.64494012265855,586.627636816781,1.7853,0.1602
0.6,15.0,1500,2,18.44756712365758,691.9476651705398,1.7632,4.364
0.6,15.0,1500,1,26.382152401810487,687.895635647236,1.7732,6.1838
0.6,15.0,1500,2,31.288383519592905,580.4197472795681,1.7619,0.4049
0.6,15.0,1500,1,19.250709709187937,469.9029366700759,1.7698,0.3601
0.6,15.0,1500,0,25.387730632088452,739.8656065962443,1.7833,4.4431
0.6,15.0,1500,1,31.59874991650274,370.00743769227205,1.7709,0.4573
0.6,15.0,1500,2,30.797309464759387,359.6527308426468,1.7604,0.6534
0.6,15.0,1500,1,26.10714309392082,447.9534426217043,1.7702,0.3777
0.6,15.0,1500,1,19.956037546806012,611.1205954429239,1.7691,0.2769
0.6,15.0,1500,0,24.227772921557577,355.8380228613828,1.783,0.2642
0.6,15.0,1500,0,26.9415461132525,433.00687017945666,1.7852,0.2171
0.6,15.0,1500,0,27.311284238265962,738.9884360193887,1.7853,5.3005
0.6,15.0,1500,0,27.60918741507874,504.92980635564396,1.7851,0.1862
0.6,15.0,1500,2,21.942784227386362,421.30418565740365,1.7605,0.5578
0.6,15.0,1500,0,24.46213598123616,416.2608492750193,1.7857,0.2258
0.6,15.0,1500,1,23.76033637110315,579.5844501552627,1.7732,0.2919
0.6,15.0,1500,2,21.474935865036187,389.2824327525247,1.757,0.6037
0.6,15.0,1500,0,29.887340855366425,659.3767949013611,1.7857,5.5695
0.6,15.0,1500,1,20.58152455287269,358.3917990164715,1.7734,0.4721
0.6,15.0,1500,1,27.80311471724829,653.9237826475876,1.7699,5.963
0.6,15.0,1500,2,23.819911860857353,700.1164506212853,1.7636,4.4158
0.6,15.0,1500,1,30.086220199698374,632.8533875595816,1.7743,0.2674
0.6,15.0,1500,2,21.343351034707,651.6400512769949,1.7619,6.1356
0.6,15.0,1500,1,30.974105065477985,502.8599262035224,1.7734,0.3365
0.6,15.0,1500,0,25.574720467826218,679.2217667397838,1.7854,5.9431
0.6,15.0,1500,2,20.753193446976624,572.7923120496145,1.7646,0.4103
0.6,15.0,1500,2,24.775681856939904,700.8053783515378,1.7591,5.7178
0.6,15.0,1500,0,30.763967489901958,376.8435680774316,1.7842,0.2494
0.6,15.0,1500,0,29.68683862465818,560.3711901967332,1.7845,0.1677
0.6,15.0,1500,1,22.641465609654652,652.254362144301,1.7704,4.4325
0.6,15.0,1500,1,26.71001328057487,579.6430306284494,1.7741,0.2919
0.6,15.0,1500,2,27.267326322757384,523.6381673896981,1.7574,0.4488
0.6,15.0,1500,0,27.21411396960132,485.4447397759581,1.7834,0.1936
0.6,15.0,1500,1,18.696129364626827,538.7891489073975,1.772,0.314
0.6,15.0,1500,1,31.040849635930698,570.5616549690762,1.7745,0.2966
0.6,15.0,1500,1,30.109273654475214,407.96487533642824,1.7736,0.4147
0.6,15.0,1500,2,25.975932915870946,403.44472882751586,1.7594,0.5825
0.6,15.0,1500,2,26.365926232112823,673.7197883185005,1.7584,4.4263
0.6,15.0,1500,0,18.819003529220154,364.2644378751297,1.7852,0.2581
0.6,15.0,1500,0,24.48799763295981,350.76694278229417,1.7833,0.268
0.6,15.0,1500,1,25.18451822531648,412.70394958991136,1.7741,0.41
0.6,15.0,1500,2,20.389774048324302,598.5862272456013,1.762,0.3926
0.6,15.0,1500,0,20.093313586335736,419.83406237939846,1.7833,0.2239
0.6,15.0,1500,2,30.589245018345284,647.313957904842,1.7636,0.363
0.6,15.0,1500,2,18.851825550756796,612.019720682134,1.7622,0.384
0.6,15.0,1500,2,29.03604854967022,419.06420987635687,1.7572,0.5608
0.6,15.0,1500,2,19.096173449177584,382.4505874028428,1.7599,0.6145
0.6,15.0,1500,2,20.260798880245343,737.6370078900943,1.7571,4.575
0.6,15.0,1500,0,21.959091983615863,573.5176189541874,1.7839,0.1639
0.6,15.0,1500,0,18.420403389346372,560.8355473726156,1.7846,0.1676
0.6,15.0,1500,2,24.106101113570183,665.4378250603613,1.7636,4.5533
0.6,15.0,1500,1,18.95822455467286,415.04513019731183,1.7714,0.4077
0.6,15.0,1500,1,26.579075605326047,540.9233777642277,1.7708,0.3128
0.6,15.0,1500,0,26.776893093525608,511.76517424969995,1.7846,0.1837
0.6,15.0,1500,0,28.22879461364142,551.2976876198712,1.7834,0.1705
0.6,15.0,1500,2,29.614664755536015,744.759267437258,1.7593,5.6584
0.6,15.0,1500,0,23.31673106113797,681.4279704683305,1.7836,4.4338
0.6,15.0,1500,0,31.01768384021915,602.4581720414214,1.7856,0.156
0.6,15.0,1500,0,18.366925232959733,667.6238528087154,1.7854,5.4551
0.6,15.0,1500,2,21.75039025671887,705.7882847313736,1.7592,4.8856
0.6,15.0,1500,0,27.277086007234182,667.2199052399653,1.783,4.1883
0.6,15.0,1500,0,28.61329395243228,725.7552929361809,1.7838,5.3114
0.6,15.0,1500,0,25.547812301764033,710.2791894084033,1.7843,4.7297
0.6,15.0,1500,1,23.11835236711248,571.0913647361541,1.7719,0.2963
0.6,15.0,1500,0,19.049804943956577,373.5281451730981,1.7842,0.2517
0.6,15.0,1500,0,29.1558809320411,603.5484324584611,1.7833,0.1557
0.6,15.0,1500,2,28.385138019323033,478.16333611138214,1.7609,0.4915
0.6,15.0,1500,0,31.024008372593414,466.1632697005093,1.7847,0.2016
0.6,15.0,1500,2,27.73579175409509,586.8488961875728,1.7572,0.4004
0.6,15.0,1500,2,31.375353101370518,670.6473682735732,1.7587,5.3691
0.6,15.0,1500,1,29.652678181038134,678.2065777777134,1.7743,6.1379
0.6,15.0,1500,1,18.04960896218214,616.328926114956,1.7736,0.2745
0.6,15.0,1500,1,18.47143541103049,474.11143412152774,1.7694,0.3569
0.6,15.0,1500,1,23.498663606916807,698.6004211489138,1.7742,5.1297
0.6,15.0,1500,1,25.40917360862711,399.8043095993428,1.7729,0.4232
0.6,15.0,1500,1,31.215434095459536,612.1643880709101,1.7714,0.2764
0.6,15.0,1500,2,26.346864755768667,540.1571650937351,1.7635,0.4351
0.6,15.0,1500,0,21.17990927778759,404.2167882339685,1.7849,0.2326
0.6,15.0,1500,1,24.497781455267948,466.9054187290486,1.7699,0.3624
0.6,15.0,1500,2,18.790872224379683,640.8445194201535,1.7578,0.3667
0.6,15.0,1500,1,25.711624084887326,696.003926395409,1.7691,6.1049
0.6,15.0,1500,1,21.8989482766779,635.4123636943602,1.7704,0.2663
0.6,15.0,1500,0,21.01171560788349,435.8587572309881,1.7831,0.2157
0.6,15.0,1500,2,18.276862436311365,589.0282375142951,1.7594,0.399
0.6,15.0,1500,1,19.44800232889753,578.8232940704448,1.7711,0.2923
0.6,15.0,1500,2,24.865092444517273,637.3108097149586,1.7623,0.3687
0.6,15.0,1500,0,22.561053401276077,545.6082359322077,1.7841,0.1723
0.6,15.0,1500,1,18.031014011588688,482.25870080194954,1.7731,0.3509
0.6,15.0,1500,0,27.478510104081558,374.1837477779302,1.7856,0.2512
0.6,15.0,1500,0,22.86374227976983,520.323150826904,1.7848,0.1807
0.6,15.0,1500,1,27.72068831345078,660.3961718598665,1.7695,5.7343
0.6,15.0,1500,2,24.83704575613993,364.0605726497573,1.7598,0.6455
0.6,15.0,1500,0,26.865865863674482,739.5506122586437,1.7844,4.3409
0.6,15.0,1500,1,29.85059679567923,592.5279484540351,1.7728,0.2856
0.6,15.0,1500,1,30.9651420615276,446.8216728040301,1.7699,0.3787
0.6,15.0,1500,0,26.096185332566414,398.6104609465293,1.7836,0.2358
0.6,15.0,1500,1,22.13390342377349,658.5363387256639,1.7726,5.9535
0.6,15.0,1500,2,19.06938979845708,441.7087639662121,1.7638,0.532
0.6,15.0,1500,0,22.1349314616806,569.0647508795696,1.7854,0.1652
0.6,15.0,1500,1,25.201501205153093,697.536395720378,1.7727,5.825
0.6,15.0,1500,0,31.411655436344972,362.85315763766545,1.7831,0.2591
0.6,15.0,1500,0,20.73402542791086,560.4625606219209,1.7833,0.1677
0.6,15.0,1500,0,27.598234856546625,663.2655058066478,1.7836,5.3192
0.6,15.0,1500,2,29.853269716066297,702.6911684985995,1.7596,6.2807
0.6,15.0,1500,0,30.574313570418425,422.87820565910124,1.7829,0.2223
0.6,15.0,1500,2,22.319362232908713,697.8675562096643,1.7575,4.4474
0.6,15.0,1500,1,20.17138962858924,607.4446518865157,1.7738,0.2785
0.6,15.0,1500,1,26.154737962612487,631.8552799969561,1.7729,0.2678
0.6,15.0,1500,2,25.37029380603152,643.3015917618434,1.7589,0.3653
0.6,15.0,1500,1,19.883847288193884,744.6945347165131,1.77,5.1693
0.6,15.0,1500,0,28.580078919015932,741.961835224474,1.7851,4.1998
0.6,15.0,1500,0,22.19865691256155,469.9319444834043,1.7841,0.2
0.6,15.0,1500,2,31.14906695182823,681.855930566958,1.7635,4.7334
0.6,15.0,1500,0,29.793237625183224,499.5163632190304,1.7852,0.1882
0.6,15.0,1500,2,27.07553807339135,607.8314277335469,1.7585,0.3866
0.6,15.0,1500,0,25.02972862186818,510.29699343701066,1.7846,0.1842
0.6,15.0,1500,2,18.02705094212596,563.4518083933449,1.7587,0.4171
0.6,15.0,1500,2,28.6417219092428,403.53526190220333,1.7632,0.5824
0.6,15.0,1500,0,25.488202266931438,370.5787484928073,1.7853,0.2537
0.6,15.0,1500,1,25.470410730700802,373.56333595396535,1.7738,0.4529
0.6,15.0,1500,2,22.395774106841206,605.7810203160923,1.763,0.3879
0.6,15.0,1500,0,18.96048553828535,531.2219005692132,1.7828,0.177
0.6,15.0,1500,1,21.08896723937695,508.01465012048357,1.7698,0.3331
0.6,15.0,1500,2,19.010491197201105,467.92255370399556,1.7591,0.5022
0.6,15.0,1500,2,29.66240176547977,421.7742993558687,1.7594,0.5572
0.6,15.0,1500,0,23.713148477926943,566.7206325087593,1.7834,0.1659
0.6,15.0,1500,2,31.62361889017938,675.7637523730675,1.7628,6.0318
0.6,15.0,1500,2,24.60314485495513,477.262133466865,1.7627,0.4924
0.6,15.0,1500,1,21.81457098000378,438.5053049687213,1.7711,0.3859
0.6,15.0,1500,2,27.868354907604214,378.214834681657,1.7641,0.6213
0.6,15.0,1500,0,20.157616791687218,516.4046737757462,1.7845,0.182
0.6,15.0,1500,1,30.225042293870715,483.90918491886066,1.7737,0.3497
0.6,15.0,1500,1,18.78551022266661,414.39075050936873,1.7739,0.4083
0.6,15.0,1500,0,25.266940806588003,532.5201621652668,1.7852,0.1765
0.6,15.0,1500,2,30.5667083937821,706.8872555490726,1.7607,4.6244
0.6,15.0,1500,1,23.446478022204676,625.9143382832204,1.7713,0.2703
0.6,15.0,1500,1,22.375700011400603,429.2043741753047,1.7714,0.3942
0.6,15.0,1500,0,30.448102884350664,490.4990350346785,1.7845,0.1916
0.6,15.0,1500,1,31.73494154301592,571.3731011063372,1.7693,0.2961
0.6,15.0,1500,1,21.466921331565217,395.83351773153794,1.7737,0.4275
0.6,15.0,1500,1,20.224862077474228,563.7819358747163,1.7708,0.3001
0.6,15.0,1500,2,26.755018525006854,527.929893580312,1.7621,0.4451
0.6,15.0,1500,2,24.808586012937972,665.7489444074174,1.7579,5.4845
0.6,15.0,1500,0,26.207849141882082,358.38626691175523,1.7841,0.2623
0.6,15.0,1500,1,20.16255999913251,543.0308548504557,1.7744,0.3116
0.6,15.0,1500,2,27.551249214593863,611.4568944983039,1.7611,0.3843
0.6,15.0,1500,0,19.05072587249462,419.9091716655189,1.785,0.2239
0.6,15.0,1500,2,26.345159288375903,743.078741703484,1.7617,4.3715
0.6,15.0,1500,0,29.741187276978323,624.6271901204392,1.7855,0.1505
0.6,15.0,1500,2,23.310036059446432,547.7543416683501,1.7638,0.429
0.6,15.0,1500,0,18.32074907089548,455.73516374972155,1.7852,0.2063
0.6,15.0,1500,0,19.24839210753661,480.68860323056106,1.7852,0.1956
0.6,15.0,1500,2,30.67404940298026,472.5668289767191,1.7646,0.4973
0.6,15.0,1500,0,25.768199425384804,663.226550260533,1.7856,5.811
0.6,15.0,1500,0,24.856146909719882,422.9102393960379,1.7849,0.2223
0.6,15.0,1500,2,20.654608740420542,711.6159244099695,1.7612,4.3425
0.6,15.0,1500,0,20.1254440292028,725.0691230483735,1.7838,4.2729
0.6,15.0,1500,1,30.112714026759193,704.7582630513574,1.7706,5.86
0.6,15.0,1500,0,23.10200229889608,369.15186617540036,1.7846,0.2546
0.6,15.0,1500,2,27.333855870054382,661.0175106302727,1.7617,4.8022
0.6,15.0,1500,1,19.115904623994375,351.22205570018036,1.7718,0.4818
0.6,15.0,1500,1,25.47981745813724,724.0690113627837,1.7738,5.3492
0.6,15.0,1500,1,19.77239767656628,641.9980489336047,1.7704,0.2636
0.6,15.0,1500,1,31.351502296909526,461.9679689886986,1.7735,0.3663
0.6,15.0,1500,1,23.44268578877211,404.7439685437905,1.7736,0.418
0.6,15.0,1500,2,23.866965003394647,427.6157877342968,1.7583,0.5496
0.6,15.0,1500,2,20.034708889656834,530.874663397425,1.759,0.4427
0.6,15.0,1500,2,19.39206807869113,413.73179172615437,1.7587,0.568
0.6,15.0,1500,1,23.678120051436213,650.1971297758337,1.7707,5.6675
0.6,15.0,1500,1,28.605543450727247,510.68505923580165,1.7727,0.3313
0.6,15.0,1500,1,19.019255889279407,493.2626640012415,1.773,0.343
0.6,15.0,1500,0,26.957776275165568,422.4616346629435,1.784,0.2225
0.6,15.0,1500,0,31.605378967890974,535.475250192432,1.7858,0.1755
0.6,15.0,1500,0,24.554055726743655,471.44670013032487,1.7836,0.1994
0.6,15.0,1500,2,22.943941208750438,570.2049511818198,1.7595,0.4121
0.02,20.0,150,2,31.086484770888084,358.64686264565165,1.7985,0.0276
0.02,20.0,150,2,19.574931941837782,376.35947665056534,1.7985,0.0263
0.02,20.0,150,1,24.671157672077097,444.8364186843496,1.7987,0.016
0.02,20.0,150,0,22.649145583183575,642.6865882968165,1.7994,0.0062
0.02,20.0,150,0,21.857916131036305,607.319555682177,1.7994,0.0065
0.02,20.0,150,1,22.71131790209573,406.0099104881017,1.7988,0.0176
0.02,20.0,150,0,19.388590582772686,416.6586821192045,1.7993,0.0095
0.02,20.0,150,1,26.214118769337468,593.0803691830957,1.7989,0.012
0.02,20.0,150,2,22.03359759427919,525.415361664076,1.7985,0.0188
0.02,20.0,150,0,31.539989417677525,476.0859651068648,1.7993,0.0083
0.02,20.0,150,0,25.756711189415,399.7438265611951,1.7994,0.0099
0.02,20.0,150,2,31.962638024740695,353.008213674357,1.7983,0.028
0.02,20.0,150,1,26.769197212913333,608.2379547531104,1.7989,0.0117
0.02,20.0,150,1,25.28692728062593,385.65945016971506,1.7987,0.0185
0.02,20.0,150,1,22.701455757831038,489.2242669947873,1.7989,0.0146
0.02,20.0,150,1,30.68892231550599,563.4625563603065,1.7988,0.0127
0.02,20.0,150,0,20.417296199083683,593.3093581066901,1.7993,0.0067
0.02,20.0,150,2,23.090537045806553,385.63904797541625,1.7984,0.0257
0.02,20.0,150,1,22.366208090131117,374.4732531496176,1.7988,0.019
0.02,20.0,150,2,31.253596382108903,740.7756338503021,1.7985,0.0134
0.02,20.0,150,1,31.86200074100958,748.8957815808549,1.7989,0.0095
0.02,20.0,150,0,20.971160781308072,509.43475543462773,1.7994,0.0078
0.02,20.0,150,1,31.364786639543752,383.27940544786685,1.7987,0.0186
0.02,20.0,150,0,18.207052208308227,648.0556593497414,1.7993,0.0061
0.02,20.0,150,2,28.23088821282513,726.6550245952494,1.7983,0.0136
0.02,20.0,150,0,21.203434173022345,448.32731847463435,1.7994,0.0088
0.02,20.0,150,1,20.84878840972019,391.1645455635167,1.7989,0.0182
0.02,20.0,150,2,23.188285039323258,363.4868761095566,1.7984,0.0272
0.02,20.0,150,0,30.181609175053133,749.0731401692087,1.7993,0.0053
0.02,20.0,150,2,22.13143453130261,424.8540944053158,1.7982,0.0233
0.02,20.0,150,0,31.972071589842905,743.6354492547092,1.7994,0.0053
0.02,20.0,150,0,22.727071724839966,384.71904785189275,1.7993,0.0103
0.02,20.0,150,0,27.207602007881853,524.2908081054686,1.7993,0.0076
0.02,20.0,150,0,20.855085750389918,715.9995089382847,1.7993,0.0055
0.02,20.0,150,0,26.703945156569013,571.1763136347395,1.7993,0.0069
0.02,20.0,150,0,18.444197719513202,615.5389439378857,1.7994,0.0064
0.02,20.0,150,2,20.848602748426472,624.4408779023317,1.7982,0.0159
0.02,20.0,150,1,18.22469880735876,500.63769133335484,1.7987,0.0142
0.02,20.0,150,2,19.34120205011795,728.3573746303032,1.7982,0.0136
0.02,20.0,150,0,18.000871559931827,682.6754208812278,1.7994,0.0058
0.02,20.0,150,2,26.568726069951076,381.1134067137675,1.7984,0.026
0.02,20.0,150,0,31.348135595780988,687.8910652822897,1.7994,0.0058
0.02,20.0,150,2,24.58055531427423,641.659173782639,1.7982,0.0154
0.02,20.0,150,0,21.518223443819185,725.6588254068536,1.7993,0.0055
0.02,20.0,150,1,31.352619531095613,464.2909256061689,1.7988,0.0154
0.02,20.0,150,1,29.17264560846072,569.0573315747059,1.7988,0.0125
0.02,20.0,150,2,30.34924568358974,544.1616360980356,1.7982,0.0182
0.02,20.0,150,2,20.40782696193967,510.88999248304265,1.7984,0.0194
0.02,20.0,150,1,31.944989007917368,401.93734983167013,1.7989,0.0177
0.02,20.0,150,1,18.50921813834448,547.653064173334,1.7988,0.013
0.02,20.0,150,2,27.979429767071082,382.91903738012957,1.7983,0.0259
0.02,20.0,150,1,31.952058517228288,560.1963539929511,1.7988,0.0127
0.02,20.0,150,0,26.068227387166306,688.7118662870062,1.7994,0.0058
0.02,20.0,150,2,30.191461020823184,549.4425373414628,1.7982,0.018
0.02,20.0,150,2,25.506583461434523,549.1183252295758,1.7983,0.018
0.02,20.0,150,2,21.03396226491852,714.7747579714289,1.7982,0.0139
0.02,20.0,150,1,19.114816004528983,497.74894674975764,1.7988,0.0143
0.02,20.0,150,2,28.445191660781543,720.5537467116783,1.7984,0.0137
0.02,20.0,150,2,26.609274052456865,593.035273961285,1.7984,0.0167
0.02,20.0,150,2,31.210487678873793,506.4915437864136,1.7984,0.0195
0.02,20.0,150,2,24.877772349286076,593.9126139922844,1.7985,0.0167
0.02,20.0,150,1,29.61190556249054,430.5738238821069,1.7988,0.0166
0.02,20.0,150,1,20.480107100670345,622.4422031746783,1.7987,0.0115
0.02,20.0,150,2,27.228566879083843,473.49529000050904,1.7985,0.0209
0.02,20.0,150,2,27.761833596060598,431.22759984626634,1.7983,0.023
0.02,20.0,150,0,26.768100429058705,355.6792074726732,1.7993,0.0111
0.02,20.0,150,1,26.386001562987314,467.8383603770493,1.7987,0.0152
0.02,20.0,150,1,20.699983065163487,368.5639037732063,1.7988,0.0193
0.02,20.0,150,1,24.580691224621546,492.7830890393444,1.7989,0.0145
0.02,20.0,150,2,24.353156486654246,487.81593198554015,1.7982,0.0203
0.02,20.0,150,1,31.969952021931498,506.4129264705417,1.7989,0.0141
0.02,20.0,150,2,31.48852507897525,728.421362821401,1.7984,0.0136
0.02,20.0,150,1,21.561887197483628,483.04540004960234,1.7988,0.0148
0.02,20.0,150,0,20.348032990827654,391.49972029135256,1.7994,0.0101
0.02,20.0,150,1,22.317989150560642,727.5912759103499,1.7987,0.0098
0.02,20.0,150,2,20.37697172407186,457.47412341991526,1.7982,0.0216
0.02,20.0,150,2,29.627814112333468,511.9034801998753,1.7984,0.0193
0.02,20.0,150,0,29.36268261306175,595.524513979593,1.7993,0.0067
0.02,20.0,150,2,28.8082537949155,384.4690445166289,1.7983,0.0258
0.02,20.0,150,2,21.722372792178277,611.6471209946479,1.7983,0.0162
0.02,20.0,150,2,31.980239978926996,684.4818348478386,1.7983,0.0145
0.02,20.0,150,2,29.230852157442413,574.6747105007171,1.7982,0.0172
0.02,20.0,150,1,25.684182439128353,439.4694098154779,1.7988,0.0162
0.02,20.0,150,2,21.640092770907813,603.2811031087103,1.7984,0.0164
0.02,20.0,150,2,26.58743844953545,739.1059038342337,1.7983,0.0134
0.02,20.0,150,2,25.558487790495246,464.4548428498817,1.7983,0.0213
0.02,20.0,150,0,27.631359022398648,748.7322752085488,1.7993,0.0053
0.02,20.0,150,2,31.114334161549678,389.36160773824326,1.7984,0.0254
0.02,20.0,150,0,25.666934818359675,369.0708201498306,1.7993,0.0107
0.02,20.0,150,2,19.805593307415155,671.888191827826,1.7984,0.0147
0.02,20.0,150,1,22.621657396547764,685.7440276609788,1.7988,0.0104
0.02,20.0,150,1,18.569248054394194,684.3077932506459,1.7988,0.0104
0.02,20.0,150,1,22.608735434213614,450.9438592445909,1.7988,0.0158
0.02,20.0,150,0,19.387444658173123,382.18757283140195,1.7994,0.0104
0.02,20.0,150,1,21.11862706800154,545.4693813287295,1.7988,0.0131
0.02,20.0,150,0,23.376069907470402,549.9698307447878,1.7994,0.0072
0.02,20.0,150,2,22.21114292337861,476.5242098181142,1.7985,0.0208
0.02,20.0,150,2,22.105250132522098,375.12605392106525,1.7983,0.0264
0.02,20.0,150,1,18.068768332651995,428.04458732855045,1.7989,0.0167
0.02,20.0,150,2,25.65311988216002,600.900138870453,1.7985,0.0165
0.02,20.0,150,0,22.88823484157738,377.6597860999127,1.7993,0.0105
0.02,20.0,150,1,25.128707437576843,737.2482190044591,1.7988,0.0097
0.02,20.0,150,0,20.10560523282779,690.8825435105032,1.7993,0.0057
0.02,20.0,150,2,21.09758365406918,490.84759185875,1.7983,0.0202
0.02,20.0,150,2,18.724349278179872,565.3742053927335,1.7983,0.0175
0.02,20.0,150,2,20.664619700709228,668.9413388390997,1.7984,0.0148
0.02,20.0,150,0,21.23447940123542,686.5861541689178,1.7993,0.0058
0.02,20.0,150,0,21.899158437963745,741.0609706671141,1.7994,0.0053
0.02,20.0,150,0,22.92003227205287,651.5267580750951,1.7994,0.0061
0.02,20.0,150,2,18.127377577849735,371.44718144675653,1.7982,0.0267
0.02,20.0,150,1,30.092371744563536,526.0240885964668,1.7988,0.0136
0.02,20.0,150,0,25.474189123266964,705.6076065973419,1.7993,0.0056
0.02,20.0,150,2,24.815252142971943,583.2146849905845,1.7985,0.017
0.02,20.0,150,2,19.431515818924325,515.2831586683112,1.7984,0.0192
0.02,20.0,150,1,26.630999117746377,521.539810181701,1.7988,0.0137
0.02,20.0,150,1,31.170460741719655,623.803145630544,1.7987,0.0114
0.02,20.0,150,0,29.35961127775519,532.4178106887331,1.7993,0.0074
0.02,20.0,150,2,28.563607600818344,413.671921626197,1.7985,0.0239
0.02,20.0,150,2,30.370400872409544,636.3791151481676,1.7983,0.0156
0.02,20.0,150,0,21.17746200557815,535.3925948908693,1.7994,0.0074
0.02,20.0,150,0,24.486766926356093,590.3938601259099,1.7994,0.0067
0.02,20.0,150,1,23.998661936352207,541.5409555930867,1.7989,0.0132
0.02,20.0,150,1,25.33748879242976,564.1246507407126,1.7989,0.0126
0.02,20.0,150,0,31.293790737652216,389.7028474961738,1.7993,0.0102
0.02,20.0,150,0,24.52117753543491,616.9744210738929,1.7993,0.0064
0.02,20.0,150,1,19.76979345781215,506.0914227284072,1.7988,0.0141
0.02,20.0,150,1,27.743941464045786,716.0713301352921,1.7989,0.01
0.02,20.0,150,2,18.018324862479624,668.353548290558,1.7983,0.0148
0.02,20.0,150,0,27.70767035634021,566.8668491014575,1.7994,0.007
0.02,20.0,150,0,20.972438481233457,597.1704888314204,1.7993,0.0066
0.02,20.0,150,1,21.50308589242445,413.88532303400854,1.7988,0.0172
0.02,20.0,150,2,31.070137337307955,639.4532629652808,1.7985,0.0155
0.02,20.0,150,2,18.16747123334569,372.8938493027405,1.7983,0.0266
0.02,20.0,150,1,21.377882688526036,501.47361336800464,1.7988,0.0142
0.02,20.0,150,2,22.169100094418173,630.6375009247009,1.7983,0.0157
0.02,20.0,150,0,30.45321662358904,350.91317683097196,1.7993,0.0113
0.02,20.0,150,2,22.478953420666393,404.93583570453745,1.7983,0.0245
0.02,20.0,150,0,29.073225865489324,515.910264252438,1.7993,0.0077
0.02,20.0,150,2,19.780396993661714,554.8812869514658,1.7984,0.0178
0.02,20.0,150,2,29.482780782382214,701.5028481801155,1.7985,0.0141
0.02,20.0,150,0,18.606658270257558,654.6629849839735,1.7993,0.006
0.02,20.0,150,2,26.697677502452144,602.1016776654199,1.7983,0.0164
0.02,20.0,150,0,20.835173864420824,738.4612107664514,1.7993,0.0054
0.02,20.0,150,0,18.480494702334163,428.54868716187957,1.7994,0.0092
0.02,20.0,150,1,29.25528990463453,389.27619092068574,1.7989,0.0183
0.02,20.0,150,1,28.88979649990527,402.6367760242738,1.7988,0.0177
0.02,20.0,150,2,31.414115284222323,670.6125781606123,1.7983,0.0148
0.02,20.0,150,1,30.435192767567393,714.7278915653999,1.7988,0.01
0.02,20.0,150,0,23.90561241931073,600.5011510860443,1.7994,0.0066
0.02,20.0,150,1,21.745168312270142,634.9544913089628,1.7989,0.0112
0.02,20.0,150,0,29.35022775549728,399.709326130449,1.7994,0.0099
0.02,20.0,150,0,29.126284742011034,742.2930040594113,1.7993,0.0053
0.02,20.0,150,2,21.71003587716368,446.8399158934961,1.7985,0.0222
0.02,20.0,150,1,18.0777655445701,577.7429308293694,1.7988,0.0123
0.02,20.0,150,1,31.731126440067925,449.2870623646046,1.7988,0.0159
0.02,20.0,150,0,22.78198596049124,524.1357694811679,1.7993,0.0076
0.02,20.0,150,1,21.161566358042258,573.403614178821,1.7989,0.0124
0.02,20.0,150,0,26.728765317447728,647.0328839957835,1.7993,0.0061
0.02,20.0,150,0,30.500518400045056,487.5805641940206,1.7994,0.0081
0.02,20.0,150,0,20.45732607930989,510.8376447839079,1.7993,0.0078
0.02,20.0,150,0,22.131309760317098,440.381971616541,1.7994,0.009
0.02,20.0,150,1,26.92347214579132,362.6056012336423,1.7988,0.0197
0.02,20.0,150,0,23.978427307280494,608.1784386384353,1.7994,0.0065
0.02,20.0,150,2,31.128785067011584,447.21975779638854,1.7984,0.0221
0.02,20.0,150,2,27.091746024257407,427.9904210763889,1.7984,0.0231
0.02,20.0,150,1,21.355164609131077,356.758693793892,1.7987,0.02
0.02,20.0,150,0,21.93379105320238,534.2787621565265,1.7994,0.0074
0.02,20.0,150,2,21.120542273002822,494.84783040848345,1.7982,0.02
0.02,20.0,150,0,22.42609046137853,423.86397872740287,1.7994,0.0093
0.02,20.0,150,1,19.2879059225166,510.6993048480655,1.7987,0.014
0.02,20.0,150,2,21.892881002884856,431.65788335350675,1.7984,0.0229
0.02,20.0,150,0,27.51796401581616,390.9583281984867,1.7993,0.0101
0.02,20.0,150,1,31.87291094416191,490.876691997134,1.7988,0.0145
0.02,20.0,150,0,27.880710840360834,479.6991373752822,1.7994,0.0083
0.02,20.0,150,2,20.7172170304901,360.8763652540099,1.7985,0.0274
0.02,20.0,150,2,19.30122722511614,398.6339237981291,1.7982,0.0248
0.02,20.0,150,2,25.26070120946757,373.7978956123309,1.7985,0.0265
0.02,20.0,150,2,28.14742588965193,661.0700247278585,1.7983,0.015
0.02,20.0,150,2,26.160000358758726,678.2824914085438,1.7983,0.0146
0.02,20.0,150,0,18.86128754391992,497.5993392570623,1.7993,0.008
0.02,20.0,150,0,28.493041613389607,358.4593180160911,1.7993,0.011
0.02,20.0,150,2,18.814578520993756,555.6965349685446,1.7985,0.0178
0.02,20.0,150,2,29.892322472047606,479.3473399249897,1.7985,0.0207
0.02,20.0,150,1,20.750913648419036,667.220880610035,1.7989,0.0107
0.02,20.0,150,2,27.524524348477776,376.1248698992109,1.7982,0.0263
0.02,20.0,150,1,28.17461383173882,430.04506742960257,1.7989,0.0166
0.02,20.0,150,0,25.683176792583367,746.7765420750752,1.7993,0.0053
0.02,20.0,150,0,31.605807289409327,500.6346833123867,1.7994,0.0079
0.02,20.0,150,2,27.57354564241377,419.425109095768,1.7985,0.0236
0.02,20.0,150,2,18.545448529369686,687.4427833496554,1.7982,0.0144
0.02,20.0,150,2,24.352130706632842,370.7005858056257,1.7984,0.0267
0.02,20.0,150,0,26.26722394036505,571.1482100962141,1.7993,0.0069
0.02,20.0,150,1,20.36242001175737,501.2990848707924,1.7987,0.0142
0.02,20.0,150,2,27.129892188056168,395.9354433409268,1.7984,0.025
0.02,20.0,150,0,29.977217521846242,721.3659396557072,1.7994,0.0055
0.02,20.0,150,1,26.413606068374058,476.09473832314814,1.7989,0.015
0.02,20.0,150,1,24.223971092598006,374.94175592838474,1.7987,0.019
0.02,20.0,150,2,31.142027307129673,693.9045322142857,1.7985,0.0143
0.02,20.0,150,2,22.791742049364338,640.4636140527617,1.7982,0.0155
0.02,20.0,150,1,18.163744067945256,471.94783853295917,1.7988,0.0151
0.02,20.0,150,0,22.611734046860207,503.1090456890529,1.7994,0.0079
0.02,20.0,150,1,21.740445246438473,491.0876433828464,1.7988,0.0145
0.02,20.0,150,2,21.991207066406012,568.6555330248648,1.7985,0.0174
0.02,20.0,150,1,31.746443218746613,741.2311669274611,1.7988,0.0096
0.02,20.0,150,2,28.15583384304262,693.1393387003671,1.7982,0.0143
0.02,20.0,150,0,22.2578908417184,464.1288569623612,1.7993,0.0085
0.02,20.0,150,1,27.322880953693456,747.4212811855227,1.7989,0.0095
0.02,20.0,150,2,27.899916850018762,676.6619369478392,1.7983,0.0146
0.02,20.0,150,1,20.38263842577109,572.7465836987424,1.7988,0.0124
0.02,20.0,150,2,28.402831590941425,415.0169683479683,1.7982,0.0239
0.02,20.0,150,0,20.067110872493565,439.59505744705166,1.7993,0.009
0.02,20.0,150,2,24.9050053689841,407.81627924707027,1.7984,0.0243
0.02,20.0,150,1,21.09015504329072,620.9302437158769,1.7988,0.0115
0.02,20.0,150,2,30.003147145745537,383.03051185659115,1.7984,0.0258
0.02,20.0,150,1,25.642470091219955,540.7706847017479,1.7988,0.0132
0.02,20.0,150,2,30.87950767273673,497.11298493522014,1.7983,0.0199
0.02,20.0,150,2,31.949045171886688,540.3361315436681,1.7984,0.0183
0.02,20.0,150,2,18.73292680427432,510.4710218822259,1.7983,0.0194
0.02,20.0,150,1,26.161008527173905,483.0935378713459,1.7989,0.0148
0.02,20.0,150,1,24.528542565407168,461.40364866468167,1.7989,0.0155
0.02,20.0,150,2,25.96119360771931,501.67155382814593,1.7983,0.0197
0.02,20.0,150,1,18.71352215034009,515.5038058653481,1.7989,0.0138
0.02,20.0,150,0,31.36567826836295,607.8670831108186,1.7993,0.0065
0.02,20.0,150,2,18.077637336719345,432.73063713719785,1.7983,0.0229
0.02,20.0,150,0,21.308590913706567,650.7981170240749,1.7993,0.0061
0.02,20.0,150,0,28.667093999259116,550.0424436368121,1.7993,0.0072
0.02,20.0,150,0,20.16622471548085,397.19759965608216,1.7994,0.01
0.02,20.0,150,0,30.070986144056505,585.5060499941169,1.7993,0.0068
0.02,20.0,150,0,24.656073498820568,409.2487809049099,1.7993,0.0097
0.02,20.0,150,2,24.930030159491597,490.4155519316273,1.7984,0.0202
0.02,20.0,150,0,25.720526832054126,554.7698182787173,1.7994,0.0071
0.02,20.0,150,1,18.98012290590255,368.98696731772986,1.7987,0.0193
0.02,20.0,150,1,18.502618471481348,562.0358439152378,1.7989,0.0127
0.02,20.0,150,1,20.58706509135534,461.6333766323136,1.7988,0.0154
0.02,20.0,150,2,22.778400448378605,383.9690811186702,1.7983,0.0258
0.02,20.0,150,2,23.44967916594885,418.6298403811903,1.7984,0.0237
0.02,20.0,150,2,27.898345869667505,731.3404693714854,1.7985,0.0135
0.02,20.0,150,2,22.03835246625646,496.4124530895632,1.7983,0.0199
0.02,20.0,150,0,23.16364548701199,737.2187062797987,1.7993,0.0054
0.02,20.0,150,1,24.3085569816592,747.5319092594332,1.7989,0.0095
0.02,20.0,150,2,26.492851464635645,572.1496985775227,1.7984,0.0173
0.02,20.0,150,1,18.22668107693452,620.9359305860378,1.7988,0.0115
0.02,20.0,150,2,22.023448229774136,535.4063319893626,1.7983,0.0185
0.02,20.0,150,1,28.826064612212885,626.3535768313129,1.7988,0.0114
0.02,20.0,150,0,29.008118094561354,475.21048536494914,1.7993,0.0083
0.02,20.0,150,0,29.930275527559484,499.1191148847493,1.7993,0.0079
0.02,20.0,150,1,19.66437029843919,562.1677316454508,1.7988,0.0127
0.02,20.0,150,1,31.88676874245581,608.0040513286863,1.7987,0.0117
0.02,20.0,150,2,27.235080594706325,560.6969805717681,1.7983,0.0177
0.02,20.0,150,2,19.88166190158524,518.9216475684761,1.7982,0.0191
0.02,20.0,150,1,29.216032738484824,525.5013330521131,1.7989,0.0136
0.02,20.0,150,2,23.449728546600717,384.2827575656776,1.7983,0.0258
0.02,20.0,150,0,29.916958273056576,432.4561918574585,1.7994,0.0092
0.02,20.0,150,2,31.553147385956898,521.5824253167419,1.7984,0.019
0.02,20.0,150,0,27.541483701997706,512.8074234971582,1.7993,0.0077
0.02,20.0,150,2,31.753714125857094,376.282849752728,1.7982,0.0263
0.02,20.0,150,1,30.746587544851113,532.7057802413708,1.7988,0.0134
0.02,20.0,150,0,29.856150582080694,695.8341930225097,1.7993,0.0057
0.02,20.0,150,0,18.125765596431307,412.16167830849673,1.7994,0.0096
0.02,20.0,150,1,24.749276625266162,679.4802736923623,1.7988,0.0105
0.02,20.0,150,0,22.5523234339554,561.8500304847939,1.7994,0.007
0.02,20.0,150,1,25.42308531961603,358.15132312726513,1.7988,0.0199
0.02,20.0,150,0,26.72746545612946,565.4299669932636,1.7993,0.007
0.02,20.0,150,1,20.770144878846786,595.9533734881093,1.7988,0.012
0.02,20.0,150,0,27.470028423292455,351.8394450481873,1.7993,0.0113
0.02,20.0,150,1,25.94266036950244,481.3747368989359,1.7989,0.0148
0.02,20.0,150,0,24.68817952341924,590.2972101889774,1.7993,0.0067
0.02,20.0,150,0,26.04882873572913,453.4619517918199,1.7994,0.0087
0.02,20.0,150,1,28.668279118100774,439.24300515345686,1.7989,0.0162
0.02,20.0,150,2,19.618158932112348,625.9349808786906,1.7984,0.0158
0.02,20.0,150,2,25.013008205834087,379.2809073917485,1.7985,0.0261
0.02,20.0,150,2,21.335253802046633,649.6204799936452,1.7984,0.0152
0.02,20.0,150,1,25.14446702084307,390.5814415159821,1.7989,0.0183
0.02,20.0,150,1,29.031495331799583,513.0238879675402,1.7988,0.0139
0.02,20.0,150,1,18.976157832286944,425.71818509202245,1.7987,0.0167
0.02,20.0,150,1,19.663218886942804,405.1638551813198,1.7988,0.0176
0.02,20.0,150,0,29.225076209638456,366.88046149700676,1.7993,0.0108
0.02,20.0,150,2,27.51343249703833,661.9807752636087,1.7984,0.015
0.02,20.0,150,2,25.125069000489518,591.0691638130368,1.7985,0.0168
0.02,20.0,150,0,19.167086808515574,485.19112688773464,1.7993,0.0082
0.02,20.0,150,0,26.141753008959803,508.7126587520686,1.7994,0.0078
0.02,20.0,150,1,22.706434378755453,436.59185279603804,1.7989,0.0163
0.02,20.0,150,0,30.09228716729982,592.2914350117245,1.7994,0.0067
0.02,20.0,150,2,18.426369989986302,714.9543383592762,1.7985,0.0138
0.02,20.0,150,1,25.94612194614117,748.1241336492985,1.7989,0.0095
0.02,20.0,150,0,31.73207288939386,744.8892839332188,1.7993,0.0053
0.02,20.0,150,2,30.873495732484002,380.04588344430925,1.7983,0.0261
0.02,20.0,150,0,19.40360261660953,434.4264570447684,1.7993,0.0091
0.02,20.0,150,1,30.811348879237578,504.78267301051176,1.7989,0.0141
0.02,20.0,150,1,29.056404886583532,429.8841921590983,1.7989,0.0166
0.02,20.0,150,0,18.11204381836888,587.6875954395761,1.7994,0.0067
0.02,20.0,150,2,30.55522117051224,478.34038184052,1.7982,0.0207
0.02,20.0,150,1,29.702695004868488,626.4001933539521,1.7989,0.0114
0.02,20.0,150,1,25.433300683943273,405.73792063815125,1.7989,0.0176
0.02,20.0,150,1,18.115946554853355,491.84494913580033,1.7988,0.0145
0.02,20.0,150,2,20.420085684256218,546.4546218281126,1.7984,0.0181
0.02,20.0,150,2,18.12075219457889,490.6122817086533,1.7984,0.0202
0.02,20.0,150,0,28.929198172653265,456.6044243306543,1.7993,0.0087
0.02,20.0,150,2,26.783789984123075,449.9075782658024,1.7983,0.022
0.02,20.0,150,0,23.882423558948073,401.206151948493,1.7994,0.0099
0.02,20.0,150,0,31.33868508302279,366.4302206272423,1.7993,0.0108
0.02,20.0,150,2,27.261951714156076,681.4613667901131,1.7984,0.0145
0.02,20.0,150,2,24.113880535505537,497.35293933181407,1.7982,0.0199
0.02,20.0,150,1,31.61609859268014,749.6102047786076,1.7988,0.0095
0.02,20.0,150,1,24.22331485214933,435.15629828566597,1.7988,0.0164
0.02,20.0,150,0,19.687710755350004,539.0817871551636,1.7993,0.0073
0.02,20.0,150,1,20.392185205433616,362.5138701176461,1.7988,0.0197
0.02,20.0,150,1,19.958190792051735,435.36153575532705,1.7989,0.0164
0.02,20.0,150,2,31.250063310558026,415.86409123660957,1.7982,0.0238
0.02,20.0,150,0,27.879679891050344,381.6582174776196,1.7993,0.0104
0.02,20.0,150,2,26.3626469512231,749.5254927614294,1.7985,0.0132
0.02,20.0,150,2,22.920706445652655,428.98007251225795,1.7982,0.0231
0.02,20.0,150,1,24.700725617054946,440.6035253291697,1.7989,0.0162
0.02,20.0,150,1,30.110652454012392,708.7050995169437,1.7987,0.0101
0.02,20.0,150,2,24.109771702586617,734.130491354502,1.7983,0.0135
0.02,20.0,150,1,23.395302545637104,486.1520013487775,1.7988,0.0147
0.02,20.0,150,2,22.694416907397592,587.8824648819171,1.7983,0.0168
0.02,20.0,150,1,30.653468891260353,737.25793781414,1.7987,0.0097
0.02,20.0,150,0,24.263605595326073,722.9033713745002,1.7993,0.0055
0.02,20.0,150,0,27.626015756891917,676.0707424794518,1.7994,0.0059
0.02,20.0,150,1,19.792316804638737,537.7713811408967,1.7989,0.0133
0.02,20.0,150,0,20.267348730506022,493.8698125987489,1.7993,0.008
0.02,20.0,150,2,20.436784856025945,679.2867867693437,1.7985,0.0146
0.02,20.0,150,0,25.02799651925371,653.5109946815924,1.7993,0.0061
0.02,20.0,150,2,23.7091770639607,595.6610188208648,1.7983,0.0166
0.02,20.0,150,0,24.02519487216707,722.6511572330008,1.7993,0.0055
0.02,20.0,150,0,28.904704172764998,450.1573715867747,1.7993,0.0088
0.02,20.0,150,0,30.665209640475098,353.7720715252264,1.7993,0.0112
0.02,20.0,150,0,31.428488320731432,663.4044484346514,1.7993,0.006
0.02,20.0,150,1,18.50304327668852,387.1507092936614,1.7988,0.0184
0.02,20.0,150,2,30.33507367287235,503.3597217723602,1.7982,0.0197
0.02,20.0,150,2,25.289483592226922,543.5246810307725,1.7983,0.0182
0.02,20.0,150,2,18.490448346709865,504.20588658155583,1.7985,0.0196
0.02,20.0,150,1,31.30301595545646,361.97583916073614,1.7989,0.0197
0.02,20.0,150,0,24.171610379563347,558.2653565590387,1.7993,0.0071
0.02,20.0,150,2,20.370691106898906,413.7902017589278,1.7982,0.0239
0.02,20.0,150,0,29.32890681846975,556.8779869650164,1.7993,0.0071
0.02,20.0,150,1,22.5346596028925,636.0221819809453,1.7988,0.0112
0.02,20.0,150,0,20.148946077793333,403.41646192250306,1.7993,0.0098
0.02,20.0,150,2,28.73134917642594,375.392792702385,1.7984,0.0264
0.02,20.0,150,2,30.91314920797491,570.106805393264,1.7983,0.0174
0.02,20.0,150,0,31.280707715095918,631.390921075908,1.7993,0.0063
0.02,20.0,150,0,19.026321423601637,667.0873932582915,1.7993,0.0059
0.02,20.0,150,1,26.952648002937792,494.1955669584713,1.7988,0.0144
0.02,20.0,150,1,24.554114508982003,748.712182148688,1.7988,0.0095
0.02,20.0,150,2,20.408965276353516,749.6096191809337,1.7984,0.0132
0.02,20.0,150,0,25.28176864179434,411.48437720569837,1.7993,0.0096
0.02,20.0,150,1,29.42012160041116,672.8508458394101,1.7988,0.0106
0.02,20.0,150,2,29.157774519531962,597.136660120806,1.7984,0.0166
0.02,20.0,150,1,26.935235937725643,527.3808761132036,1.7987,0.0135
0.02,20.0,150,0,20.975779437376236,601.2263528997142,1.7994,0.0066
0.02,20.0,150,1,27.770692177569295,407.65413504629464,1.7987,0.0175
0.02,20.0,150,1,27.692800798934513,385.9178774088115,1.7988,0.0185
0.02,20.0,150,1,24.951928846768162,466.3219413588458,1.7988,0.0153
0.02,20.0,150,1,27.486391228053183,747.4010901751055,1.7988,0.0095
0.02,20.0,150,1,26.107580379054063,555.336795657065,1.7989,0.0128
0.02,20.0,150,0,22.919439882624765,556.0126591581457,1.7993,0.0071
0.02,20.0,150,1,22.32954731981471,583.9418075711211,1.7987,0.0122
0.02,20.0,150,1,22.132607056515997,706.0382166977545,1.7989,0.0101
0.02,20.0,150,2,24.400389784940955,724.3353026486138,1.7985,0.0137
0.02,20.0,150,2,31.744751437429098,463.45291162021726,1.7983,0.0214
0.02,20.0,150,2,31.817962768199273,647.5957145793186,1.7983,0.0153
0.02,20.0,150,0,30.693238448028882,394.3793974380858,1.7993,0.01
0.02,20.0,150,1,31.455916106689617,500.5175367246135,1.7989,0.0142
0.02,20.0,150,1,26.394581590529437,684.0748807583525,1.7988,0.0104
0.02,20.0,150,0,18.421008808361623,453.6708815901951,1.7994,0.0087
0.02,20.0,150,1,26.763576669201694,426.1378291030232,1.7988,0.0167
0.02,20.0,150,2,24.182146216101785,531.6922888276084,1.7985,0.0186
0.02,20.0,150,2,25.79662626712966,360.64140455902015,1.7984,0.0275
0.02,20.0,150,1,29.702571051580904,443.58475000681455,1.7988,0.0161
0.02,20.0,150,2,23.6397193828808,411.95219642672487,1.7984,0.024
0.02,20.0,150,1,31.01572418003756,569.9306270865769,1.7987,0.0125
0.02,20.0,150,1,26.012424331278215,509.58571331428305,1.7988,0.014
0.02,20.0,150,2,28.139790891573966,609.610135707954,1.7983,0.0162
0.02,20.0,150,2,21.261924842774256,671.4085518118079,1.7982,0.0147
0.02,20.0,150,0,18.234022057550803,501.4934897908082,1.7994,0.0079
0.02,20.0,150,1,30.21779312882299,537.0323389417898,1.7988,0.0133
0.02,20.0,150,2,20.932187622127383,506.2614236713031,1.7983,0.0196
0.02,20.0,150,0,22.38792519438134,557.5599336060782,1.7993,0.0071
0.02,20.0,150,1,24.307824300869633,671.0121739046876,1.7988,0.0106
0.02,20.0,150,2,23.05186693276605,416.619493100092,1.7985,0.0238
0.02,20.0,150,1,24.104051534692502,610.6185788096275,1.7988,0.0117
0.02,20.0,150,0,27.62869581168372,735.5437938676303,1.7993,0.0054
0.02,20.0,150,0,26.957657213294414,599.1342571852796,1.7993,0.0066
0.02,20.0,150,0,30.763813603177425,677.0511614411989,1.7993,0.0058
0.02,20.0,150,2,24.99094815361046,574.3657952775397,1.7982,0.0172
0.02,20.0,150,1,21.367878162189673,695.4504375583992,1.7989,0.0103
0.02,20.0,150,1,31.18583215676508,487.1900909599325,1.7987,0.0146
0.02,20.0,150,0,24.312861118634487,677.4037693084672,1.7993,0.0058
0.02,20.0,150,2,23.94721304529263,551.5746088881051,1.7982,0.018
0.02,20.0,150,0,21.355241476309892,611.4731341323942,1.7994,0.0065
0.02,20.0,150,2,31.062614367676826,444.34365751914606,1.7983,0.0223
0.02,20.0,150,2,19.180534273494025,399.1050147989756,1.7982,0.0248
0.02,20.0,150,0,21.616895556825266,564.3645999616011,1.7994,0.007
0.02,20.0,150,1,18.180093593868413,514.3826107382093,1.7987,0.0139
0.02,20.0,150,0,18.264824580526497,608.6737707394782,1.7993,0.0065
0.02,20.0,150,2,28.59267850130273,440.74734206383226,1.7983,0.0225
0.02,20.0,150,0,31.614132388558723,454.90041956500124,1.7994,0.0087
0.02,20.0,150,2,30.83290245196362,719.7242696323307,1.7984,0.0138
0.02,20.0,150,2,20.554612430325605,520.2936261267191,1.7985,0.019
0.02,20.0,150,0,31.441809253253524,613.5093788854604,1.7993,0.0065
0.02,20.0,150,1,26.276192632519226,624.9696540368757,1.7989,0.0114
0.02,20.0,150,2,31.840683103459476,425.122661324809,1.7985,0.0233
0.02,20.0,150,2,21.943390028797186,726.9940865517046,1.7984,0.0136
0.02,20.0,150,2,31.844216577204023,605.422025332427,1.7983,0.0164
0.02,20.0,150,1,18.31113222373871,603.2325674924309,1.7988,0.0118
0.02,20.0,150,2,29.948593852075128,579.7191869756987,1.7982,0.0171
0.02,20.0,150,0,26.300499237795506,358.410571730069,1.7993,0.0111
0.02,20.0,150,0,24.72110135004275,660.8033370631058,1.7994,0.006
0.02,20.0,150,2,29.458152385371612,450.81049719857015,1.7982,0.022
0.02,20.0,150,2,25.82489537500892,584.2073203616843,1.7984,0.0169
0.02,20.0,150,2,25.591652928071653,666.0936938101793,1.7984,0.0149
0.02,20.0,150,2,19.224315844509228,634.2275565942953,1.7982,0.0156
0.02,20.0,150,0,30.75064456951894,707.0592187985795,1.7994,0.0056
0.02,20.0,150,1,29.024387434384845,386.49643192085244,1.7989,0.0184
0.02,20.0,150,1,24.45706303515154,397.503541170526,1.7987,0.0179
0.02,20.0,150,0,28.39119776423622,571.8325762294584,1.7993,0.0069
0.02,20.0,150,2,18.590524338905137,742.9897809258963,1.7985,0.0133
0.02,20.0,150,1,26.36599969638892,576.1175895515426,1.7989,0.0124
0.02,20.0,150,0,28.40537433519193,545.1694705480888,1.7993,0.0073
0.02,20.0,150,1,22.718975725720533,719.5002857994128,1.7988,0.0099
0.02,20.0,150,2,21.35674976311889,659.2666038047118,1.7983,0.015
0.02,20.0,150,0,29.419803341638712,714.3259499100404,1.7994,0.0055
0.02,20.0,150,1,21.51921975546859,678.4633071292759,1.7988,0.0105
0.02,20.0,150,1,24.977682369435563,638.7982136098522,1.7987,0.0112
0.02,20.0,150,2,28.389578598821615,382.8294682008036,1.7985,0.0259
0.02,20.0,150,0,24.88539912738036,723.6645877153419,1.7993,0.0055
0.02,20.0,150,0,20.031606411803395,511.90645750220847,1.7993,0.0077
0.02,20.0,150,0,26.121706495596445,537.6405215522008,1.7994,0.0074
0.02,20.0,150,0,18.410153140685978,605.3462185760919,1.7994,0.0065
0.02,20.0,150,0,23.67902910254982,586.550697123189,1.7994,0.0068
0.02,20.0,150,1,19.57173409149434,648.9961084486462,1.7988,0.011
0.02,20.0,150,2,27.611116948339554,466.352936763079,1.7983,0.0212
0.02,20.0,150,0,30.58979702907661,476.2060311769833,1.7993,0.0083
0.02,20.0,150,2,27.524587622858252,440.13771921187964,1.7984,0.0225
0.02,20.0,150,1,29.275501268693823,429.7113787010013,1.7989,0.0166
0.02,20.0,150,2,23.878993968988908,614.2598535244315,1.7983,0.0161
0.02,20.0,150,0,28.111810362118042,577.8366986169642,1.7994,0.0069
0.02,20.0,150,1,21.51137075836403,482.9599320285321,1.7988,0.0148
0.02,20.0,150,0,28.26407366691681,614.0056380028648,1.7993,0.0065
0.02,20.0,150,2,31.978324815032366,367.4076696052389,1.7985,0.0269
0.02,20.0,150,2,24.21269291293971,611.6643421514634,1.7983,0.0162
0.02,20.0,150,0,27.790485148669617,658.7799231411636,1.7993,0.006
0.02,20.0,150,2,28.459561584719168,582.7478528673124,1.7984,0.017
0.02,20.0,150,2,21.44973305465365,442.7482669886949,1.7983,0.0224
0.02,20.0,150,0,31.107530981687518,436.41447356068466,1.7993,0.0091
0.02,20.0,150,2,27.569977349512868,662.134967606874,1.7984,0.015
0.02,20.0,150,0,19.366203086417386,676.7800885540671,1.7994,0.0059
0.02,20.0,150,1,26.794295194535014,364.5922325908892,1.7988,0.0196
0.02,20.0,150,0,20.303487337584485,358.96145336524484,1.7993,0.011
0.02,20.0,150,0,28.169575658564575,665.6550215178504,1.7994,0.0059
0.02,20.0,150,1,22.624127550929344,711.8379439959872,1.7989,0.01
0.02,20.0,150,1,30.412038689897116,607.0889803912689,1.7988,0.0117
0.02,20.0,150,0,20.570773513861372,591.011098079393,1.7993,0.0067
0.02,20.0,150,1,22.080548020341716,492.7583652946281,1.7987,0.0145
0.02,20.0,150,1,28.3447539626932,715.5042943860731,1.7989,0.01
0.02,20.0,150,1,28.886540320523274,552.8104709522158,1.7988,0.0129
0.02,20.0,150,0,18.884764926647065,742.2712730507404,1.7993,0.0053
0.02,20.0,150,1,27.024914269458037,580.005271108965,1.7988,0.0123
0.02,20.0,150,0,30.3690872820938,602.9600768275025,1.7994,0.0066
0.02,20.0,150,0,31.239721982087758,667.9567745236616,1.7993,0.0059
0.02,20.0,150,1,29.525335613822094,727.5975866594281,1.7989,0.0098
0.02,20.0,150,1,25.827914137159425,574.2529480483843,1.7989,0.0124
0.02,20.0,150,2,24.919405505951715,599.144105578938,1.7985,0.0165
0.02,20.0,150,2,25.264911140908744,703.6431240724271,1.7984,0.0141
0.02,20.0,150,2,31.59500015635706,600.4768197778587,1.7985,0.0165
0.02,20.0,150,0,19.98240082540327,405.4500199236862,1.7994,0.0098
0.02,20.0,150,0,18.48345588016611,589.2267425077127,1.7994,0.0067
0.02,20.0,150,0,25.888204174221713,623.8938030311301,1.7993,0.0063
0.02,20.0,150,1,26.791667983544656,351.22261366855525,1.7989,0.0203
0.02,20.0,150,1,23.17509981653071,676.3786565516034,1.7988,0.0105
0.02,20.0,150,1,30.36582792023507,652.794191471374,1.7989,0.0109
0.02,20.0,150,0,25.262475273630983,479.1667983318289,1.7993,0.0083
0.02,20.0,150,0,26.624278721059454,414.8649249974254,1.7993,0.0095
0.02,20.0,150,2,20.880955027398098,644.8982338343942,1.7985,0.0154
0.02,20.0,150,2,29.264042260150887,708.9473782097753,1.7984,0.014
0.02,20.0,150,2,30.50834147802003,461.7322769265563,1.7984,0.0214
0.02,20.0,150,0,19.6375504394903,589.8119074941118,1.7994,0.0067
0.02,20.0,150,2,24.210959614469292,483.72819639148486,1.7983,0.0205
0.02,20.0,150,0,18.149240755710743,386.8648701395347,1.7993,0.0102
0.02,20.0,150,0,28.619306985524553,390.0771067667464,1.7993,0.0102
0.02,20.0,150,2,24.17825030334167,689.5866562445522,1.7982,0.0144
0.02,20.0,150,2,30.714980497366177,746.1761967815742,1.7982,0.0133
0.02,20.0,150,0,26.398393890872406,552.3242063354907,1.7993,0.0072
0.02,20.0,150,2,27.413148979646863,608.2585230774038,1.7983,0.0163
0.02,20.0,150,2,21.913608397972823,714.9779318326326,1.7985,0.0138
0.02,20.0,150,2,24.355961770238217,389.36826225465023,1.7983,0.0254
0.02,20.0,150,0,19.084210294481124,742.4975122919541,1.7994,0.0053
0.02,20.0,150,2,22.761563987371133,694.2569890882169,1.7982,0.0143
0.02,20.0,150,2,28.602721372878964,456.88902282671,1.7983,0.0217
0.02,20.0,150,2,29.152525429688467,694.2399776728447,1.7982,0.0143
0.02,20.0,150,1,22.698562108825215,630.2395051621211,1.7987,0.0113
0.02,20.0,150,0,29.575052271019885,441.1502899074653,1.7993,0.009
0.02,20.0,150,0,23.494986810083425,576.5055133846708,1.7994,0.0069
0.02,20.0,150,1,19.141779670656078,489.97777465921433,1.7987,0.0145
0.02,20.0,150,0,24.814502162781164,713.2286217692831,1.7993,0.0056
0.02,20.0,150,0,27.608238171096588,433.218020598062,1.7993,0.0091
0.02,20.0,150,2,30.133752617489108,731.4145552879847,1.7984,0.0135
0.02,20.0,150,2,30.96479315605987,740.3077372491942,1.7984,0.0134
0.02,20.0,150,0,28.28366091883828,648.1518308787593,1.7993,0.0061
0.02,20.0,150,2,27.1676561071009,730.0773326690891,1.7984,0.0136
0.02,20.0,150,0,29.262390981548737,484.6863018085629,1.7993,0.0082
0.02,20.0,150,2,24.379314702143624,483.3368694852697,1.7982,0.0205
0.02,20.0,150,1,24.133394599337166,584.6809065122616,1.7989,0.0122
0.02,20.0,150,2,28.580246950120884,607.565236610374,1.7983,0.0163
0.02,20.0,150,0,30.955620311665342,608.5071317268597,1.7994,0.0065
0.02,20.0,150,1,26.01625155948901,704.7137170212214,1.7987,0.0101
0.02,20.0,150,2,24.9442329607883,388.6926195699093,1.7984,0.0255
0.02,20.0,150,2,22.93494667371706,591.2841612004374,1.7985,0.0167
0.02,20.0,150,2,22.97791748522167,432.6303317351681,1.7984,0.0229
0.02,20.0,150,2,23.424519837667148,532.4788316110129,1.7983,0.0186
0.02,20.0,150,2,29.015103129456435,745.2897057653743,1.7982,0.0133
0.02,20.0,150,0,23.490257538519646,385.24606346141786,1.7993,0.0103
0.02,20.0,150,2,25.945106040896153,664.5241577352908,1.7983,0.0149
0.02,20.0,150,0,23.35893131004206,392.8765059444141,1.7993,0.0101
0.02,20.0,150,1,18.212883656724042,643.2931375567932,1.7987,0.0111
0.02,20.0,150,0,22.540277127498946,704.7935385663179,1.7994,0.0056
0.02,20.0,150,1,28.54127719776126,506.0119619097364,1.7988,0.0141
0.02,20.0,150,2,29.803534190846182,666.0394422533553,1.7983,0.0149
0.02,20.0,150,0,31.132630728590343,550.5080821562398,1.7994,0.0072
0.02,20.0,150,1,29.906852960458803,685.2416496992603,1.7987,0.0104
0.02,20.0,150,0,21.70611195094754,620.577237092108,1.7993,0.0064
0.02,20.0,150,2,28.29647773501175,564.3398868690211,1.7983,0.0175
0.02,20.0,150,0,23.61261438396481,389.21832678215355,1.7993,0.0102
0.02,20.0,150,2,31.57539423864204,557.0759149888495,1.7984,0.0178
0.02,20.0,150,0,21.546464921437803,572.283191621153,1.7993,0.0069
0.02,20.0,150,1,22.907143848381224,711.4670643031187,1.7987,0.01
0.02,20.0,150,0,26.002509041571592,565.9376598231943,1.7994,0.007
0.02,20.0,150,2,31.80592218115403,733.1522358922543,1.7983,0.0135
0.02,20.0,150,1,26.041220818216498,632.8021010420512,1.7989,0.0113
0.02,20.0,150,1,27.53246867666594,379.006069819413,1.7989,0.0188
0.02,20.0,150,2,18.050021239621955,517.4444368418235,1.7983,0.0191
0.02,20.0,150,0,20.34583664513728,722.1586602772298,1.7994,0.0055
0.02,20.0,150,2,22.501777927710588,569.6811672584346,1.7982,0.0174
0.02,20.0,150,0,20.252711377145488,680.6622510521275,1.7994,0.0058
0.02,20.0,150,0,28.044213134770562,384.869873064783,1.7993,0.0103
0.02,20.0,150,2,25.29850707047256,501.2641081429621,1.7984,0.0198
0.02,20.0,150,0,18.1491168763637,620.4439511821131,1.7993,0.0064
0.02,20.0,150,1,20.61908244329807,657.5109104486235,1.7987,0.0108
0.02,20.0,150,2,31.30727632107056,500.4062577237769,1.7984,0.0198
0.02,20.0,150,0,24.63804195549759,579.2133944697594,1.7993,0.0068
0.02,20.0,150,1,21.01392514624279,452.55041855923855,1.7989,0.0158
0.02,20.0,150,2,24.055055155820437,450.23940930494393,1.7982,0.022
0.02,20.0,150,2,29.846902618347897,573.0371105415029,1.7985,0.0173
0.02,20.0,150,0,24.63118105216458,436.29853782623866,1.7993,0.0091
0.02,20.0,150,2,22.216614793892845,712.501584233574,1.7984,0.0139
0.02,20.0,150,1,21.945620251920367,370.90054230297136,1.7989,0.0192
0.02,20.0,150,1,19.476896160531325,630.0845539779787,1.7987,0.0113
0.02,20.0,150,2,23.747282550290144,416.2380385725977,1.7982,0.0238
0.02,20.0,150,0,30.16484873366118,632.3076285775896,1.7993,0.0063
0.02,20.0,150,2,20.665072615210615,463.8433506889581,1.7982,0.0213
0.02,20.0,150,1,22.68439820473404,463.3872081449823,1.7988,0.0154
0.02,20.0,150,0,26.46921663268489,418.4366439926997,1.7993,0.0095
0.02,20.0,150,0,21.353013438855296,647.2743104393592,1.7994,0.0061
0.02,20.0,150,0,26.0681898842902,372.44796182376206,1.7994,0.0106
0.02,20.0,150,0,30.620354447958057,676.4371112999042,1.7993,0.0059
0.02,20.0,150,1,18.71541697535805,609.0617915347532,1.7988,0.0117
0.02,20.0,150,0,21.81974564970122,680.2213692309749,1.7993,0.0058
0.02,20.0,150,1,29.368615910161765,645.4542614411541,1.7989,0.011
0.02,20.0,150,1,26.35217398078185,554.1812664962752,1.7987,0.0129
0.02,20.0,150,0,21.566660967143978,460.0159267585645,1.7994,0.0086
0.02,20.0,150,1,19.19724996703536,544.6370845362328,1.7987,0.0131
0.02,20.0,150,1,29.91703278940114,586.0051982443285,1.7987,0.0122
0.02,20.0,150,2,28.002170324566134,443.7113169583745,1.7982,0.0223
0.02,20.0,150,0,21.643078651396596,654.3437030452665,1.7994,0.0061
0.02,20.0,150,0,21.00916224652314,409.874005590179,1.7993,0.0097
0.02,20.0,150,1,21.96279445531924,594.7996589494495,1.7987,0.012
0.02,20.0,150,1,22.25650116739079,633.7127778446006,1.7989,0.0112
0.02,20.0,150,2,25.198204845214434,491.2451994092477,1.7983,0.0202
0.02,20.0,150,1,20.185147162301945,665.7771171251729,1.7989,0.0107
0.02,20.0,150,2,30.35490227871285,450.2602945117285,1.7983,0.022
0.02,20.0,150,2,31.443321200545036,704.8267513564554,1.7982,0.014
0.02,20.0,150,0,24.75071789145712,580.420231556741,1.7994,0.0068
0.02,20.0,150,2,25.436568302211384,614.742372506892,1.7984,0.0161
0.02,20.0,150,2,28.639042901142048,589.1046990693623,1.7984,0.0168
0.02,20.0,150,1,30.054213866824718,709.1241933944602,1.7988,0.0101
0.02,20.0,150,0,27.241745375477308,604.7752397117896,1.7993,0.0065
0.02,20.0,150,0,18.299373349262382,555.1951316344989,1.7993,0.0071
0.02,20.0,150,1,30.269304770479664,707.3621694905087,1.7987,0.0101
0.02,20.0,150,0,30.89660094256741,455.9364299631875,1.7993,0.0087
0.02,20.0,150,1,26.204845940173627,504.99085548170626,1.7987,0.0141
0.02,20.0,150,2,31.263129562079826,630.9059050672909,1.7984,0.0157
0.02,20.0,150,1,29.877966634314063,536.872397185133,1.7988,0.0133
0.02,20.0,150,0,22.065401097675533,549.9212208987384,1.7993,0.0072
0.02,20.0,150,0,21.236131231504825,523.5491902100921,1.7993,0.0076
0.02,20.0,150,0,19.70763929088611,584.9573611307228,1.7993,0.0068
0.02,20.0,150,2,27.713006184136336,548.7218224222183,1.7984,0.018
0.02,20.0,150,2,22.011165600425624,623.6954230529236,1.7983,0.0159
0.02,20.0,150,2,24.95958253508889,610.2314572513594,1.7982,0.0162
0.02,20.0,150,2,18.812490822223808,578.0736343932427,1.7984,0.0171
0.02,20.0,150,0,18.738570977195643,367.02943769484295,1.7993,0.0108
0.02,20.0,150,1,22.678975021959822,409.1628766046938,1.7988,0.0174
0.02,20.0,150,0,27.61949337461477,697.2651488279873,1.7994,0.0057
0.02,20.0,150,1,30.109712460015455,702.4374754586786,1.7989,0.0101
0.02,20.0,150,0,25.99079079288168,406.08643721694017,1.7993,0.0098
0.02,20.0,150,1,27.92925319356474,603.2610172673428,1.7988,0.0118
0.02,20.0,150,1,19.01127025811447,639.0895755553033,1.7988,0.0112
0.02,20.0,150,1,19.906081776809373,551.222160248771,1.7989,0.0129
0.02,20.0,150,1,23.59718431994126,518.8543561022443,1.7989,0.0137
0.02,20.0,150,1,29.655685406252914,514.7942809694343,1.7989,0.0138
0.02,20.0,150,0,27.616452832607806,747.143003832164,1.7993,0.0053
0.02,20.0,150,1,26.14167315439318,691.4437733977263,1.7989,0.0103
0.02,20.0,150,2,18.529737943496848,705.6921860188103,1.7982,0.014
0.02,20.0,150,2,23.3401017200472,360.8912772345535,1.7985,0.0274
0.02,20.0,150,1,25.025672794030193,498.39485584867384,1.7989,0.0143
0.02,20.0,150,2,25.623317185433287,387.08324117664375,1.7983,0.0256
0.02,20.0,150,0,29.105377774870018,737.547353900425,1.7994,0.0054
0.02,20.0,150,2,30.638891029453273,414.15901265265813,1.7983,0.0239
0.02,20.0,150,1,19.628789646771192,428.74441744591826,1.7988,0.0166
0.02,20.0,150,1,26.03347142571499,600.6895451314823,1.7988,0.0119
0.02,20.0,150,2,22.5747771603637,702.4212405265239,1.7984,0.0141
0.02,20.0,150,0,27.37815754090134,656.1444279591299,1.7994,0.006
0.02,20.0,150,2,31.55007827891797,529.9577628604183,1.7984,0.0187
0.02,20.0,150,1,18.07514826348158,606.6991700947658,1.7989,0.0118
0.02,20.0,150,1,24.945351647569446,401.430650065387,1.7988,0.0178
0.02,20.0,150,2,31.3571187483633,537.1552477675453,1.7984,0.0184
0.02,20.0,150,0,21.367302752831314,553.8790179840646,1.7993,0.0072
0.02,20.0,150,2,26.318861044953756,460.3073297454325,1.7985,0.0215
0.02,20.0,150,2,22.48047084933486,374.72974058381124,1.7983,0.0264
0.02,20.0,150,0,29.885694314251765,620.362044947298,1.7993,0.0064
0.02,20.0,150,0,28.13942220677474,442.71342010639194,1.7994,0.0089
0.02,20.0,150,2,30.28676460738778,535.5732959024256,1.7985,0.0185
0.02,20.0,150,1,31.878925263182254,391.58116482795117,1.7987,0.0182
0.02,20.0,150,1,28.661987132846797,668.3432767611591,1.7989,0.0107
0.02,20.0,150,1,25.447214449944834,571.7788129019282,1.7988,0.0125
0.02,20.0,150,1,30.24147774197109,695.5548456221417,1.7987,0.0102
0.02,20.0,150,0,28.25517972716118,729.4000198589818,1.7993,0.0054
0.02,20.0,150,1,28.706617359669846,676.3162807964336,1.7988,0.0105
0.02,20.0,150,1,29.646075514777365,519.0390200433565,1.7987,0.0137
0.02,20.0,150,1,19.127643591142345,649.1745981202571,1.7987,0.011
0.02,20.0,150,0,28.976929855845686,642.2365807946853,1.7994,0.0062
0.02,20.0,150,0,29.248962073370414,361.9367634238091,1.7994,0.0109
0.02,20.0,150,1,20.67861605265735,536.5769752807663,1.7988,0.0133
0.02,20.0,150,0,25.98024126935595,688.4798734797104,1.7994,0.0058
0.02,20.0,150,2,24.487496709534867,465.77431504385595,1.7982,0.0213
0.02,20.0,150,1,24.20799048323783,365.56740613192676,1.7988,0.0195
0.02,20.0,150,0,22.941151163606154,379.1165575590217,1.7994,0.0104
0.02,20.0,150,1,21.036217125742933,478.49476673637224,1.7987,0.0149
0.02,20.0,150,0,18.330004544304987,392.8188958270256,1.7993,0.0101
0.02,20.0,150,0,31.497656094229235,484.14499586265043,1.7993,0.0082
0.02,20.0,150,0,24.4074447244711,531.9022612327794,1.7993,0.0074
0.02,20.0,150,0,18.048238649002624,466.5784087566981,1.7994,0.0085
0.02,20.0,150,2,18.809219768513007,408.89713258198265,1.7985,0.0242
0.02,20.0,150,0,29.60709709919485,553.0366348688627,1.7993,0.0072
0.02,20.0,150,2,28.397381957261686,738.1404011642685,1.7984,0.0134
0.02,20.0,150,1,27.252369223242795,594.6079224906582,1.7989,0.012
0.02,20.0,150,0,23.114415637484704,373.53962311146597,1.7994,0.0106
0.02,20.0,150,1,21.700382763323095,517.8387114247141,1.7989,0.0138
0.02,20.0,150,0,23.17719047494325,667.0625948444856,1.7994,0.0059
0.02,20.0,150,1,25.203759537847212,448.0300031858209,1.7988,0.0159
0.02,20.0,150,1,18.217451191543965,723.1786416995883,1.7987,0.0099
0.02,20.0,150,2,20.121719256608007,711.0032995233021,1.7984,0.0139
0.02,20.0,150,2,22.42214632399706,501.11387191436415,1.7983,0.0198
0.02,20.0,150,0,28.541549425818587,703.075298021435,1.7993,0.0056
0.02,20.0,150,0,20.608464836206156,622.9016255887265,1.7993,0.0064
0.02,20.0,150,0,26.066926084208305,390.17993041865,1.7994,0.0102
0.02,20.0,150,1,22.676161576122396,403.19211538703314,1.7988,0.0177
0.02,20.0,150,0,30.484148559265908,575.4863287855705,1.7993,0.0069
0.02,20.0,150,0,19.011299575303624,707.3912149502726,1.7994,0.0056
0.02,20.0,150,0,20.547479546424672,637.9112739483143,1.7994,0.0062
0.02,20.0,150,0,26.2068624750289,589.1724438525507,1.7994,0.0067
0.02,20.0,150,0,24.987044084245277,383.7072467667799,1.7994,0.0103
0.02,20.0,150,1,23.877357039151722,558.4829395556709,1.7988,0.0128
0.02,20.0,150,2,29.26001138079306,603.3097156790393,1.7983,0.0164
0.02,20.0,150,0,22.380129746308956,432.11002682130515,1.7994,0.0092
0.02,20.0,150,0,22.434225314834997,700.4820065940735,1.7994,0.0057
0.02,20.0,150,1,21.112214246645955,454.45310708617365,1.7988,0.0157
0.02,20.0,150,2,27.632810224616563,638.974707292733,1.7984,0.0155
0.02,20.0,150,1,28.561370954268263,672.0409829228553,1.7988,0.0106
0.02,20.0,150,2,31.975232854139694,724.8763630915247,1.7983,0.0137
0.02,20.0,150,2,22.190338112262864,690.0060906214128,1.7983,0.0143
0.02,20.0,150,0,21.55282157187555,458.98530081616514,1.7993,0.0086
0.02,20.0,150,2,21.691311382142235,581.3104593154287,1.7982,0.017
0.02,20.0,150,0,27.86168553502917,392.8528272224356,1.7994,0.0101
0.02,20.0,150,0,23.37703807554358,692.2707082780564,1.7994,0.0057
0.02,20.0,150,1,25.21639002899549,467.32054721718345,1.7987,0.0153
0.02,20.0,150,1,18.83945855460882,480.52951576114503,1.7989,0.0148
0.02,20.0,150,1,27.24358466475686,589.3187892010633,1.7988,0.0121
0.02,20.0,150,2,28.511424130809374,640.1182650340029,1.7985,0.0155
0.02,20.0,150,1,24.449751277361322,557.0713887422497,1.7988,0.0128
0.02,20.0,150,2,24.34725357361276,439.4998995028765,1.7985,0.0225
0.02,20.0,150,1,27.531269417946945,629.7667843386091,1.7987,0.0113
0.02,20.0,150,1,27.584682219735512,438.3155820556641,1.7987,0.0163
0.02,20.0,150,0,31.74680880698891,477.96425711730467,1.7994,0.0083
0.02,20.0,150,0,27.721069137264905,453.394468814034,1.7994,0.0087
0.02,20.0,150,1,28.0044837725332,678.1500397006322,1.7989,0.0105
0.02,20.0,150,0,18.73917636373038,445.91009991530007,1.7994,0.0089
0.02,20.0,150,1,30.41048880222553,462.21463333328086,1.7987,0.0154
0.02,20.0,150,0,24.922563315475703,623.5418713208771,1.7994,0.0064
0.02,20.0,150,0,18.674691953928725,745.0578555520153,1.7994,0.0053
0.02,20.0,150,1,23.32162697571654,352.1675376605248,1.7989,0.0202
0.02,20.0,150,2,27.332315576475487,351.64930962196365,1.7982,0.0282
0.02,20.0,150,0,20.630707661890153,720.7527641981716,1.7994,0.0055
0.02,20.0,150,0,24.61356979432316,650.9478597549912,1.7994,0.0061
0.02,20.0,150,2,26.920260985346868,452.64465400006924,1.7985,0.0219
0.02,20.0,150,2,24.22143613421884,451.59902029581895,1.7983,0.0219
0.02,20.0,150,1,28.06592835616643,464.11897188371245,1.7989,0.0154
0.02,20.0,150,1,27.664485765496245,635.5922015378162,1.7988,0.0112
0.02,20.0,150,2,22.80382585593011,701.4561216801393,1.7984,0.0141
0.02,20.0,150,2,31.79117920557883,500.28535901632824,1.7982,0.0198
0.02,20.0,150,2,26.290713515404033,743.8395736129202,1.7983,0.0133
0.02,20.0,150,0,31.87170273340221,459.8885638661333,1.7993,0.0086
0.02,20.0,150,2,28.03658328082918,734.4342893515753,1.7984,0.0135
0.02,20.0,150,0,23.04340989463593,413.0075625192001,1.7993,0.0096
0.02,20.0,150,1,24.185967332081177,612.5366568230143,1.7988,0.0116
0.02,20.0,150,2,22.188052267665892,519.1553717076608,1.7982,0.0191
0.02,20.0,150,1,23.25864760241702,513.6138146787748,1.7989,0.0139
0.02,20.0,150,1,21.651040463610965,358.8127292891644,1.7988,0.0199
0.02,20.0,150,1,27.852276993193982,702.961384646657,1.7988,0.0101
0.02,20.0,150,2,18.858021524817417,671.7512928825937,1.7983,0.0147
0.02,20.0,150,2,22.047123416575317,496.15712128225937,1.7982,0.02
0.02,20.0,150,1,19.251215750086345,403.1057036745684,1.7988,0.0177
0.02,20.0,150,1,28.367434760277465,698.3166964540217,1.7989,0.0102
0.02,20.0,150,1,26.30992354128081,367.72470247955147,1.7988,0.0194
0.02,20.0,150,2,22.49869706699687,515.0910706968513,1.7983,0.0192
0.02,20.0,150,0,27.9599549966656,434.1335484074963,1.7994,0.0091
0.02,20.0,150,0,27.260368502341457,473.40985654237306,1.7993,0.0084
0.02,20.0,150,2,19.78110681003064,734.8485541346461,1.7983,0.0135
0.02,20.0,150,1,22.43067135366754,500.7052780311369,1.7988,0.0142
0.02,20.0,150,2,26.575370523344827,627.3942921082646,1.7985,0.0158
0.02,20.0,150,1,19.38334878345305,616.8235959153212,1.7989,0.0116
0.02,20.0,150,2,23.405540761868384,590.0867690878506,1.7983,0.0168
0.02,20.0,150,1,29.12010460854556,743.9492759969153,1.7987,0.0096
0.02,20.0,150,0,28.282895550076976,360.7716242486129,1.7994,0.011
0.02,20.0,150,1,25.539471559023344,603.3948900975392,1.7988,0.0118
0.02,20.0,150,2,18.54693703553588,553.7994436378066,1.7983,0.0179
0.02,20.0,150,2,23.566581230750955,410.26019104497504,1.7982,0.0241
0.02,20.0,150,1,29.76131967680679,626.8832826499774,1.7988,0.0114
0.02,20.0,150,2,25.593301742209782,599.6654184872802,1.7983,0.0165
0.02,20.0,150,0,29.03733949121097,375.63724879444584,1.7994,0.0105
0.02,20.0,150,0,21.006572834348056,623.9029023089143,1.7993,0.0063
0.02,20.0,150,0,29.302814233447826,568.462780157939,1.7994,0.007
0.02,20.0,150,1,25.376375973899595,697.0997775403166,1.7988,0.0102
0.02,20.0,150,2,23.659327505723738,521.6902159780988,1.7983,0.019
0.02,20.0,150,2,25.444298345373877,520.7698542394247,1.7982,0.019
0.02,20.0,150,1,31.650320464873694,487.71403180862495,1.7988,0.0146
0.02,20.0,150,0,26.160761459181376,459.187868194772,1.7994,0.0086
0.02,20.0,150,1,30.657754504126302,704.458282300061,1.7989,0.0101
0.02,20.0,150,0,28.256345594162802,604.8800820227367,1.7994,0.0065
0.02,20.0,150,1,18.382699952602742,488.8586549832912,1.7988,0.0146
0.02,20.0,150,0,26.161021336897797,407.1034644240124,1.7994,0.0097
0.02,20.0,150,2,18.831621693602848,641.4800670558444,1.7983,0.0154
0.02,20.0,150,2,30.013971304950005,410.6745119246651,1.7984,0.0241
0.02,20.0,150,1,25.864371360052026,589.5217773105376,1.7987,0.0121
0.02,20.0,150,0,24.236199173058893,526.7896553696576,1.7994,0.0075
0.02,20.0,150,2,18.10375490787587,676.7730600402285,1.7985,0.0146
0.02,20.0,150,0,23.92860276312162,385.24003735447894,1.7994,0.0103
0.02,20.0,150,0,20.98899672020197,642.8528941511285,1.7994,0.0062
0.02,20.0,150,1,26.6324168194844,634.0371965140505,1.7989,0.0112
0.02,20.0,150,0,27.669578044928347,624.1521545831912,1.7993,0.0063
0.02,20.0,150,0,20.939399010276716,599.5356511890172,1.7994,0.0066
0.02,20.0,150,2,27.49821979601402,606.92774835621,1.7983,0.0163
0.02,20.0,150,0,30.344136573260286,464.05008166484254,1.7994,0.0085
0.02,20.0,150,1,29.540430602006822,617.8250785478851,1.7989,0.0115
0.02,20.0,150,1,30.7521790514811,396.80154743148637,1.7988,0.018
0.02,20.0,150,0,22.940174853815265,698.4061892113573,1.7994,0.0057
0.02,20.0,150,2,23.694501889261485,381.8928288460915,1.7983,0.0259
0.02,20.0,150,0,28.08719203699591,446.55361256147336,1.7993,0.0089
0.02,20.0,150,1,27.841268791415665,542.4519723427986,1.7987,0.0131
0.02,20.0,150,0,24.00969631494771,478.864502943705,1.7994,0.0083
0.02,20.0,150,0,31.428767756202006,684.2872552932149,1.7994,0.0058
0.02,20.0,150,2,22.18568210547811,439.4712878347408,1.7983,0.0225
0.02,20.0,150,0,26.82194299419711,465.529658142307,1.7994,0.0085
0.02,20.0,150,1,26.115196607847434,574.4519910988597,1.7988,0.0124
0.02,20.0,150,1,29.252857281855498,615.278812169955,1.7987,0.0116
0.02,20.0,150,1,27.559479850087342,510.6860194518177,1.7988,0.014
0.02,20.0,150,2,19.039334012433155,643.9792562204814,1.7985,0.0154
0.02,20.0,150,0,31.07060106044272,410.6350504376426,1.7994,0.0096
0.02,20.0,150,2,31.70157304735117,464.2129881520593,1.7984,0.0213
0.02,20.0,150,2,20.172801893212437,651.8846626166392,1.7983,0.0152
0.02,20.0,150,0,27.37043530094838,562.7620256462984,1.7994,0.007
0.02,20.0,150,2,30.107048535348113,536.0354677504997,1.7985,0.0185
0.02,20.0,150,2,30.94073580445462,679.5041002170196,1.7983,0.0146
0.02,20.0,150,0,31.132736325948414,406.7068117065969,1.7993,0.0097
0.02,20.0,150,2,21.442693163499126,711.2110726949211,1.7985,0.0139
0.02,20.0,150,0,30.31163461325834,630.2468469314827,1.7994,0.0063
0.02,20.0,150,1,26.72980699055574,426.3610241831478,1.7988,0.0167
0.02,20.0,150,0,22.614299131494285,671.2546216884409,1.7994,0.0059
0.02,20.0,150,0,30.109755123778392,734.283676779514,1.7994,0.0054
0.02,20.0,150,1,24.816177163954247,586.512162645787,1.7988,0.0122
0.02,20.0,150,0,25.45388129681051,384.1423172140977,1.7993,0.0103
0.02,20.0,150,0,29.753020388660307,610.9296218896252,1.7994,0.0065
0.02,20.0,150,2,28.173162146129773,418.75975047238126,1.7983,0.0236
0.02,20.0,150,1,30.92667013046841,729.1142894958156,1.7989,0.0098
0.02,20.0,150,0,28.036449856371057,572.238960560498,1.7994,0.0069
0.02,20.0,150,1,26.71412493057546,523.4277905588114,1.7988,0.0136
0.02,20.0,150,0,31.041327468499794,595.0738285599184,1.7993,0.0067
0.02,20.0,150,0,19.243102051094805,351.8044927764737,1.7993,0.0113
0.02,20.0,150,2,20.173480874088998,456.9000855535172,1.7982,0.0217
0.02,20.0,150,1,30.158184133902587,563.6547917650408,1.7989,0.0126
0.02,20.0,150,1,31.074725771083486,601.0259129700141,1.7989,0.0119
0.02,20.0,150,1,26.631432581483367,378.77004468251687,1.7989,0.0188
0.02,20.0,150,1,31.93118499729604,606.9453922866769,1.7989,0.0117
0.02,20.0,150,1,29.90643212833313,603.4516537063821,1.7988,0.0118
0.02,20.0,150,2,25.98142333739117,629.8792738033849,1.7983,0.0157
0.02,20.0,150,0,26.39353631291544,622.1132575242945,1.7994,0.0064
0.02,20.0,150,0,19.444348201666788,648.4489844679498,1.7993,0.0061
0.02,20.0,150,2,25.322478199923587,738.1043257958377,1.7983,0.0134
0.02,20.0,150,0,18.467488057678228,458.7965286534656,1.7994,0.0086
0.02,20.0,150,1,20.701295343841313,693.1970169493516,1.7989,0.0103
0.02,20.0,150,1,26.47732606276493,504.8972998764798,1.7989,0.0141
0.02,20.0,150,1,29.119746919324584,514.8308652130609,1.7987,0.0138
0.02,20.0,150,1,20.78530438834358,429.9147741012746,1.7989,0.0166
0.02,20.0,150,2,22.140167050470037,552.226711809366,1.7984,0.0179
0.02,20.0,150,1,19.528679327486696,484.94747453869945,1.7988,0.0147
0.02,20.0,150,0,29.543238809832296,493.2430473462816,1.7994,0.008
0.02,20.0,150,1,18.92998664945769,475.9846071446153,1.7989,0.015
0.02,20.0,150,0,21.593563972486308,642.4533505834913,1.7993,0.0062
0.02,20.0,150,1,23.784516169973816,600.2543870799727,1.7989,0.0119
0.02,20.0,150,0,20.90615653545383,550.8232002151328,1.7993,0.0072
0.02,20.0,150,0,22.358821212861052,725.59277423139,1.7993,0.0055
0.02,20.0,150,0,29.123750469541584,531.788922128225,1.7993,0.0074
0.02,20.0,150,1,28.274364335762264,655.9117229880292,1.7987,0.0109
0.02,20.0,150,0,28.667800692286797,461.0273609654274,1.7993,0.0086
0.02,20.0,150,2,23.77085432043961,460.7275327782225,1.7985,0.0215
0.02,20.0,150,0,23.70696535545585,731.2426667591674,1.7994,0.0054
0.02,20.0,150,0,19.156413862733544,434.6205518644336,1.7994,0.0091
0.02,20.0,150,1,20.395256261238444,435.63146353664314,1.7987,0.0164
0.02,20.0,150,1,30.95268258225602,427.7520376278703,1.7987,0.0167
0.02,20.0,150,1,26.68796183364659,729.0997295432248,1.7989,0.0098
0.02,20.0,150,0,20.526089840225442,690.3126406914397,1.7994,0.0057
0.02,20.0,150,1,20.07205760578024,638.8371581180072,1.7988,0.0112
0.02,20.0,150,0,18.65238993162987,640.6346161222152,1.7993,0.0062
0.02,20.0,150,2,19.393072841118922,670.1591628785097,1.7982,0.0148
0.02,20.0,150,2,27.571317135580003,695.6143748037111,1.7984,0.0142
0.02,20.0,150,1,24.4009555085903,413.19677856526397,1.7987,0.0173
0.02,20.0,150,1,25.85485949126676,661.2348847736148,1.7988,0.0108
0.02,20.0,150,1,27.225013311376607,480.6812498983252,1.7987,0.0148
0.02,20.0,150,2,25.09482095110312,370.92137521571937,1.7983,0.0267
0.02,20.0,150,0,20.503152751453314,651.0680258583858,1.7993,0.0061
0.02,20.0,150,2,27.480454922219664,353.5562418985203,1.7985,0.028
0.02,20.0,150,1,18.116610410781988,577.5562837575196,1.7988,0.0123
0.02,20.0,150,0,28.855553886912215,741.13108692022,1.7993,0.0053
0.02,20.0,150,0,27.79684521305495,621.5587682509027,1.7994,0.0064
0.02,20.0,150,1,26.829683758377612,728.3597495121461,1.7988,0.0098
0.02,20.0,150,1,26.956372324148152,629.8369256523631,1.7989,0.0113
0.02,20.0,150,1,24.7007841514476,650.3086785240037,1.7989,0.011
0.02,20.0,150,0,23.20020469535539,695.0317320673373,1.7993,0.0057
0.02,20.0,150,2,24.523319327692427,504.0097120394263,1.7984,0.0196
0.02,20.0,150,2,24.645538695990712,503.67006294526345,1.7984,0.0197
0.02,20.0,150,0,22.523114944788244,601.6387939965364,1.7993,0.0066
0.02,20.0,150,2,20.484454320261193,431.3700346502988,1.7982,0.023
0.02,20.0,150,1,22.72584846601338,537.8362234168193,1.7988,0.0133
0.02,20.0,150,2,20.189973660339742,678.6977441545935,1.7982,0.0146
0.02,20.0,150,2,31.67968021073687,715.2982627983432,1.7983,0.0138
0.02,20.0,150,0,22.564255589557508,688.4127454825182,1.7994,0.0058
0.02,20.0,150,2,19.387877475443005,519.8235641870689,1.7984,0.019
0.02,20.0,150,2,24.14627754740456,703.0824169718869,1.7982,0.0141
0.02,20.0,150,0,20.64679560949683,582.0838681340849,1.7994,0.0068
0.02,20.0,150,0,27.296106209240172,509.3799189863187,1.7994,0.0078
0.02,20.0,150,1,27.393534557184793,570.5265846512019,1.7988,0.0125
0.02,20.0,150,0,21.97973646353116,650.8182502478865,1.7993,0.0061
0.02,20.0,150,1,27.088342814657558,536.1446867342738,1.7988,0.0133
0.02,20.0,150,2,23.970574665058148,689.6943410852391,1.7984,0.0144
0.02,20.0,150,2,28.479689276616874,491.09767834789824,1.7983,0.0202
0.02,20.0,150,1,29.067084023962646,638.4460611910838,1.7989,0.0112
0.02,20.0,150,0,24.76633202657395,731.0117547060722,1.7994,0.0054
0.02,20.0,150,2,22.902772378936103,648.4500332684304,1.7983,0.0153
0.02,20.0,150,0,29.248448109164276,590.2721991899994,1.7994,0.0067
0.02,20.0,150,2,19.559918162273767,361.6912130146589,1.7985,0.0274
0.02,20.0,150,0,23.784485211172367,393.33185554336916,1.7993,0.0101
0.02,20.0,150,1,21.572110263833245,466.6513987848957,1.7988,0.0153
0.02,20.0,150,0,23.004593242116208,719.4007640449395,1.7994,0.0055
0.02,20.0,150,0,23.053779314810637,595.643826484286,1.7993,0.0066
0.02,20.0,150,2,25.115826855451484,359.1720861719006,1.7983,0.0276
0.02,20.0,150,1,18.964717080584386,393.81850811813683,1.7989,0.0181
0.02,20.0,150,2,30.137797521250466,671.5546893315482,1.7985,0.0147
0.02,20.0,150,2,27.476644208139746,467.68939941955614,1.7985,0.0212
0.02,20.0,150,2,22.770626978672603,351.2083035898519,1.7982,0.0282
0.02,20.0,150,0,26.810290805627723,406.9484566423434,1.7994,0.0097
0.02,20.0,150,1,29.99732881452258,635.9295133620017,1.7989,0.0112
0.02,20.0,150,2,25.009780438586738,551.5335720539686,1.7985,0.018
0.02,20.0,150,1,18.842909124615403,418.8045802892096,1.7989,0.017
0.02,20.0,150,0,24.322452559914232,697.0619045481262,1.7993,0.0057
0.02,20.0,150,2,29.08886623458495,726.2401497855408,1.7983,0.0136
0.02,20.0,150,2,20.197084766964352,523.4332884236138,1.7982,0.0189
0.02,20.0,150,1,29.98462157740206,606.897192101965,1.7988,0.0117
0.02,20.0,150,0,24.727482228315466,355.6840121387064,1.7994,0.0111
0.02,20.0,150,2,31.136251422150004,430.6273298933884,1.7983,0.023
0.02,20.0,150,2,28.006768816936074,649.6579528117429,1.7985,0.0152
0.02,20.0,150,1,24.386422111371974,489.9600622255795,1.7988,0.0146
0.02,20.0,150,2,24.467919699040415,471.1035221303202,1.7984,0.021
0.02,20.0,150,1,19.371759422016606,557.6195248379678,1.7989,0.0128
0.02,20.0,150,1,24.253142450158187,521.9317261699912,1.7989,0.0137
0.02,20.0,150,1,22.41990015853209,588.2805993224981,1.7989,0.0121
0.02,20.0,150,2,19.73870414914562,605.7521658523871,1.7984,0.0163
0.02,20.0,150,2,25.536396911936585,643.80045846122,1.7982,0.0154
0.02,20.0,150,0,26.921485191821205,584.0638930798111,1.7994,0.0068
0.02,20.0,150,2,27.001671499674885,465.8670834790865,1.7983,0.0213
0.02,20.0,150,0,18.648120433258754,514.849924211672,1.7994,0.0077
0.02,20.0,150,0,18.48464540016985,356.4073683222155,1.7993,0.0111
0.02,20.0,150,2,24.776870801385755,452.26546712494894,1.7982,0.0219
0.02,20.0,150,2,18.411063013365048,727.7486800653703,1.7983,0.0136
0.02,20.0,150,2,24.242334781166985,726.6668484447844,1.7982,0.0136
0.02,20.0,150,1,29.823705974601747,527.9896931666038,1.7988,0.0135
0.02,20.0,150,0,22.087392386422888,731.721096332406,1.7994,0.0054
0.02,20.0,150,2,30.929853992006436,518.1484450373816,1.7984,0.0191
0.02,20.0,150,2,29.329384891429093,551.7662516282768,1.7984,0.0179
0.02,20.0,150,0,28.779817972917815,706.6516007161931,1.7993,0.0056
0.02,20.0,150,2,28.15575191787039,729.3170560839916,1.7985,0.0136
0.02,20.0,150,2,30.700489329598994,709.9482217548252,1.7982,0.0139
0.02,20.0,150,2,26.536626894756864,735.2728837194376,1.7985,0.0135
0.02,20.0,150,2,27.1493739107473,447.23690780945674,1.7984,0.0221
0.02,20.0,150,1,28.366717674715368,535.0105789006946,1.7988,0.0133
0.02,20.0,150,2,26.318282165685773,437.0150159822139,1.7983,0.0227
0.02,20.0,150,2,22.038048204406604,700.6029702589531,1.7985,0.0141
0.02,20.0,150,0,28.61576660271207,381.5957857228418,1.7993,0.0104
0.02,20.0,150,1,19.069556847188917,515.0676419442375,1.7989,0.0138
0.02,20.0,150,0,18.96217711122253,572.6259716563169,1.7993,0.0069
0.02,20.0,150,2,20.306857543598998,627.1632971573343,1.7985,0.0158
0.02,20.0,150,2,31.094706062664855,612.1418567333867,1.7983,0.0162
0.02,20.0,150,2,25.319368523173186,409.65586767964516,1.7984,0.0242
0.02,20.0,150,1,25.310782710435603,371.1426899812447,1.7989,0.0192
0.02,20.0,150,1,23.894825972719012,533.8595949494853,1.7989,0.0134
0.02,20.0,150,1,18.380195892212498,550.7932156186305,1.7988,0.0129
0.02,20.0,150,1,27.881970016653746,710.9850358768506,1.7989,0.01
0.02,20.0,150,2,31.389080606946653,699.2421783899918,1.7985,0.0142
0.02,20.0,150,1,22.8587154162108,379.75052778432195,1.7988,0.0188
0.02,20.0,150,2,21.088506207032033,483.8914532431638,1.7985,0.0205
0.02,20.0,150,0,18.308577689804963,422.41855138560703,1.7994,0.0094
0.02,20.0,150,1,28.460858307719377,485.5880930561415,1.7988,0.0147
0.02,20.0,150,0,20.487162929636757,487.69844667985564,1.7993,0.0081
0.02,20.0,150,1,22.447112537734654,402.31382187464027,1.7989,0.0177
0.02,20.0,150,0,19.494131016916032,618.2684008463248,1.7994,0.0064
0.02,20.0,150,2,27.59151767608885,484.4081385789334,1.7982,0.0204
0.02,20.0,150,0,25.613547942725166,379.06401702741795,1.7994,0.0104
0.02,20.0,150,2,31.500533959261404,630.6503958448468,1.7983,0.0157
0.02,20.0,150,0,26.405794348829655,549.1625963271899,1.7994,0.0072
0.02,20.0,150,0,22.441832699510023,435.65459901726024,1.7994,0.0091
0.02,20.0,150,0,30.906817690495032,455.0411090442926,1.7993,0.0087
0.02,20.0,150,0,22.81359162957171,525.4953676062894,1.7993,0.0075
0.02,20.0,150,1,21.588629625136594,507.7628117783929,1.7987,0.014
0.02,20.0,150,0,30.49683925277168,505.28192872734576,1.7993,0.0078
0.02,20.0,150,2,26.091790335665277,520.9008012117084,1.7984,0.019
0.02,20.0,150,0,27.011063091411955,663.719995577872,1.7993,0.006
0.02,20.0,150,2,23.136249822285585,682.971376041674,1.7983,0.0145
0.02,20.0,150,1,27.452559838995807,629.8602605608735,1.7988,0.0113
0.02,20.0,150,1,25.77658634261249,472.0423934488333,1.7987,0.0151
0.02,20.0,150,0,18.369854261640608,465.1685982128923,1.7993,0.0085
0.02,20.0,150,2,27.431265130104844,523.715051937858,1.7984,0.0189
0.02,20.0,150,2,27.83378343509206,424.0813933361401,1.7984,0.0233
0.02,20.0,150,2,23.344670557203195,458.64696341801874,1.7985,0.0216
0.02,20.0,150,2,30.524663250363602,548.8592738103391,1.7984,0.018
0.02,20.0,150,0,26.26973935441088,669.825944607848,1.7994,0.0059
0.02,20.0,150,2,23.99076033842573,398.18870518684764,1.7982,0.0249
0.02,20.0,150,2,31.95792660850733,615.6165563996107,1.7983,0.0161
0.02,20.0,150,0,28.102051137405507,479.36165231252505,1.7993,0.0083
0.02,20.0,150,0,21.75945182238541,604.3132447068679,1.7993,0.0066
0.02,20.0,150,1,31.60922204291178,529.4472204528233,1.7989,0.0135
0.02,20.0,150,2,26.660755933724424,567.0965552422372,1.7985,0.0175
0.02,20.0,150,0,31.141638453889783,438.1567770320082,1.7993,0.009
0.02,20.0,150,1,27.77407001888056,594.3685102001882,1.7988,0.012
0.02,20.0,150,1,24.085170883652417,740.2598876099839,1.7988,0.0096
0.02,20.0,150,1,30.38876420077971,496.21076859634474,1.7987,0.0144
0.02,20.0,150,2,20.470284298952812,364.5096193602711,1.7984,0.0272
0.02,20.0,150,2,22.11967721975133,381.91799848082854,1.7982,0.0259
0.02,20.0,150,1,22.42578610392377,565.9967128823089,1.7989,0.0126
0.02,20.0,150,1,21.012216383802517,579.8551846571094,1.7988,0.0123
0.02,20.0,150,0,27.979139597831974,539.2226826686864,1.7994,0.0073
0.02,20.0,150,1,19.72746448193212,419.1081508775358,1.7987,0.017
0.02,20.0,150,1,20.37285178644133,602.5595750267128,1.7989,0.0118
0.02,20.0,150,1,27.242383921440197,474.70467391525074,1.7989,0.015
0.02,20.0,150,1,21.274085008534218,457.57223493547315,1.7988,0.0156
0.02,20.0,150,0,29.932456231615973,525.4643574071612,1.7994,0.0075
0.02,20.0,150,2,24.45735192647473,620.6192027647216,1.7984,0.016
0.02,20.0,150,2,21.055109867234957,459.0389110866814,1.7983,0.0216
0.02,20.0,150,0,30.757129639065234,578.7432238874824,1.7993,0.0068
0.02,20.0,150,2,28.046223255667076,588.6761797309603,1.7984,0.0168
0.02,20.0,150,0,23.019110256496624,640.35306743162,1.7993,0.0062
0.02,20.0,150,2,19.52578288484221,352.32120912729334,1.7983,0.0281
0.02,20.0,150,2,21.7356631724899,650.9258975733255,1.7985,0.0152
0.02,20.0,150,0,20.701888458235114,725.239279640213,1.7994,0.0055
0.02,20.0,150,1,29.573342980057348,466.2127851887223,1.7989,0.0153
0.02,20.0,150,2,30.903544355053135,482.1338572846172,1.7984,0.0205
0.02,20.0,150,1,23.6614091661913,396.5699830099195,1.7989,0.018
0.02,20.0,150,2,24.345494356733788,747.674499179288,1.7983,0.0132
0.02,20.0,150,0,26.99819926015414,599.7854282125523,1.7994,0.0066
0.02,20.0,150,2,28.66201300203742,564.4185714861119,1.7983,0.0175
0.02,20.0,150,1,31.91644367206456,473.6729285224151,1.7988,0.0151
0.02,20.0,150,1,22.924753529709022,430.00228740351616,1.7988,0.0166
0.02,20.0,150,1,27.773371304437163,455.5015701428153,1.7987,0.0157
0.02,20.0,150,1,23.060079513803643,623.2300475402008,1.7989,0.0114
0.02,20.0,150,0,21.757676133759244,697.2934368575925,1.7993,0.0057
0.02,20.0,150,0,31.35779942946735,497.18238949491155,1.7993,0.008
0.02,20.0,150,1,27.21191321608731,548.9496529019294,1.7989,0.013
0.02,20.0,150,1,24.058617036051537,383.0486679886143,1.7988,0.0186
0.02,20.0,150,2,27.951118710935372,597.4097797231489,1.7983,0.0166
0.02,20.0,150,1,28.45393626016511,436.59648298210664,1.7989,0.0163
0.02,20.0,150,1,31.105042882096996,725.9574212810915,1.7988,0.0098
0.02,20.0,150,0,28.871081228090258,649.5691407550119,1.7993,0.0061
0.02,20.0,150,2,22.17010572380737,601.1524214489782,1.7982,0.0165
0.02,20.0,150,1,26.518184934802644,354.1194133862353,1.7987,0.0201
0.02,20.0,150,1,22.669429145635668,615.158050013591,1.7988,0.0116
0.02,20.0,150,1,24.69612126108389,378.20836848989757,1.7989,0.0188
0.02,20.0,150,0,19.80786140748726,596.5364166414333,1.7994,0.0066
0.02,20.0,150,1,20.937583353432395,588.2138458255051,1.7989,0.0121
0.02,20.0,150,1,31.718492385631592,662.2097242327491,1.7988,0.0108
0.02,20.0,150,2,26.30650700223979,536.5515298188733,1.7984,0.0185
0.02,20.0,150,2,31.765180008355024,390.38356081255904,1.7983,0.0254
0.02,20.0,150,0,31.086575229928968,464.78286452660103,1.7994,0.0085
1500.0,120.0,2200,0,26.176717645439393,554.8661356896773,1.5681,2.6363
1500.0,120.0,2200,0,20.124983581011495,734.0184531745945,1.5518,1.9928
1500.0,120.0,2200,2,24.504742257485272,675.7885635007642,1.229,5.4114
1500.0,120.0,2200,1,18.636684065158192,563.2837904430339,1.3716,4.6744
1500.0,120.0,2200,0,22.993403681496375,631.0597802398097,1.5607,2.318
1500.0,120.0,2200,0,20.122327479898843,396.26652943491763,1.5772,3.6914
1500.0,120.0,2200,0,21.225466252280363,489.9945560598595,1.5654,2.9853
1500.0,120.0,2200,0,31.909107688014018,642.4252725008696,1.5334,2.277
1500.0,120.0,2200,0,29.011186160573526,653.658842877621,1.5794,2.2378
1500.0,120.0,2200,0,29.87034107864075,661.5188624283812,1.544,2.2112
1500.0,120.0,2200,1,19.92509833377258,419.32134077197054,1.3441,6.2792
1500.0,120.0,2200,2,27.012725612889092,615.7452370024248,1.1466,5.9391
1500.0,120.0,2200,1,22.596358227985455,555.0542761489534,1.3819,4.7437
1500.0,120.0,2200,1,19.641231106649663,547.2718786880589,1.3966,4.8111
1500.0,120.0,2200,1,27.957102972038886,679.2575208134822,1.3578,3.8763
1500.0,120.0,2200,1,31.38168610411341,490.25206661951427,1.3346,5.3707
1500.0,120.0,2200,0,18.459062544801036,443.0821854836015,1.5404,3.3014
1500.0,120.0,2200,1,26.977787132737163,618.7386021591253,1.3716,4.2554
1500.0,120.0,2200,0,30.55701695864277,691.8301451217956,1.5762,2.1144
1500.0,120.0,2200,2,29.36025100538801,505.1333950104263,1.1493,7.2396
1500.0,120.0,2200,2,21.436943830615583,372.63197235375736,1.2179,9.8138
1500.0,120.0,2200,2,19.375557363235718,494.4014499276649,1.2244,7.3967
1500.0,120.0,2200,0,31.089854160426952,509.5529491654946,1.5455,2.8707
1500.0,120.0,2200,2,24.68417004278299,724.3749484743093,1.1846,5.0484
1500.0,120.0,2200,0,31.81393700636273,689.9805937610622,1.5494,2.12
1500.0,120.0,2200,0,28.20414392301125,352.5519473943836,1.5577,4.1491
1500.0,120.0,2200,2,21.15658444396475,564.6540965410475,1.2158,6.4764
1500.0,120.0,2200,1,20.49154229737416,633.929564959389,1.3941,4.1535
1500.0,120.0,2200,1,19.690600833292365,487.14459004098387,1.375,5.405
1500.0,120.0,2200,1,31.950488809680685,684.6309478695167,1.3274,3.8459
1500.0,120.0,2200,2,24.947645443963754,570.542834164606,1.2342,6.4096
1500.0,120.0,2200,2,27.768635777816854,504.88104336799927,1.1649,7.2432
1500.0,120.0,2200,2,19.83630507808302,685.2608776820448,1.1686,5.3366
1500.0,120.0,2200,2,23.50835769183075,734.1737569523548,1.2431,4.981
1500.0,120.0,2200,2,21.727331005143444,570.6859068099427,1.1449,6.408
1500.0,120.0,2200,0,21.93782088986635,512.4012122982529,1.5426,2.8548
1500.0,120.0,2200,2,20.51188892020038,380.9415608672263,1.1616,9.5997
1500.0,120.0,2200,1,31.792764325756004,747.1767334132408,1.3649,3.5239
1500.0,120.0,2200,1,26.483991378712716,713.7940576922638,1.3493,3.6887
1500.0,120.0,2200,2,29.11230547204012,667.8694744069367,1.2035,5.4755
1500.0,120.0,2200,2,27.757270321117876,668.910671713058,1.2034,5.467
1500.0,120.0,2200,2,20.613191296280377,632.0229984638631,1.2395,5.7861
1500.0,120.0,2200,0,21.555651733004872,716.2822112366113,1.5723,2.0422
1500.0,120.0,2200,1,20.303907618876362,518.3912837584159,1.3539,5.0792
1500.0,120.0,2200,1,21.38936800731478,708.6937539057142,1.3778,3.7153
1500.0,120.0,2200,0,30.61091675725862,499.12272830969437,1.5482,2.9307
1500.0,120.0,2200,2,23.432446015343082,460.3704475646482,1.1484,7.9435
1500.0,120.0,2200,1,31.45167844171634,455.2230898881724,1.3545,5.784
1500.0,120.0,2200,2,25.952593638264474,413.6188320891008,1.1766,8.8413
1500.0,120.0,2200,0,26.418112823223417,552.7961008951817,1.5407,2.6461
1500.0,120.0,2200,0,18.15422093692696,725.6097378693288,1.5541,2.0159
1500.0,120.0,2200,2,28.251515574825227,426.46889815371287,1.2012,8.5749
1500.0,120.0,2200,0,19.90155049589833,580.6625381421327,1.5759,2.5192
1500.0,120.0,2200,0,21.442095487640046,622.7166014264576,1.5729,2.349
1500.0,120.0,2200,2,19.706623158523424,587.8911289570352,1.2461,6.2204
1500.0,120.0,2200,1,22.91349634192371,580.694782781874,1.3684,4.5342
1500.0,120.0,2200,0,25.461053527599255,557.5034825570657,1.5453,2.6238
1500.0,120.0,2200,1,28.408186396808205,714.5557048118185,1.3818,3.6848
1500.0,120.0,2200,2,30.111206458697776,617.721619253398,1.1417,5.9201
1500.0,120.0,2200,2,19.63552480209954,395.82099627091867,1.144,9.2389
1500.0,120.0,2200,0,23.3365865737096,540.2239865507861,1.5396,2.7077
1500.0,120.0,2200,0,20.663920428117457,638.2636981883606,1.5359,2.2918
1500.0,120.0,2200,1,26.086906066767174,557.7609244433144,1.3249,4.7207
1500.0,120.0,2200,0,22.801076924503704,726.980309894775,1.5535,2.0121
1500.0,120.0,2200,0,21.630425825194262,650.9698446164264,1.5623,2.2471
1500.0,120.0,2200,2,23.143590617974294,598.4085879816167,1.2166,6.1111
1500.0,120.0,2200,2,30.488898825243556,351.30136007350956,1.2364,10.4097
1500.0,120.0,2200,2,21.589154921093844,645.5996469783197,1.1473,5.6644
1500.0,120.0,2200,2,28.922479205679746,581.5820301222788,1.2069,6.2879
1500.0,120.0,2200,2,28.06981241870183,646.6468695994533,1.1417,5.6552
1500.0,120.0,2200,2,29.4236245318293,373.6751137395756,1.1867,9.7864
1500.0,120.0,2200,0,27.59707046048852,455.19359448583185,1.5742,3.2135
1500.0,120.0,2200,1,22.790770134458494,602.8755018642391,1.3786,4.3674
1500.0,120.0,2200,1,27.441735669423792,524.1351875086408,1.3491,5.0235
1500.0,120.0,2200,2,28.017919037808024,621.7616856486142,1.173,5.8816
1500.0,120.0,2200,0,20.230325026254803,356.9752485114795,1.5598,4.0977
1500.0,120.0,2200,1,21.495226867389448,582.8905823762548,1.3911,4.5171
1500.0,120.0,2200,0,27.13694686916939,381.2266889594729,1.5793,3.837
1500.0,120.0,2200,0,25.915826317509254,500.8303291516131,1.5341,2.9207
1500.0,120.0,2200,2,20.901953119696657,613.2632491059433,1.2456,5.9631
1500.0,120.0,2200,0,30.07363959785164,720.8549525670046,1.5557,2.0292
1500.0,120.0,2200,0,30.573222013338807,659.7539504902608,1.5729,2.2172
1500.0,120.0,2200,0,19.0734140405365,593.5128117877633,1.5535,2.4646
1500.0,120.0,2200,0,29.64841634348791,457.7304312439767,1.5444,3.1957
1500.0,120.0,2200,0,27.47054231817033,544.7876643595444,1.5491,2.685
1500.0,120.0,2200,1,31.538790824524604,441.88017956548777,1.3914,5.9586
1500.0,120.0,2200,1,31.242171764528663,468.05108636141085,1.3822,5.6255
1500.0,120.0,2200,2,22.313834349376016,642.3019729652797,1.2276,5.6935
1500.0,120.0,2200,1,29.759283171065142,351.97065006608443,1.3587,7.4807
1500.0,120.0,2200,1,21.655843292101846,403.8112630773202,1.3936,6.5204
1500.0,120.0,2200,1,21.11029117064977,476.39763458283113,1.3412,5.5269
1500.0,120.0,2200,1,28.46747334622153,664.8389875477887,1.3573,3.9604
1500.0,120.0,2200,1,28.14040966454632,437.26248680564515,1.3456,6.0216
1500.0,120.0,2200,1,19.738112538455127,487.93512738124616,1.3443,5.3962
1500.0,120.0,2200,0,19.808678107463194,381.3241707007784,1.5786,3.836
1500.0,120.0,2200,1,22.97948162251042,433.76763807714826,1.3572,6.0701
1500.0,120.0,2200,0,21.408263977127802,638.114451049714,1.5362,2.2923
1500.0,120.0,2200,0,26.882585211656735,454.0296607088528,1.5729,3.2218
1500.0,120.0,2200,2,18.906692227386706,730.8753144764544,1.1429,5.0035
1500.0,120.0,2200,2,28.323082416736614,705.3580603139505,1.227,5.1845
1500.0,120.0,2200,1,18.69199657332399,679.0976888590668,1.3777,3.8772
1500.0,120.0,2200,1,25.860089918705032,409.1811942370887,1.3609,6.4348
1500.0,120.0,2200,0,28.279413283731788,430.8747547139213,1.5481,3.3949
1500.0,120.0,2200,1,30.102746561332168,399.68432274122176,1.3546,6.5877
1500.0,120.0,2200,2,22.48008671923504,696.9169665381612,1.2127,5.2473
1500.0,120.0,2200,1,30.6251954054502,609.2922225307318,1.3725,4.3214
1500.0,120.0,2200,2,24.55340358575029,588.9061162152292,1.2001,6.2097
1500.0,120.0,2200,1,31.98364524483624,533.3582557019798,1.3239,4.9366
1500.0,120.0,2200,2,23.45462006377603,468.7302461197041,1.2198,7.8018
1500.0,120.0,2200,1,30.048594443791714,516.2500821811358,1.3742,5.1002
1500.0,120.0,2200,0,21.464281782268262,591.1790930110476,1.5342,2.4743
1500.0,120.0,2200,0,22.444567700536524,706.3292131553918,1.5672,2.071
1500.0,120.0,2200,1,30.330056578774332,525.3549668667301,1.3181,5.0118
1500.0,120.0,2200,2,30.27425159853311,692.1960201250145,1.1815,5.2831
1500.0,120.0,2200,1,29.7345930564815,506.53165088500145,1.3819,5.1981
1500.0,120.0,2200,1,25.16380819980199,686.67050460529,1.3882,3.8344
1500.0,120.0,2200,2,24.035206197438736,673.9060041427922,1.2042,5.4265
1500.0,120.0,2200,2,18.719030512564398,416.40025860958747,1.1386,8.7823
1500.0,120.0,2200,2,22.785543692677656,724.5275915415084,1.215,5.0473
1500.0,120.0,2200,1,28.462926976965967,697.0460738380943,1.3674,3.7774
1500.0,120.0,2200,0,29.205492355710277,380.06117942451857,1.5345,3.8488
1500.0,120.0,2200,2,25.37294777955341,603.8730605760898,1.2409,6.0558
1500.0,120.0,2200,1,30.538340980176326,671.5893959524127,1.3245,3.9205
1500.0,120.0,2200,2,21.49815251115758,574.9532770800322,1.2472,6.3604
1500.0,120.0,2200,1,31.669906376730342,378.26467505815134,1.3354,6.9607
1500.0,120.0,2200,0,25.8633064929376,437.17747816576787,1.58,3.346
1500.0,120.0,2200,0,23.735093182881805,528.2895519297444,1.5618,2.7689
1500.0,120.0,2200,0,28.41220238057064,726.3907228260764,1.5729,2.0138
1500.0,120.0,2200,1,30.249051949895325,498.71119271635047,1.3508,5.2796
1500.0,120.0,2200,0,23.307060730520455,736.4888087005984,1.554,1.9862
1500.0,120.0,2200,2,23.539890805439207,403.9081296650551,1.1469,9.0539
1500.0,120.0,2200,1,26.11950111981001,669.998290575848,1.4013,3.9299
1500.0,120.0,2200,2,23.06887094967574,530.010127885606,1.2452,6.8998
1500.0,120.0,2200,1,29.66203997793089,619.8375634991996,1.3478,4.2479
1500.0,120.0,2200,1,30.011568132133892,657.5785897104018,1.3207,4.0041
1500.0,120.0,2200,2,28.659957072684517,365.65169119346723,1.1303,10.0012
1500.0,120.0,2200,0,23.374714097211104,586.0005805357349,1.5709,2.4962
1500.0,120.0,2200,1,26.43427397000956,559.6992193459329,1.3679,4.7043
1500.0,120.0,2200,1,29.59496171783647,521.0773892874573,1.3374,5.053
1500.0,120.0,2200,0,27.798370863187813,363.26711155011526,1.5475,4.0267
1500.0,120.0,2200,1,25.953155533447955,532.0864806155593,1.38,4.9484
1500.0,120.0,2200,1,21.515713463956313,722.7398137838264,1.3668,3.6431
1500.0,120.0,2200,2,25.942703189945096,355.1333859125574,1.1892,10.2974
1500.0,120.0,2200,2,22.49540639148008,488.0974467128966,1.1582,7.4922
1500.0,120.0,2200,0,22.413764427622375,748.0374332477957,1.569,1.9555
1500.0,120.0,2200,2,27.809492938443075,645.0056628009731,1.2413,5.6696
1500.0,120.0,2200,0,27.39118593186081,738.5258464431324,1.5547,1.9807
1500.0,120.0,2200,1,28.58236078762093,513.0937033546497,1.35,5.1316
1500.0,120.0,2200,2,20.541462856128454,439.28283632115074,1.2171,8.3248
1500.0,120.0,2200,2,28.40507264164367,459.37043064739294,1.2488,7.9608
1500.0,120.0,2200,0,22.073093611087177,434.9009015845536,1.5667,3.3635
1500.0,120.0,2200,2,23.816246414056906,564.6315057651282,1.177,6.4767
1500.0,120.0,2200,1,23.22528128591392,548.4175462635895,1.3424,4.8011
1500.0,120.0,2200,1,25.887025048304416,530.232349333774,1.3984,4.9657
1500.0,120.0,2200,0,27.243352525855542,409.081348226619,1.5366,3.5758
1500.0,120.0,2200,0,26.6072280980868,429.26528683897175,1.5394,3.4076
1500.0,120.0,2200,2,22.092621096046678,628.0485923734875,1.1628,5.8227
1500.0,120.0,2200,1,25.832493980052107,728.546105529618,1.3951,3.614
1500.0,120.0,2200,1,18.868173488435566,428.4954907666087,1.3915,6.1448
1500.0,120.0,2200,2,24.048392450880065,694.5491986183524,1.2286,5.2652
1500.0,120.0,2200,1,31.631608879809143,436.12670123280964,1.3485,6.0372
1500.0,120.0,2200,0,24.464445206597453,597.2077265477861,1.5518,2.4494
1500.0,120.0,2200,1,24.879021166208638,674.7358266263163,1.3933,3.9023
1500.0,120.0,2200,0,20.143011885508834,358.1480380617321,1.5416,4.0843
1500.0,120.0,2200,2,20.67863741362161,511.89315924212326,1.1919,7.144
1500.0,120.0,2200,1,31.693555754221265,625.7260385219479,1.3227,4.2079
1500.0,120.0,2200,2,18.36833221630331,688.7754829302427,1.1631,5.3093
1500.0,120.0,2200,0,27.714082062327236,404.1447986692921,1.533,3.6194
1500.0,120.0,2200,2,30.788139869329676,640.0781592452931,1.1764,5.7133
1500.0,120.0,2200,1,31.221605142841128,431.3963434282147,1.3604,6.1034
1500.0,120.0,2200,1,29.94904638466732,488.36075493846477,1.3786,5.3915
1500.0,120.0,2200,0,23.76951947546886,569.4545641285574,1.5706,2.5687
1500.0,120.0,2200,0,26.70246714708724,383.0198861558242,1.5715,3.8191
1500.0,120.0,2200,2,18.08895027453601,573.7421461795892,1.2299,6.3738
1500.0,120.0,2200,2,24.11053222947183,578.665609170587,1.1303,6.3196
1500.0,120.0,2200,0,30.80691064113552,707.703600031745,1.5371,2.0669
1500.0,120.0,2200,2,18.335024123382034,705.6967093913513,1.1915,5.182
1500.0,120.0,2200,1,20.426440975001004,515.9622352035265,1.3497,5.1031
1500.0,120.0,2200,0,25.347776941281705,586.7447355305903,1.5487,2.493
1500.0,120.0,2200,0,18.477887023426167,650.2333488272282,1.5677,2.2496
1500.0,120.0,2200,1,29.44866895134517,631.1353811147908,1.3809,4.1718
1500.0,120.0,2200,1,30.82523693911928,600.2618876190677,1.3246,4.3864
1500.0,120.0,2200,2,22.66362463099648,501.0024734141198,1.2258,7.2993
1500.0,120.0,2200,2,21.927493604716624,444.6763847143535,1.1971,8.2238
1500.0,120.0,2200,0,29.903388514912812,387.4731944979367,1.552,3.7752
1500.0,120.0,2200,1,23.187606933060692,435.83324501683103,1.3619,6.0413
1500.0,120.0,2200,0,26.626319927590124,690.5778497301395,1.556,2.1182
1500.0,120.0,2200,0,26.00025509333097,721.9589098906388,1.5341,2.0261
1500.0,120.0,2200,2,24.7161291702877,540.3391557864225,1.1515,6.7679
1500.0,120.0,2200,1,30.263208442177522,383.473414874369,1.3287,6.8662
1500.0,120.0,2200,1,31.076519927249006,664.6300493727438,1.318,3.9616
1500.0,120.0,2200,0,31.66886202489256,426.4588367155935,1.5751,3.4301
1500.0,120.0,2200,2,18.42025708387678,479.13374268404027,1.1886,7.6324
1500.0,120.0,2200,2,28.52187814591425,591.2695591917523,1.1763,6.1849
1500.0,120.0,2200,2,31.261601837766015,633.3364192785484,1.2252,5.7741
1500.0,120.0,2200,1,30.127962698164495,690.8406969955089,1.3451,3.8113
1500.0,120.0,2200,1,26.858381348972753,666.762533308937,1.3709,3.9489
1500.0,120.0,2200,1,25.02625790874609,613.3628333605398,1.4035,4.2927
1500.0,120.0,2200,2,31.225989540216204,719.2279905127082,1.2018,5.0845
1500.0,120.0,2200,0,26.247257240195104,457.0082461477896,1.5732,3.2008
1500.0,120.0,2200,2,25.989809168601226,700.9304733935154,1.1973,5.2173
1500.0,120.0,2200,2,20.236085921820113,558.6061998415427,1.2217,6.5465
1500.0,120.0,2200,0,25.572147176378905,428.1129530401256,1.5634,3.4168
1500.0,120.0,2200,1,28.438147882475164,643.1263230311451,1.3727,4.0941
1500.0,120.0,2200,2,25.83104311609698,607.9374789346591,1.2294,6.0153
1500.0,120.0,2200,0,19.884402479220416,555.1063891498404,1.5692,2.6351
1500.0,120.0,2200,2,29.913416375195805,724.413507607771,1.2107,5.0481
1500.0,120.0,2200,2,30.78270338767247,355.97023203068613,1.1526,10.2732
1500.0,120.0,2200,2,18.75101699461945,390.1082877787283,1.2003,9.3742
1500.0,120.0,2200,1,21.75343486153855,716.2683061879953,1.3425,3.676
1500.0,120.0,2200,0,27.383618822091393,625.5406463641948,1.571,2.3384
1500.0,120.0,2200,0,26.365976786353826,715.8465873192692,1.5687,2.0434
1500.0,120.0,2200,0,29.295464225724295,373.6109735674639,1.5728,3.9152
1500.0,120.0,2200,1,29.84121597687956,724.8632108846639,1.3995,3.6324
1500.0,120.0,2200,1,18.552225182401475,580.8671306192189,1.347,4.5329
1500.0,120.0,2200,0,31.060508404880743,534.2141320421725,1.5549,2.7382
1500.0,120.0,2200,2,20.353002137519972,356.71277328490874,1.2418,10.2518
1500.0,120.0,2200,1,28.900760598577513,620.7663375897082,1.347,4.2415
1500.0,120.0,2200,1,30.966906663613756,745.0045005666082,1.3287,3.5342
1500.0,120.0,2200,1,22.30198083591123,462.0041167577579,1.3568,5.6991
1500.0,120.0,2200,2,21.434381766594615,569.5448124899752,1.1979,6.4208
1500.0,120.0,2200,1,27.640868818050432,678.9555438699401,1.327,3.878
1500.0,120.0,2200,0,24.24304893785287,710.3438363335742,1.5321,2.0593
1500.0,120.0,2200,1,29.04795019307973,723.1775468144746,1.337,3.6409
1500.0,120.0,2200,0,27.419748284123287,692.2032493002807,1.5646,2.1132
1500.0,120.0,2200,0,24.85375573710109,464.3246115573737,1.5444,3.1503
1500.0,120.0,2200,0,19.5771758920265,399.6273839385916,1.558,3.6604
1500.0,120.0,2200,0,30.597915760481253,520.0629063734548,1.5498,2.8127
1500.0,120.0,2200,1,23.93308946019552,512.981008305749,1.3833,5.1327
1500.0,120.0,2200,0,20.160829305345874,419.22292002997165,1.559,3.4893
1500.0,120.0,2200,2,31.79953368152472,507.5681228126628,1.2095,7.2048
1500.0,120.0,2200,0,31.65460003567167,703.9278564242418,1.5539,2.078
1500.0,120.0,2200,1,25.969804590936526,463.5365329272396,1.3844,5.6802
1500.0,120.0,2200,0,19.452663970195296,422.86741146242275,1.5576,3.4592
1500.0,120.0,2200,1,29.805006507175264,467.6661059635542,1.3404,5.6301
1500.0,120.0,2200,1,23.333084901629704,354.3733416351229,1.3796,7.43
1500.0,120.0,2200,1,27.568738614742067,710.0017186302493,1.3705,3.7084
1500.0,120.0,2200,1,29.276869498803762,388.35627510578036,1.3487,6.7799
1500.0,120.0,2200,0,19.65782875824374,663.0624204497763,1.5692,2.2061
1500.0,120.0,2200,2,22.531901936283262,515.9315830738487,1.1746,7.088
1500.0,120.0,2200,0,22.46732306627819,378.7757681375489,1.5506,3.8619
1500.0,120.0,2200,1,31.80213171873429,747.1266699318898,1.338,3.5242
1500.0,120.0,2200,1,29.867284488270442,725.716516074097,1.3647,3.6281
1500.0,120.0,2200,2,24.8305247103827,661.0488798681627,1.2215,5.532
1500.0,120.0,2200,1,25.376141991457267,390.0230514946893,1.3891,6.7509
1500.0,120.0,2200,2,27.489819255656364,491.4352858885379,1.1839,7.4414
1500.0,120.0,2200,0,29.853463881108272,370.807070866353,1.574,3.9448
1500.0,120.0,2200,0,27.919009652692033,642.634341610748,1.5767,2.2762
1500.0,120.0,2200,2,31.332138543259518,514.0377168324864,1.1602,7.1142
1500.0,120.0,2200,0,26.60573895031736,542.7114514771602,1.5372,2.6953
1500.0,120.0,2200,0,25.726850704663917,695.8570482531304,1.5525,2.1021
1500.0,120.0,2200,2,23.40141846874476,375.31851406478654,1.1511,9.7436
1500.0,120.0,2200,2,29.788586608979564,571.3366920372919,1.181,6.4007
1500.0,120.0,2200,0,18.6871308810016,643.2138811854663,1.5347,2.2742
1500.0,120.0,2200,1,21.72285896280211,466.97576270692053,1.3677,5.6384
1500.0,120.0,2200,0,18.38265464160287,685.2723538336968,1.5487,2.1346
1500.0,120.0,2200,2,21.45004065545284,581.269150487321,1.16,6.2913
1500.0,120.0,2200,1,22.393563519959415,629.6482244985867,1.4032,4.1817
1500.0,120.0,2200,1,30.666061918925898,558.8392558030864,1.3844,4.7116
1500.0,120.0,2200,1,24.43315307840953,479.1398381980425,1.3822,5.4953
1500.0,120.0,2200,2,20.01513596681761,499.6582415723911,1.1586,7.3189
1500.0,120.0,2200,2,31.114873851245658,719.53784004627,1.2126,5.0824
1500.0,120.0,2200,1,20.48606685514663,644.4121075306628,1.3933,4.0859
1500.0,120.0,2200,1,30.31474582178233,680.0464814941453,1.3307,3.8718
1500.0,120.0,2200,1,28.118142466783105,741.3742773113561,1.3639,3.5515
1500.0,120.0,2200,1,29.833739557660607,609.9835550510031,1.3217,4.3165
1500.0,120.0,2200,0,20.633505466360802,439.4196028857435,1.5593,3.3289
1500.0,120.0,2200,2,29.7380294907679,522.9578843309274,1.1407,6.9928
1500.0,120.0,2200,2,21.194533388285006,712.8547443526493,1.1556,5.13
1500.0,120.0,2200,0,27.311578716877662,643.9691666332359,1.5791,2.2715
1500.0,120.0,2200,2,18.872217980909063,516.4134069109814,1.1415,7.0814
1500.0,120.0,2200,0,25.569441427506277,397.84301688900365,1.5583,3.6768
1500.0,120.0,2200,0,21.497332509499458,417.5035267653076,1.5379,3.5036
1500.0,120.0,2200,0,20.434663700611562,378.46458497672836,1.5739,3.865
1500.0,120.0,2200,1,22.651950044363975,486.8012331227675,1.3612,5.4088
1500.0,120.0,2200,1,21.051302668177744,639.8998156852629,1.4027,4.1147
1500.0,120.0,2200,1,23.02167436050142,407.6375714859662,1.3759,6.4592
1500.0,120.0,2200,0,26.8223060441789,500.1994578835449,1.5476,2.9244
1500.0,120.0,2200,0,19.270374658724936,597.3729634764986,1.5361,2.4487
1500.0,120.0,2200,1,24.32273482411229,478.20502290358684,1.3385,5.506
1500.0,120.0,2200,2,31.96635447373955,353.91242223375787,1.1746,10.3329
1500.0,120.0,2200,0,25.52768387798725,541.4056447943283,1.5462,2.7018
1500.0,120.0,2200,0,30.708481675057264,373.8756794310046,1.5762,3.9125
1500.0,120.0,2200,1,24.346916498514442,384.3106909751937,1.3887,6.8512
1500.0,120.0,2200,1,30.175992326424876,440.8162522776519,1.3803,5.973
1500.0,120.0,2200,1,29.994400596324937,604.655689431743,1.3835,4.3545
1500.0,120.0,2200,0,18.224758088212138,531.1633753447907,1.5324,2.7539
1500.0,120.0,2200,0,20.826971681250434,522.0610601744313,1.5467,2.8019
1500.0,120.0,2200,2,25.723469940572514,551.8727962092668,1.1645,6.6264
1500.0,120.0,2200,0,20.092551567110732,472.30197034478346,1.5567,3.0971
1500.0,120.0,2200,2,30.818376988173767,709.8764581525004,1.2391,5.1515
1500.0,120.0,2200,1,21.40543239993702,550.4195561469423,1.3657,4.7836
1500.0,120.0,2200,0,19.865313334411702,561.8975307810708,1.574,2.6033
1500.0,120.0,2200,2,25.252085220606055,351.4355847581208,1.1548,10.4057
1500.0,120.0,2200,0,22.009523242996256,352.36319847358095,1.5528,4.1513
1500.0,120.0,2200,2,18.164637275169234,355.2244680647227,1.1906,10.2947
1500.0,120.0,2200,0,25.29183859984545,749.0263308096221,1.5544,1.9529
1500.0,120.0,2200,1,28.871229849126436,579.9776626063945,1.3659,4.5398
1500.0,120.0,2200,2,25.6959957041451,505.6060155619648,1.1486,7.2328
1500.0,120.0,2200,0,21.109291917020204,722.1709876931948,1.5578,2.0255
1500.0,120.0,2200,2,28.323515463304823,469.1362785482796,1.2514,7.7951
1500.0,120.0,2200,2,28.932127749622087,728.9117373532649,1.1694,5.017
1500.0,120.0,2200,1,23.039082071431153,402.79419514396693,1.3509,6.5368
1500.0,120.0,2200,0,19.58088156883482,618.4207785098477,1.5574,2.3653
1500.0,120.0,2200,2,21.30117474490909,600.5678256071931,1.169,6.0891
1500.0,120.0,2200,0,22.015493965914235,596.2308040356884,1.5321,2.4534
1500.0,120.0,2200,2,19.352525015616404,687.0586070343477,1.192,5.3226
1500.0,120.0,2200,0,29.669783145826067,353.52078704794974,1.5363,4.1377
1500.0,120.0,2200,0,27.77158263030806,597.3497613510691,1.5431,2.4488
1500.0,120.0,2200,0,22.27501699463853,613.0364381413567,1.5637,2.3861
1500.0,120.0,2200,0,29.41371358925433,702.6225069679178,1.5702,2.0819
1500.0,120.0,2200,1,18.142359454134745,395.524921487811,1.3855,6.657
1500.0,120.0,2200,0,20.284272997659645,669.3509156387643,1.5491,2.1854
1500.0,120.0,2200,1,28.131761379091238,511.05896707393566,1.3726,5.152
1500.0,120.0,2200,2,31.861128394274083,520.8548660915865,1.2036,7.021
1500.0,120.0,2200,1,21.938467734483183,477.25275758353774,1.4038,5.517
1500.0,120.0,2200,0,23.30453241061553,471.117228612448,1.5746,3.1049
1500.0,120.0,2200,2,23.53033183700167,714.7974595505121,1.23,5.1161
1500.0,120.0,2200,1,23.85621007030192,686.6193354084339,1.3638,3.8347
1500.0,120.0,2200,2,22.23336581719174,481.9396683042173,1.1586,7.588
1500.0,120.0,2200,0,31.82490796036635,662.6108691326303,1.5521,2.2076
1500.0,120.0,2200,0,20.71021910834203,397.32775650077264,1.5631,3.6815
1500.0,120.0,2200,1,25.51250592445492,473.30942843734834,1.3483,5.563
1500.0,120.0,2200,2,18.732259192687266,701.8040822715986,1.1683,5.2108
1500.0,120.0,2200,2,26.554226496444407,487.805176149059,1.1368,7.4967
1500.0,120.0,2200,0,24.918066826872384,709.1636761949397,1.545,2.0627
1500.0,120.0,2200,2,25.78430534278829,410.280958515466,1.1531,8.9133
1500.0,120.0,2200,2,19.965645597337108,621.3878904361671,1.2436,5.8851
1500.0,120.0,2200,1,28.94635511659689,698.4406119175253,1.3625,3.7698
1500.0,120.0,2200,0,18.039035124578124,562.2767943911382,1.545,2.6015
1500.0,120.0,2200,0,31.97653307994935,745.2362545610879,1.5489,1.9628
1500.0,120.0,2200,0,19.41815089657762,606.6961127458658,1.5341,2.4111
1500.0,120.0,2200,1,30.914753134621723,567.1434808617677,1.3639,4.6426
1500.0,120.0,2200,0,20.01259290552786,411.8688425376871,1.5743,3.5516
1500.0,120.0,2200,1,27.928122161405863,517.8730587156052,1.3658,5.0843
1500.0,120.0,2200,0,24.310819656466087,523.4027244739634,1.5787,2.7947
1500.0,120.0,2200,2,29.5068749578258,475.56320615550675,1.2448,7.6897
1500.0,120.0,2200,1,23.47800189696273,742.1344350287909,1.3991,3.5479
1500.0,120.0,2200,2,31.434327356247575,666.6534807240746,1.2327,5.4855
1500.0,120.0,2200,0,18.25971240306293,585.2708146356639,1.5475,2.4993
1500.0,120.0,2200,2,28.70592148479136,410.2639435643049,1.2093,8.9136
1500.0,120.0,2200,2,22.968881555192677,734.4729870623443,1.1717,4.979
1500.0,120.0,2200,2,22.728634047692616,468.1467709458988,1.2195,7.8115
1500.0,120.0,2200,2,19.67903600377438,589.3032741371777,1.1514,6.2055
1500.0,120.0,2200,0,30.107485432821406,547.5124181368996,1.5468,2.6717
1500.0,120.0,2200,0,22.746794262453164,457.3882206377987,1.5517,3.1981
1500.0,120.0,2200,1,30.961302743534368,494.96562389526497,1.3648,5.3196
1500.0,120.0,2200,0,18.37395249065628,580.9379542460467,1.5583,2.518
1500.0,120.0,2200,0,24.87370503849822,389.04833772884774,1.542,3.7599
1500.0,120.0,2200,1,23.184599354074983,651.3013371111231,1.3701,4.0427
1500.0,120.0,2200,0,30.697181651335413,374.58115783948216,1.5695,3.9051
1500.0,120.0,2200,1,31.23372420984083,716.056020233644,1.3531,3.6771
1500.0,120.0,2200,2,18.14110188020942,424.4553377946273,1.1787,8.6156
1500.0,120.0,2200,1,20.51560566554348,684.6902578323563,1.3366,3.8455
1500.0,120.0,2200,0,29.50732306635392,650.340747817771,1.5701,2.2492
1500.0,120.0,2200,1,30.60668100980127,602.9973180161538,1.3741,4.3665
1500.0,120.0,2200,1,27.110917279115128,581.5085260155605,1.3405,4.5279
1500.0,120.0,2200,1,26.906227876403204,390.7832688274169,1.4,6.7377
1500.0,120.0,2200,1,27.889513177726457,628.8360989374391,1.3756,4.1871
1500.0,120.0,2200,2,22.851903833586725,469.3981521984567,1.1766,7.7907
1500.0,120.0,2200,0,19.51436463700519,449.57834862567313,1.5468,3.2537
1500.0,120.0,2200,2,23.652462413995615,717.6567644233967,1.1301,5.0957
1500.0,120.0,2200,0,24.988191806781966,686.0160715626604,1.5616,2.1323
1500.0,120.0,2200,2,24.59119927256892,372.16288375066785,1.1851,9.8262
1500.0,120.0,2200,2,24.351822727035874,728.0826093222527,1.2034,5.0227
1500.0,120.0,2200,0,26.85605690188919,398.8325135904409,1.5329,3.6676
1500.0,120.0,2200,0,19.311069454280315,501.50855772335774,1.5345,2.9168
1500.0,120.0,2200,1,23.716788574192865,430.78174831725886,1.3942,6.1121
1500.0,120.0,2200,2,29.273712623378977,653.3544641882792,1.1569,5.5972
1500.0,120.0,2200,2,26.767218287404965,462.38302325536813,1.1367,7.9089
1500.0,120.0,2200,0,31.877652058134522,455.33311855577676,1.5661,3.2125
1500.0,120.0,2200,0,27.667133668082972,696.4525176180645,1.5659,2.1003
1500.0,120.0,2200,1,26.765771439682503,414.6714922835631,1.3199,6.3496
1500.0,120.0,2200,1,23.537834991195332,506.41868489131906,1.357,5.1993
1500.0,120.0,2200,1,22.451941027775632,477.1952742296818,1.4007,5.5177
1500.0,120.0,2200,2,21.97930018131254,500.9101815388485,1.1584,7.3006
1500.0,120.0,2200,0,21.568377333949897,697.4247564322316,1.5719,2.0974
1500.0,120.0,2200,1,26.089729581033218,473.5755698693191,1.3553,5.5598
1500.0,120.0,2200,2,26.551987646303214,385.9682523132739,1.2428,9.4747
1500.0,120.0,2200,2,22.030869984141454,641.5618752845749,1.141,5.7001
1500.0,120.0,2200,0,27.30069861739655,628.8483307450274,1.5658,2.3261
1500.0,120.0,2200,1,28.60581902289988,528.0514557129098,1.3817,4.9863
1500.0,120.0,2200,0,26.25866469732083,547.9508668556715,1.5675,2.6695
1500.0,120.0,2200,1,21.660079907952966,517.0056391602684,1.3331,5.0928
1500.0,120.0,2200,1,30.53381357318385,609.817205157507,1.3289,4.3177
1500.0,120.0,2200,0,19.073809571323096,727.5664116434268,1.5562,2.0105
1500.0,120.0,2200,0,22.283019183721173,519.8214226072373,1.5691,2.814
1500.0,120.0,2200,1,23.579437973346636,414.68141882946225,1.338,6.3495
1500.0,120.0,2200,0,29.723302720719964,604.581793415342,1.5784,2.4195
1500.0,120.0,2200,0,21.384112456249092,363.5119327816679,1.5787,4.024
1500.0,120.0,2200,0,24.863116318390006,381.73671823150244,1.5689,3.8319
1500.0,120.0,2200,1,20.25852733862758,370.04790874560376,1.3566,7.1153
1500.0,120.0,2200,1,22.85072302100922,553.0213328170585,1.3808,4.7611
1500.0,120.0,2200,0,28.32569624529568,637.6329895184418,1.5342,2.2941
1500.0,120.0,2200,1,26.95656549681247,425.3039604676367,1.4035,6.1909
1500.0,120.0,2200,2,23.22547217084197,382.029752887391,1.2093,9.5724
1500.0,120.0,2200,1,27.423868371740667,413.11959107798543,1.3361,6.3735
1500.0,120.0,2200,2,22.071381249506036,463.46042559670394,1.1827,7.8905
1500.0,120.0,2200,0,27.75346307082078,667.536918383035,1.5719,2.1913
1500.0,120.0,2200,0,28.30029122585784,467.6992676907936,1.5339,3.1276
1500.0,120.0,2200,1,28.173636467560733,403.57563604470926,1.3255,6.5242
1500.0,120.0,2200,0,18.56136804502454,502.8129477924366,1.5508,2.9092
1500.0,120.0,2200,0,26.39284993817182,567.8970027821927,1.5499,2.5758
1500.0,120.0,2200,1,18.854051282041752,494.2110018550703,1.3672,5.3277
1500.0,120.0,2200,0,31.959764079895514,453.7273778460923,1.5661,3.2239
1500.0,120.0,2200,0,18.673410423225544,395.03739696189814,1.5771,3.7029
1500.0,120.0,2200,2,27.61056124821151,590.8522494863859,1.1674,6.1893
1500.0,120.0,2200,0,29.715623359258494,637.8188673136276,1.5537,2.2934
1500.0,120.0,2200,2,22.524621658299814,726.115935747054,1.2047,5.0363
1500.0,120.0,2200,1,21.660174820073756,441.4007677651502,1.3615,5.9651
1500.0,120.0,2200,2,31.94877910791933,377.405730999263,1.1557,9.6897
1500.0,120.0,2200,1,25.9600627783329,467.3254875981727,1.3465,5.6342
1500.0,120.0,2200,0,19.771825163700594,679.3172995720238,1.5597,2.1533
1500.0,120.0,2200,2,21.048401090345642,373.15282743155865,1.1323,9.8001
1500.0,120.0,2200,2,21.94318079365239,728.3824428025035,1.2402,5.0206
1500.0,120.0,2200,1,26.900856380402672,387.29180803870327,1.3764,6.7985
1500.0,120.0,2200,2,28.29862763168326,561.9589307771081,1.1554,6.5075
1500.0,120.0,2200,2,27.055690065104812,429.6194672798496,1.1649,8.5121
1500.0,120.0,2200,2,21.06038912280993,625.3384830966936,1.1472,5.8479
1500.0,120.0,2200,0,25.47401536319932,620.3051740789153,1.58,2.3582
1500.0,120.0,2200,0,21.4800530384666,699.6998482446711,1.5551,2.0906
1500.0,120.0,2200,1,31.756380785624785,483.1194890336747,1.3366,5.45
1500.0,120.0,2200,2,31.43928275646001,502.9247085689153,1.1942,7.2714
1500.0,120.0,2200,1,20.755111340614704,395.03009533643774,1.4016,6.6653
1500.0,120.0,2200,0,18.586188084802558,704.5426128049035,1.5386,2.0762
1500.0,120.0,2200,1,25.506847131789442,571.3295366095706,1.33,4.6085
1500.0,120.0,2200,0,23.861422233014007,709.4303764755114,1.5789,2.0619
1500.0,120.0,2200,0,22.478040079050018,462.27087720183596,1.5372,3.1643
1500.0,120.0,2200,2,21.79861499612105,404.98621750959325,1.1616,9.0298
1500.0,120.0,2200,0,19.464882434853262,708.4874210471179,1.5652,2.0646
1500.0,120.0,2200,0,22.97798491936244,573.8792192670169,1.5597,2.5489
1500.0,120.0,2200,1,29.17536598439736,524.6903986797324,1.3376,5.0182
1500.0,120.0,2200,0,19.38096649691943,736.7381349131758,1.5588,1.9855
1500.0,120.0,2200,0,31.267026987451775,497.62327497654803,1.5485,2.9395
1500.0,120.0,2200,2,21.136788346433647,397.6914611343143,1.1432,9.1954
1500.0,120.0,2200,1,19.345013325001357,664.0634754688423,1.3279,3.965
1500.0,120.0,2200,0,20.874266225874546,578.8284970541987,1.5694,2.5271
1500.0,120.0,2200,1,22.637390203080702,709.4599583466666,1.3933,3.7113
1500.0,120.0,2200,2,26.98655737889617,431.63790925311594,1.17,8.4722
1500.0,120.0,2200,0,23.635074176758646,677.5842310886176,1.5707,2.1588
1500.0,120.0,2200,1,21.526832036813968,588.2147594329625,1.3573,4.4763
1500.0,120.0,2200,2,22.31377673845016,544.043652871822,1.2066,6.7218
1500.0,120.0,2200,2,31.314402587506123,463.1511374253221,1.139,7.8958
1500.0,120.0,2200,2,18.771219765902682,509.6763014409652,1.2302,7.175
1500.0,120.0,2200,0,19.737595671340546,601.3341801912587,1.5635,2.4326
1500.0,120.0,2200,1,20.353312311270702,643.5590484109915,1.3304,4.0913
1500.0,120.0,2200,0,31.29138498770166,720.4120580458056,1.544,2.0305
1500.0,120.0,2200,2,26.319196067484672,472.6662562137686,1.1419,7.7368
1500.0,120.0,2200,0,23.04604977789039,642.9376928921617,1.5342,2.2751
1500.0,120.0,2200,1,30.093946186059576,396.18622022132894,1.3889,6.6459
1500.0,120.0,2200,2,24.972684623011993,711.4827412804328,1.2263,5.1399
1500.0,120.0,2200,2,22.62324871422244,366.4210383969458,1.2512,9.9802
1500.0,120.0,2200,1,21.315640834076856,584.1600429305682,1.3448,4.5073
1500.0,120.0,2200,2,22.23618191724205,463.8062349921775,1.202,7.8846
1500.0,120.0,2200,1,20.117710232209873,726.2369285033209,1.3516,3.6255
1500.0,120.0,2200,2,23.868239342345966,371.1801037464729,1.2032,9.8522
1500.0,120.0,2200,0,31.072677208157273,426.29859161308156,1.5675,3.4313
1500.0,120.0,2200,2,19.080748221194725,451.40502420535745,1.1489,8.1012
1500.0,120.0,2200,0,21.51884719072767,392.4335166664439,1.572,3.7275
1500.0,120.0,2200,2,20.54709959996599,568.3064774711876,1.1541,6.4348
1500.0,120.0,2200,1,22.59820543528556,685.7894624173479,1.3607,3.8394
1500.0,120.0,2200,1,28.143129260579936,704.7669171537166,1.361,3.736
1500.0,120.0,2200,0,28.875594014885202,610.474682715935,1.571,2.3961
1500.0,120.0,2200,0,23.540246005382706,637.1264525180904,1.5427,2.2959
1500.0,120.0,2200,0,21.90502490561708,727.0836185529116,1.5384,2.0118
1500.0,120.0,2200,1,25.63201960513571,720.1255365546159,1.3373,3.6563
1500.0,120.0,2200,1,27.55364811334686,663.5776667845541,1.3422,3.9679
1500.0,120.0,2200,0,29.50887341221872,597.1847475705478,1.5698,2.4495
1500.0,120.0,2200,1,21.625864075624577,398.8679189664628,1.3862,6.6012
1500.0,120.0,2200,1,28.636795358870636,587.3937614704671,1.3246,4.4825
1500.0,120.0,2200,0,24.837048072968443,464.3579736285424,1.5742,3.1501
1500.0,120.0,2200,1,26.057508303688117,563.1716814393826,1.3815,4.6753
1500.0,120.0,2200,0,25.08057055243509,510.2530115812673,1.554,2.8668
1500.0,120.0,2200,1,30.92475853646075,517.736706650105,1.3945,5.0856
1500.0,120.0,2200,2,22.8614792396873,591.4445058108454,1.1343,6.1831
1500.0,120.0,2200,0,18.234667406003634,625.4530115188443,1.5642,2.3387
1500.0,120.0,2200,0,24.545988657519427,716.3135319243997,1.5447,2.0421
1500.0,120.0,2200,2,23.461256518513512,389.98754221846093,1.1399,9.3771
1500.0,120.0,2200,0,29.03908435181247,643.580047384419,1.5725,2.2729
1500.0,120.0,2200,2,22.801073936107876,724.0098781516563,1.1311,5.051
1500.0,120.0,2200,2,23.109685540898845,442.1932310205235,1.1673,8.27
1500.0,120.0,2200,0,27.72391768624918,398.0749066517515,1.5433,3.6746
1500.0,120.0,2200,0,25.53819442086987,655.8289405781982,1.5374,2.2304
1500.0,120.0,2200,1,20.275230007337278,723.0119442807729,1.3267,3.6417
1500.0,120.0,2200,2,26.2538460693038,618.6834637502826,1.1867,5.9108
1500.0,120.0,2200,2,22.95685185007483,441.14027876833677,1.1896,8.2898
1500.0,120.0,2200,1,18.202496365662977,682.0046531418877,1.3472,3.8607
1500.0,120.0,2200,1,25.47704659943821,606.1736615925615,1.367,4.3436
1500.0,120.0,2200,2,25.47011606013018,597.2410973619978,1.2333,6.1231
1500.0,120.0,2200,1,24.904511748363728,443.18580450840045,1.3881,5.9411
1500.0,120.0,2200,1,20.42448392654621,681.4047586288458,1.3184,3.8641
1500.0,120.0,2200,2,24.253799277541567,559.4093614183045,1.1846,6.5372
1500.0,120.0,2200,1,22.289514725239627,458.41256308126367,1.3845,5.7437
1500.0,120.0,2200,1,20.17401901085725,695.4473415771649,1.3962,3.7861
1500.0,120.0,2200,0,24.476139038555424,456.32087200100693,1.5801,3.2056
1500.0,120.0,2200,1,29.802308500950716,694.9054738307666,1.3801,3.789
1500.0,120.0,2200,2,25.674182488638923,529.2235961409456,1.229,6.91
1500.0,120.0,2200,2,21.28223348510289,458.7766267422008,1.2144,7.9711
1500.0,120.0,2200,2,23.83524633087528,678.4536073842437,1.2421,5.3901
1500.0,120.0,2200,1,25.9600363883146,546.6449735888673,1.3542,4.8167
1500.0,120.0,2200,1,22.573229151936058,528.7748470506114,1.3179,4.9794
1500.0,120.0,2200,2,19.730341781844192,410.0884802893454,1.1605,8.9174
1500.0,120.0,2200,1,27.613574154641856,360.91507749307385,1.4049,7.2953
1500.0,120.0,2200,2,30.754654166593625,745.1889045343294,1.2509,4.9074
1500.0,120.0,2200,2,28.90838617567891,737.1364870217135,1.2068,4.961
1500.0,120.0,2200,0,30.019542095435792,564.962554996988,1.5573,2.5892
1500.0,120.0,2200,2,28.633574320011395,522.0033654903043,1.1483,7.0056
1500.0,120.0,2200,0,24.530989719498624,425.0107712284894,1.5451,3.4417
1500.0,120.0,2200,0,21.721756057205166,734.622727564966,1.5567,1.9912
1500.0,120.0,2200,2,24.07724512137313,582.2277543534165,1.2123,6.281
1500.0,120.0,2200,0,20.57260865797621,547.8740130970766,1.5548,2.6699
1500.0,120.0,2200,2,30.571756635585107,574.9439067085962,1.2053,6.3605
1500.0,120.0,2200,1,25.34777394595975,737.3193729560446,1.3225,3.571
1500.0,120.0,2200,0,25.446666171181697,683.335750323876,1.5539,2.1406
1500.0,120.0,2200,1,18.183445173584563,574.7775277819233,1.3902,4.5809
1500.0,120.0,2200,2,18.84768096844409,423.98908461698363,1.2386,8.6251
1500.0,120.0,2200,0,29.478977913232,652.7105697282177,1.5623,2.2411
1500.0,120.0,2200,2,29.63307431757012,543.1708399432418,1.1457,6.7326
1500.0,120.0,2200,0,22.470811921055514,478.0246467119752,1.552,3.06
1500.0,120.0,2200,1,27.748763961251058,493.5714825548254,1.319,5.3346
1500.0,120.0,2200,0,20.13345141680686,454.36424070442644,1.5713,3.2194
1500.0,120.0,2200,2,18.474463030545458,365.8478336718299,1.1677,9.9958
1500.0,120.0,2200,2,29.623094638054116,634.6785522550006,1.1543,5.7619
1500.0,120.0,2200,2,18.19071509545861,503.135408010397,1.1844,7.2683
1500.0,120.0,2200,1,19.011544586050906,629.8645237971474,1.4012,4.1803
1500.0,120.0,2200,1,25.177854331786264,668.3935652072423,1.3437,3.9393
1500.0,120.0,2200,0,27.221725838897193,633.4596266379376,1.559,2.3092
1500.0,120.0,2200,0,26.059530016926573,673.77565204635,1.5319,2.171
1500.0,120.0,2200,0,25.99532272266792,728.8930456949499,1.5507,2.0068
1500.0,120.0,2200,2,20.484140265548906,573.8720451657217,1.15,6.3724
1500.0,120.0,2200,0,28.902957752735077,522.8783200429343,1.5389,2.7975
1500.0,120.0,2200,1,29.687945543549144,390.35564862018816,1.3889,6.7451
1500.0,120.0,2200,0,22.33148412959155,440.30278063103344,1.5442,3.3222
1500.0,120.0,2200,0,18.38374689945316,708.2736863870682,1.5639,2.0653
1500.0,120.0,2200,2,26.720540065667876,610.628821826277,1.1365,5.9888
1500.0,120.0,2200,0,23.150714755719488,591.1535373580397,1.5396,2.4744
1500.0,120.0,2200,0,18.69163914381056,602.0694427850378,1.5698,2.4296
1500.0,120.0,2200,1,22.04676042895121,447.30890761077364,1.3175,5.8863
1500.0,120.0,2200,2,24.443570182403874,354.711171928309,1.1939,10.3096
1500.0,120.0,2200,1,31.091195075449193,747.5258588738684,1.3721,3.5223
1500.0,120.0,2200,1,22.130133739438584,447.9027106739969,1.4021,5.8785
1500.0,120.0,2200,1,18.065978315406305,547.3431304097181,1.3661,4.8105
1500.0,120.0,2200,2,21.79724023325871,576.2138763028511,1.165,6.3465
1500.0,120.0,2200,0,29.512430235341803,729.9408982249831,1.5755,2.004
1500.0,120.0,2200,2,24.73494692889939,424.5346395971057,1.2318,8.614
1500.0,120.0,2200,2,18.66022555736889,465.67668931704645,1.1744,7.853
1500.0,120.0,2200,2,27.2742251737926,571.0414465544624,1.2179,6.404
1500.0,120.0,2200,1,24.27067334312018,598.0239668061686,1.3747,4.4028
1500.0,120.0,2200,0,25.94857947252695,466.5290498676207,1.5796,3.1354
1500.0,120.0,2200,2,27.937341760800187,388.5784608746218,1.14,9.4111
1500.0,120.0,2200,1,28.799334833294967,443.08857808329884,1.3861,5.9424
1500.0,120.0,2200,0,22.377757344330828,618.7013156923147,1.5405,2.3643
1500.0,120.0,2200,2,29.14907961098035,395.2419222382836,1.207,9.2524
1500.0,120.0,2200,2,29.464241925054544,581.8182568001424,1.1394,6.2854
1500.0,120.0,2200,0,31.80247264548899,398.0995607851636,1.5536,3.6744
1500.0,120.0,2200,1,21.54395688615841,707.9559938032191,1.3574,3.7192
1500.0,120.0,2200,1,19.80117567580527,357.4254253304169,1.3902,7.3666
1500.0,120.0,2200,2,25.55533400207034,522.8227444543259,1.1393,6.9946
1500.0,120.0,2200,0,28.967035315883788,659.8476966676524,1.541,2.2168
1500.0,120.0,2200,2,27.439881906315456,437.9054775269512,1.1724,8.351
1500.0,120.0,2200,2,23.95142470044322,428.39442847349585,1.1586,8.5364
1500.0,120.0,2200,2,20.78025085919542,677.6949340723075,1.2199,5.3961
1500.0,120.0,2200,0,19.240393710229366,455.80995548514267,1.5406,3.2092
1500.0,120.0,2200,0,26.92925511294586,612.752043491256,1.5804,2.3872
1500.0,120.0,2200,2,18.632942341799044,472.1121734579913,1.2464,7.7459
1500.0,120.0,2200,0,23.22321854205538,521.8617891082312,1.5486,2.803
1500.0,120.0,2200,2,18.46139823601678,641.1168504764482,1.1428,5.704
1500.0,120.0,2200,2,24.391807613241365,364.6753379781924,1.1911,10.0279
1500.0,120.0,2200,0,28.982357275308527,474.57551955391705,1.5521,3.0823
1500.0,120.0,2200,0,18.56008756865323,650.3787413977783,1.5625,2.2491
1500.0,120.0,2200,0,19.670300576678827,674.8508088493049,1.5554,2.1676
1500.0,120.0,2200,2,21.462570967145762,583.4698292947032,1.1547,6.2676
1500.0,120.0,2200,1,26.41959996604031,712.664620922246,1.3403,3.6946
1500.0,120.0,2200,0,20.05923513620971,593.8044984876856,1.5411,2.4634
1500.0,120.0,2200,1,25.72613185509016,631.0896634426907,1.3597,4.1721
1500.0,120.0,2200,2,23.512295959965066,354.8464129276602,1.1495,10.3057
1500.0,120.0,2200,2,23.98499184071723,596.109582711691,1.1706,6.1347
1500.0,120.0,2200,0,29.752777658827934,565.2073941114135,1.5776,2.588
1500.0,120.0,2200,0,25.05374284927855,522.7106677532008,1.5456,2.7984
1500.0,120.0,2200,1,27.595641949537328,629.2968624980956,1.3311,4.184
1500.0,120.0,2200,0,26.93161808290273,548.3572066053227,1.5614,2.6676
1500.0,120.0,2200,2,25.029191371088494,601.8760855265272,1.1637,6.0759
1500.0,120.0,2200,0,23.962217975308,472.6775623301748,1.5397,3.0947
1500.0,120.0,2200,1,29.263736338664998,694.1288590076833,1.3694,3.7932
1500.0,120.0,2200,2,21.301603654700703,671.3845723039121,1.1928,5.4469
1500.0,120.0,2200,2,31.13023551252479,473.15641984444505,1.1911,7.7288
1500.0,120.0,2200,1,28.917717907307342,487.75155090239116,1.383,5.3982
1500.0,120.0,2200,1,24.16398494281855,417.9616999262296,1.3674,6.2996
1500.0,120.0,2200,1,21.80634761203566,610.6309491166096,1.3174,4.3119
1500.0,120.0,2200,1,29.773641329938915,399.1737529603007,1.3287,6.5961
1500.0,120.0,2200,0,29.911298258303745,507.5623149521266,1.5419,2.882
1500.0,120.0,2200,1,26.193797389309807,654.2126032569674,1.3823,4.0247
1500.0,120.0,2200,0,18.104902586737545,551.2117379450552,1.5751,2.6537
1500.0,120.0,2200,1,27.960243618220815,732.3945813074984,1.3793,3.5951
1500.0,120.0,2200,1,25.251791429567874,399.0488900427879,1.3302,6.5982
1500.0,120.0,2200,0,24.705853983440537,448.33888692167545,1.5727,3.2627
1500.0,120.0,2200,1,27.999395813371788,427.2615435826493,1.3451,6.1625
1500.0,120.0,2200,1,30.423933638824394,721.4064930637512,1.335,3.6498
1500.0,120.0,2200,0,29.129279598635286,360.0692233749738,1.544,4.0625
1500.0,120.0,2200,0,27.95998958337077,718.3114114868107,1.5767,2.0364
1500.0,120.0,2200,0,31.044301267083924,488.7572809849969,1.5691,2.9929
1500.0,120.0,2200,0,29.132328079227275,619.5486911111883,1.5386,2.361
1500.0,120.0,2200,1,22.323119427919863,723.2538282114414,1.3885,3.6405
1500.0,120.0,2200,0,28.53182558173286,484.36503929097285,1.5416,3.02
1500.0,120.0,2200,0,24.637122725286904,493.82767106335723,1.5722,2.9621
1500.0,120.0,2200,1,22.77707680063255,535.4145706270564,1.331,4.9177
1500.0,120.0,2200,1,19.611444470843928,475.27989806962603,1.3807,5.5399
1500.0,120.0,2200,0,21.912396683005785,463.5262668353739,1.5718,3.1558
1500.0,120.0,2200,1,25.697394229639023,637.9186762700722,1.3981,4.1275
1500.0,120.0,2200,0,20.222363310362137,566.1460140926674,1.5783,2.5837
1500.0,120.0,2200,2,21.46320873198497,400.21979318900236,1.2056,9.1373
1500.0,120.0,2200,0,25.716452070906392,469.75588605348094,1.5665,3.1139
1500.0,120.0,2200,2,20.276924735941797,590.7819469129992,1.1465,6.19
1500.0,120.0,2200,2,29.356006295203898,483.95746699719734,1.1506,7.5563
1500.0,120.0,2200,2,20.1390435548441,601.4271996407028,1.2494,6.0804
1500.0,120.0,2200,0,23.64007396789753,714.4312378733788,1.5422,2.0475
1500.0,120.0,2200,2,31.25036166602024,426.72316152154576,1.2143,8.5698
1500.0,120.0,2200,0,30.77382898629766,547.1341849714795,1.5495,2.6735
1500.0,120.0,2200,0,29.938052125774426,563.4796699432695,1.5485,2.596
1500.0,120.0,2200,1,19.100517207725257,546.6986252821229,1.3215,4.8162
1500.0,120.0,2200,1,25.111175959789158,405.63830439167646,1.3401,6.491
1500.0,120.0,2200,2,20.18566869754556,462.47478811589446,1.1365,7.9073
1500.0,120.0,2200,1,26.647292983229775,695.7089179767911,1.3601,3.7846
1500.0,120.0,2200,2,21.771637304753686,660.8749414230571,1.1599,5.5335
1500.0,120.0,2200,2,22.727903954727644,703.1808360974314,1.2344,5.2006
1500.0,120.0,2200,1,27.491899765910006,683.6938154654647,1.3252,3.8511
1500.0,120.0,2200,1,27.773476799262404,477.5647052217973,1.3232,5.5134
1500.0,120.0,2200,0,27.861102928127956,454.739370888881,1.5476,3.2167
1500.0,120.0,2200,2,27.609294208107563,485.02999618693366,1.1683,7.5396
1500.0,120.0,2200,1,25.999504275597385,586.3885282923904,1.3871,4.4902
1500.0,120.0,2200,1,26.500841336641628,632.7952631480077,1.3178,4.1609
1500.0,120.0,2200,0,28.673930793165063,550.0959682228862,1.532,2.6591
1500.0,120.0,2200,2,30.901325027004745,371.5732477019428,1.1423,9.8418
1500.0,120.0,2200,2,18.451432645891003,373.4072913153121,1.2072,9.7934
1500.0,120.0,2200,2,20.960832492934284,425.0041905903664,1.1529,8.6045
1500.0,120.0,2200,0,24.279157308318734,732.8868779026752,1.5356,1.9959
1500.0,120.0,2200,0,31.779283284655207,676.6466963685075,1.5571,2.1618
1500.0,120.0,2200,1,18.449111201545566,461.9402851033894,1.4003,5.6999
1500.0,120.0,2200,0,25.42921710934849,487.6657233725955,1.5472,2.9995
1500.0,120.0,2200,1,26.942132032511914,657.3001400878787,1.3413,4.0058
1500.0,120.0,2200,0,22.43059800135399,447.52309449141507,1.5624,3.2686
1500.0,120.0,2200,2,31.281374514326703,516.4046064841006,1.2316,7.0815
1500.0,120.0,2200,2,31.92119271467936,570.000434942765,1.1583,6.4157
1500.0,120.0,2200,2,26.719810081667116,530.4105642531015,1.223,6.8946
1500.0,120.0,2200,1,25.67976474777202,468.55224116887825,1.3868,5.6194
1500.0,120.0,2200,1,19.30553398697902,403.07848383176105,1.3712,6.5322
1500.0,120.0,2200,2,26.040582489355877,373.46568831672624,1.138,9.7919
1500.0,120.0,2200,2,20.722328331600444,406.0819686447854,1.1466,9.0054
1500.0,120.0,2200,2,28.61779633663493,666.5235192843429,1.155,5.4866
1500.0,120.0,2200,1,27.504617564903185,575.3250737126295,1.402,4.5765
1500.0,120.0,2200,2,25.449028250868537,725.836929200224,1.1651,5.0382
1500.0,120.0,2200,1,18.044310273384507,512.4842346835387,1.3385,5.1377
1500.0,120.0,2200,2,19.810613753366194,634.3550678800283,1.1893,5.7648
1500.0,120.0,2200,1,19.454106521853596,506.8180372156412,1.4006,5.1952
1500.0,120.0,2200,0,27.5408900801309,637.315208629878,1.544,2.2952
1500.0,120.0,2200,1,28.53447581424689,608.3217898321464,1.3434,4.3283
1500.0,120.0,2200,0,21.732574717146207,707.1498837836064,1.5583,2.0686
1500.0,120.0,2200,0,19.35483887564551,629.0180638940999,1.5414,2.3255
1500.0,120.0,2200,2,26.78281808986494,503.9300104584122,1.1309,7.2568
1500.0,120.0,2200,2,19.75053933191896,485.9353955078866,1.1493,7.5256
1500.0,120.0,2200,1,29.525375526623627,640.099566351182,1.4034,4.1134
1500.0,120.0,2200,0,23.95015121602924,716.1758439391598,1.5721,2.0425
1500.0,120.0,2200,1,19.629889568050963,411.9540832361978,1.3315,6.3915
1500.0,120.0,2200,1,22.23594337769857,480.13324902886984,1.3921,5.4839
1500.0,120.0,2200,1,19.272609846483814,374.368892425126,1.3759,7.0332
1500.0,120.0,2200,1,25.556504905316217,360.97890187610915,1.3582,7.2941
1500.0,120.0,2200,0,25.2165127527075,612.3807639068598,1.5687,2.3887
1500.0,120.0,2200,2,25.17014181872267,366.0429468740565,1.2514,9.9905
1500.0,120.0,2200,0,26.620344328461677,647.9492889725897,1.578,2.2575
1500.0,120.0,2200,2,21.074690869633255,547.2574744235217,1.144,6.6823
1500.0,120.0,2200,2,22.28937647817531,686.188260054631,1.2035,5.3294
1500.0,120.0,2200,1,28.104258326233797,749.9363404861617,1.3395,3.511
1500.0,120.0,2200,1,31.490836180785166,679.1628413661904,1.354,3.8768
1500.0,120.0,2200,2,21.629554816684376,548.0551701288857,1.1769,6.6726
1500.0,120.0,2200,0,21.120488100952386,663.9091072607326,1.5601,2.2033
1500.0,120.0,2200,2,28.268722649453515,393.3302044916031,1.21,9.2974
1500.0,120.0,2200,0,31.254258073411812,570.8927888675146,1.5572,2.5623
1500.0,120.0,2200,2,21.415444363283324,735.6358207757798,1.2026,4.9711
1500.0,120.0,2200,2,22.037007231652755,528.8213101437843,1.23,6.9153
1500.0,120.0,2200,2,26.478917902804376,639.7585031452743,1.2425,5.7161
1500.0,120.0,2200,2,19.94306457387326,575.7333967201595,1.1862,6.3518
1500.0,120.0,2200,0,27.47235793243001,410.4633370270877,1.5661,3.5637
1500.0,120.0,2200,1,30.331608939284067,358.29380021787125,1.3267,7.3487
1500.0,120.0,2200,2,23.43203101308344,484.95265568525053,1.1463,7.5408
1500.0,120.0,2200,2,25.72642597584855,397.8429253517422,1.2367,9.1919
1500.0,120.0,2200,1,19.26681978347886,515.4769636397306,1.3851,5.1079
1500.0,120.0,2200,0,22.44303707252103,556.782793233787,1.5768,2.6272
1500.0,120.0,2200,2,31.350221878064332,473.9828630319824,1.1336,7.7153
1500.0,120.0,2200,0,31.962254245261853,641.3710428866757,1.5629,2.2807
1500.0,120.0,2200,1,29.676352236393726,491.26712485527105,1.3666,5.3596
1500.0,120.0,2200,0,25.037654726048515,532.0202437203071,1.5616,2.7495
1500.0,120.0,2200,1,31.55074515484653,736.0427998959003,1.3516,3.5772
1500.0,120.0,2200,1,18.780704106506988,546.2518528202949,1.3889,4.8201
1500.0,120.0,2200,1,19.977098130507155,746.1656559219452,1.3413,3.5287
1500.0,120.0,2200,2,22.200737660185457,622.6978237278026,1.2503,5.8727
1500.0,120.0,2200,1,23.315276319520695,580.3470354717172,1.3344,4.5369
1500.0,120.0,2200,1,19.40769886646742,518.7541134259736,1.384,5.0756
1500.0,120.0,2200,1,27.323093611679923,360.8512444684541,1.3968,7.2966
1500.0,120.0,2200,0,29.750277236944417,659.6230112789419,1.5703,2.2176
1500.0,120.0,2200,0,28.202355956629052,651.8019385967023,1.5539,2.2442
1500.0,120.0,2200,2,30.649652095742173,737.1096243278573,1.1969,4.9612
1500.0,120.0,2200,1,27.231713053202327,421.34460497712814,1.3824,6.249
1500.0,120.0,2200,1,31.88759651066256,651.3834491891694,1.4035,4.0422
1500.0,120.0,2200,1,23.49266587609892,391.27654514346,1.3704,6.7293
1500.0,120.0,2200,1,28.765312412937472,518.2738918538032,1.357,5.0803
1500.0,120.0,2200,2,27.291310469541685,735.843412484544,1.1582,4.9697
1500.0,120.0,2200,2,26.194387299852746,381.83324860143,1.1434,9.5773
1500.0,120.0,2200,1,30.772279206523976,685.3435462314483,1.3404,3.8419
1500.0,120.0,2200,1,23.091876861316436,510.29416628630275,1.3915,5.1598
1500.0,120.0,2200,0,27.129713730773723,457.79981567400705,1.5325,3.1952
1500.0,120.0,2200,0,24.191320844525002,390.575423743796,1.5545,3.7452
1500.0,120.0,2200,2,20.940433484584663,428.2169372624336,1.1314,8.5399
1500.0,120.0,2200,0,31.837449607740318,421.7499413571185,1.5546,3.4684
1500.0,120.0,2200,2,22.126006874607658,529.0398472996758,1.2263,6.9124
1500.0,120.0,2200,2,30.052512089743658,390.8243001842012,1.196,9.357
1500.0,120.0,2200,0,23.26659682421684,415.30180922944885,1.5565,3.5222
1500.0,120.0,2200,1,21.522551702178152,662.4906535781774,1.3956,3.9744
1500.0,120.0,2200,1,22.356074463955068,538.6365630243351,1.3382,4.8883
1500.0,120.0,2200,0,29.639438785084437,432.51953474017466,1.5469,3.382
1500.0,120.0,2200,0,31.856900322971484,356.74388985819144,1.5453,4.1004
1500.0,120.0,2200,0,26.195819449406756,369.2859443025755,1.5631,3.9611
1500.0,120.0,2200,0,29.718433402210177,368.234250640649,1.5763,3.9724
1500.0,120.0,2200,2,22.83469186557522,484.95821637827277,1.1952,7.5407
1500.0,120.0,2200,2,18.228402151608332,741.546877733921,1.2183,4.9315
1500.0,120.0,2200,0,31.003427915704105,479.63082525533184,1.5749,3.0498
1500.0,120.0,2200,0,22.142066159763562,676.377459106349,1.5356,2.1627
1500.0,120.0,2200,0,28.64388914443609,495.8340862512429,1.58,2.9501
1500.0,120.0,2200,2,31.934768226368814,655.9754943636185,1.1699,5.5748
1500.0,120.0,2200,2,29.99497124161163,463.692264465858,1.2334,7.8866
1500.0,120.0,2200,1,20.09090028727605,381.3119735040231,1.398,6.9051
1500.0,120.0,2200,0,21.116851045734567,674.5882656846793,1.5444,2.1684
1500.0,120.0,2200,0,20.647280016397257,463.7838152803589,1.5695,3.154
1500.0,120.0,2200,2,23.409573961078237,668.105862467293,1.1601,5.4736
1500.0,120.0,2200,2,29.253613316211958,668.152613139915,1.2357,5.4732
1500.0,120.0,2200,1,26.898469877275662,408.96234399406853,1.385,6.4382
1500.0,120.0,2200,0,18.36274582425919,406.94355188221647,1.5544,3.5945
1500.0,120.0,2200,0,28.17848135935621,718.0307880298146,1.5554,2.0372
1500.0,120.0,2200,1,26.54562427384573,597.5471106432864,1.3295,4.4063
1500.0,120.0,2200,1,23.723962956951695,670.7246204010789,1.3429,3.9256
1500.0,120.0,2200,2,28.52451025276835,359.6772829194751,1.1641,10.1673
1500.0,120.0,2200,0,18.141557676287185,552.7255199014528,1.5726,2.6465
1500.0,120.0,2200,2,31.93241288130759,513.7420607161746,1.1351,7.1182
1500.0,120.0,2200,0,26.967268361038478,375.78863156019963,1.5394,3.8926
1500.0,120.0,2200,1,31.454160736344182,502.9236172623672,1.3366,5.2354
1500.0,120.0,2200,2,28.300251022684357,475.22927458196693,1.1535,7.6951
1500.0,120.0,2200,2,30.60685610441757,646.6796880752374,1.1944,5.655
1500.0,120.0,2200,1,27.53008573708764,479.3923714959155,1.3287,5.4924
1500.0,120.0,2200,0,29.396708648020784,366.392294903733,1.5584,3.9924
1500.0,120.0,2200,2,19.861957506898722,388.8259571950867,1.1748,9.4051
1500.0,120.0,2200,0,26.41951926770921,617.5974731469764,1.5751,2.3685
1500.0,120.0,2200,1,18.399514499204052,366.1574021642259,1.3626,7.1909
1500.0,120.0,2200,0,27.296586682382884,643.9766655063524,1.5726,2.2715
1500.0,120.0,2200,1,19.695865985466614,518.9227990104584,1.3523,5.074
1500.0,120.0,2200,2,21.9994879211821,401.90526882260417,1.1823,9.099
1500.0,120.0,2200,1,22.780968677043436,541.6028815556365,1.3871,4.8615
1500.0,120.0,2200,1,31.60078691062601,666.3845857208321,1.3384,3.9512
1500.0,120.0,2200,1,18.376550274561733,513.0048821521618,1.3955,5.1325
1500.0,120.0,2200,1,26.6573463440723,547.7593885354445,1.4002,4.8069
1500.0,120.0,2200,1,26.375958854452847,533.1431600587254,1.3998,4.9386
1500.0,120.0,2200,2,19.107974585029524,677.5789863686032,1.1306,5.3971
1500.0,120.0,2200,1,31.529781334993757,700.1025498146025,1.3279,3.7609
1500.0,120.0,2200,0,23.607328128071803,658.7191302649048,1.5611,2.2206
1500.0,120.0,2200,0,31.723274650373526,664.644407013725,1.5548,2.2008
1500.0,120.0,2200,1,23.49745028854175,690.5682654469642,1.3434,3.8128
1500.0,120.0,2200,1,19.831944368156122,667.7006933933028,1.3353,3.9434
1500.0,120.0,2200,2,28.585164285780397,523.1557186158483,1.25,6.9902
1500.0,120.0,2200,0,19.113977950446216,607.3491306519373,1.5477,2.4085
1500.0,120.0,2200,1,18.480880574915957,721.9003659836735,1.3422,3.6473
1500.0,120.0,2200,0,20.247298604461307,373.62979844717364,1.5576,3.915
1500.0,120.0,2200,2,25.172431817703455,643.0197550215037,1.156,5.6871
1500.0,120.0,2200,2,21.595060585842834,728.3643210922811,1.1856,5.0208
1500.0,120.0,2200,2,20.406085413870542,445.5173374285,1.1799,8.2083
1500.0,120.0,2200,0,19.88544925490589,741.211599347252,1.5643,1.9735
1500.0,120.0,2200,2,18.17477171576068,648.2323495741434,1.208,5.6414
1500.0,120.0,2200,1,18.639525738485442,383.0075264793707,1.3585,6.8745
1500.0,120.0,2200,2,24.336862264666827,558.5530736933838,1.2401,6.5472
1500.0,120.0,2200,2,19.70064152867098,599.7942727693851,1.1391,6.097
1500.0,120.0,2200,0,25.256675188077025,484.18765028608783,1.5537,3.0211
1500.0,120.0,2200,2,24.48730650266346,639.4181779339374,1.2349,5.7192
1500.0,120.0,2200,2,20.084155962854684,516.1043601970248,1.14,7.0857
1500.0,120.0,2200,1,29.120852441888022,678.0443706024919,1.3714,3.8832
1500.0,120.0,2200,0,28.121598429976533,555.2185841883426,1.5451,2.6346
1500.0,120.0,2200,0,25.04175890859848,490.6875435330091,1.5467,2.9811
1500.0,120.0,2200,2,24.026139659113717,358.5997650369057,1.2153,10.1978
1500.0,120.0,2200,0,27.22266053855752,616.6999553302257,1.5632,2.3719
1500.0,120.0,2200,2,31.534060592759865,605.2634227171272,1.1359,6.0419
1500.0,120.0,2200,1,21.195891088197204,510.8123065090872,1.3429,5.1545
1500.0,120.0,2200,0,21.41392152717321,498.3684162149787,1.5788,2.9351
1500.0,120.0,2200,1,27.836759120447304,462.7643504212292,1.3634,5.6897
1500.0,120.0,2200,1,27.167029554812018,583.2825740222563,1.3299,4.5141
1500.0,120.0,2200,0,18.20067433850281,699.750175291254,1.5619,2.0904
1500.0,120.0,2200,2,28.36598409248907,655.2029105090184,1.2039,5.5814
1500.0,120.0,2200,0,19.63921542447434,480.1373223032657,1.5592,3.0466
1500.0,120.0,2200,0,29.760512007844135,604.1836759222849,1.5341,2.4211
1500.0,120.0,2200,0,26.051299502322806,406.4710112725543,1.5784,3.5987
1500.0,120.0,2200,1,24.872402566498344,657.6389957586387,1.3427,4.0037
1500.0,120.0,2200,0,28.465512800847485,463.5419375715046,1.5626,3.1557
1500.0,120.0,2200,1,22.46455266927022,484.567534099362,1.3728,5.4337
1500.0,120.0,2200,2,30.04441645893472,474.8119743202953,1.139,7.7019
1500.0,120.0,2200,1,24.97542732497429,406.0195436104632,1.3941,6.4849
1500.0,120.0,2200,1,26.281572082235815,738.2534514013207,1.3811,3.5665
1500.0,120.0,2200,0,24.846303327300127,748.4321221317142,1.567,1.9545
1500.0,120.0,2200,1,28.094539614530206,614.4152533121726,1.3386,4.2854
1500.0,120.0,2200,1,18.35085388078904,604.8085157134879,1.3182,4.3534
1500.0,120.0,2200,0,24.262891501390282,672.0521959084913,1.5513,2.1766
1500.0,120.0,2200,0,22.66969499288394,666.5825005525564,1.5391,2.1944
1500.0,120.0,2200,1,19.11902217097439,604.0204598872568,1.3895,4.3591
1500.0,120.0,2200,2,27.558206614317946,396.579173372471,1.2477,9.2212
1500.0,120.0,2200,0,20.648639165293986,688.3795604453603,1.551,2.125
1500.0,120.0,2200,1,26.62744788511188,575.8401847836196,1.3447,4.5724
1500.0,120.0,2200,2,22.502291719743123,515.2743353403597,1.2001,7.0971
1500.0,120.0,2200,2,29.74794549562693,402.48046749636114,1.166,9.086
1500.0,120.0,2200,0,31.271806279874014,365.4417598220983,1.5453,4.0028
1500.0,120.0,2200,2,28.035413167066494,693.3305539125793,1.1824,5.2745
1500.0,120.0,2200,0,22.356879129309508,733.2676590679471,1.5386,1.9949
1500.0,120.0,2200,2,21.621346598941653,671.6669958292737,1.2004,5.4446
1500.0,120.0,2200,2,30.85544666272357,552.7560003890909,1.1328,6.6158
1500.0,120.0,2200,0,29.81514785351462,659.8328415723812,1.5389,2.2169
1500.0,120.0,2200,0,31.18306332699973,700.2456381801136,1.5766,2.0889
1500.0,120.0,2200,1,28.94969487700215,709.4076376475364,1.372,3.7115
1500.0,120.0,2200,2,25.714585850560308,416.76428626311827,1.1838,8.7746
1500.0,120.0,2200,1,27.260097654678777,448.6698718818792,1.3255,5.8685
1500.0,120.0,2200,0,28.504430313295263,488.17424882769274,1.5361,2.9964
1500.0,120.0,2200,1,22.370563799088778,668.3368143413998,1.3395,3.9396
1500.0,120.0,2200,2,26.946891807630205,424.06959879180954,1.2161,8.6235
1500.0,120.0,2200,1,31.561929985622797,715.2270434760683,1.3311,3.6813
1500.0,120.0,2200,1,24.109878942935197,551.3537989096692,1.3352,4.7755
1500.0,120.0,2200,1,30.181823323914823,433.73887851035033,1.3361,6.0705
1500.0,120.0,2200,0,31.519004038182935,396.2207213047773,1.5591,3.6918
1500.0,120.0,2200,2,25.913610943392854,573.5797592788717,1.2432,6.3756
1500.0,120.0,2200,2,20.18598829108488,375.59117257105714,1.1909,9.7365
1500.0,120.0,2200,1,22.833278179712735,571.4152042883882,1.3456,4.6079
1500.0,120.0,2200,2,26.84530975430966,454.22506958538884,1.172,8.051
1500.0,120.0,2200,0,28.822336260892435,442.0180056873181,1.5619,3.3093
1500.0,120.0,2200,1,20.559050363141218,462.5329170729159,1.3195,5.6926
1500.0,120.0,2200,0,22.917408200696997,350.7930492205826,1.5459,4.1699
1500.0,120.0,2200,1,25.750672036955606,743.9149267772173,1.3973,3.5394
1500.0,120.0,2200,1,18.964961699277456,421.10373829581084,1.3956,6.2526
1500.0,120.0,2200,1,28.671536548036322,378.808451983779,1.3218,6.9507
1500.0,120.0,2200,1,25.356090926102066,623.3670773184267,1.3454,4.2238
1500.0,120.0,2200,1,23.847956609088772,433.35563678555263,1.3474,6.0758
1500.0,120.0,2200,0,31.125071705734157,651.8461474902185,1.5484,2.2441
1500.0,120.0,2200,2,31.974293499725302,388.7787817508094,1.1699,9.4062
1500.0,120.0,2200,2,20.774585387417023,505.63327884746764,1.1342,7.2324
1500.0,120.0,2200,0,27.021786008581614,729.1948576620287,1.5486,2.006
1500.0,120.0,2200,0,23.894146116756815,652.4052553710658,1.5439,2.2421
1500.0,120.0,2200,0,20.24185013656101,537.3529133411262,1.5529,2.7222
1500.0,120.0,2200,1,19.3619880793309,455.75821941403166,1.3866,5.7772
1500.0,120.0,2200,0,31.036459025060864,517.9859936237598,1.5548,2.824
1500.0,120.0,2200,2,26.362334840853713,732.4800902852407,1.1336,4.9925
1500.0,120.0,2200,1,27.035068042359615,411.6219617762782,1.3544,6.3966
1500.0,120.0,2200,2,30.74931608777998,696.6086915984749,1.2058,5.2496
1500.0,120.0,2200,0,18.557604983338408,459.42646550356926,1.5415,3.1839
1500.0,120.0,2200,0,24.351648460707473,459.54249641180076,1.5729,3.1831
1500.0,120.0,2200,0,31.69809954189848,708.008103472442,1.5429,2.066
1500.0,120.0,2200,0,30.916265097832877,662.5039111073236,1.5476,2.208
1500.0,120.0,2200,1,20.42845782811467,367.28490562335793,1.3978,7.1688
1500.0,120.0,2200,0,21.167436135223987,728.0127164586777,1.5729,2.0093
1500.0,120.0,2200,0,18.539158603250456,388.09895687685366,1.5557,3.7691
1500.0,120.0,2200,2,23.255618012180772,664.6246349235771,1.2028,5.5023
1500.0,120.0,2200,0,23.630410751600987,534.7315555433205,1.5719,2.7355
1500.0,120.0,2200,2,29.896333720537882,445.36740988114946,1.1715,8.2111
1500.0,120.0,2200,1,28.802958218558846,481.03487045034285,1.3743,5.4736
1500.0,120.0,2200,0,27.388799093976978,586.3780579262489,1.5357,2.4946
1500.0,120.0,2200,2,18.797382781993658,622.7334908430284,1.1359,5.8724
1500.0,120.0,2200,1,29.51496726139709,480.4140579397082,1.3183,5.4807
1500.0,120.0,2200,0,18.811409549243567,499.4533637544356,1.5678,2.9288
1500.0,120.0,2200,0,26.005496025567684,594.1024792959361,1.5359,2.4622
1500.0,120.0,2200,1,22.574573509500027,467.6797486627672,1.3861,5.6299
1500.0,120.0,2200,1,26.77844689433374,615.7286456710146,1.3983,4.2762
1500.0,120.0,2200,0,31.955504154305206,662.9516549967998,1.5605,2.2065
1500.0,120.0,2200,2,29.081768416013492,742.9689807016659,1.2149,4.9221
1500.0,120.0,2200,2,28.732214378412856,700.0795759526345,1.2185,5.2236
1500.0,120.0,2200,2,19.384655688715096,374.17004945709846,1.1947,9.7735
1500.0,120.0,2200,0,23.696784250347964,734.8172175294371,1.5424,1.9907
1500.0,120.0,2200,1,28.479187659722612,557.2085381113914,1.3382,4.7253
1500.0,120.0,2200,1,29.714078525652077,510.59162169765966,1.3345,5.1568
1500.0,120.0,2200,2,21.14386309817115,354.2832665053226,1.18,10.3221
1500.0,120.0,2200,1,24.405536861777946,705.454860745894,1.3892,3.7323
1500.0,120.0,2200,1,27.41681923764481,738.508361383459,1.3885,3.5653
1500.0,120.0,2200,0,28.788033744952983,685.6948151553045,1.5742,2.1333
1500.0,120.0,2200,0,31.68823923084813,430.98336611689274,1.5793,3.394
1500.0,120.0,2200,2,25.81061849152721,366.9282435182752,1.174,9.9664
1500.0,120.0,2200,2,30.6029632971622,741.7812386458615,1.1736,4.9299
1500.0,120.0,2200,2,21.04278546687734,701.3218776246887,1.2124,5.2144
1500.0,120.0,2200,0,18.64793289357086,526.4852276491021,1.5542,2.7784
1500.0,120.0,2200,1,31.673205811342356,506.2004915142379,1.393,5.2015
1500.0,120.0,2200,1,27.026887453529937,533.9000884983825,1.3547,4.9316
1500.0,120.0,2200,0,19.120639885365836,352.66645373344204,1.5458,4.1478
1500.0,120.0,2200,2,21.211646665256378,626.5724358330592,1.2204,5.8364
1500.0,120.0,2200,2,29.864005515326618,414.88027747708355,1.2443,8.8145
1500.0,120.0,2200,1,19.469105796587467,543.6445038668961,1.3256,4.8432
1500.0,120.0,2200,1,19.450865512123332,461.0811475165133,1.3197,5.7105
1500.0,120.0,2200,0,27.59344814747987,610.9816479820727,1.5556,2.3941
1500.0,120.0,2200,2,19.500639743929923,685.9920334660063,1.189,5.3309
1500.0,120.0,2200,0,27.62441349019073,507.1099904598173,1.578,2.8845
1500.0,120.0,2200,0,26.811260967025778,367.6283547409953,1.5737,3.979
1500.0,120.0,2200,0,29.281338208543122,611.3437821256032,1.5337,2.3927
1500.0,120.0,2200,0,22.78730423194731,456.34884007747297,1.5344,3.2054
1500.0,120.0,2200,0,22.14124971819703,531.6789766311297,1.5616,2.7512
1500.0,120.0,2200,1,22.357292537112265,421.08584957533947,1.3367,6.2529
1500.0,120.0,2200,0,21.85572641199725,461.4277894350463,1.5638,3.1701
1500.0,120.0,2200,2,28.791577582515355,698.8552708834702,1.1562,5.2328
1500.0,120.0,2200,0,30.67417625662563,610.7781720606902,1.5641,2.3949
1500.0,120.0,2200,2,26.01676503025824,514.5454770789954,1.1553,7.1071
1500.0,120.0,2200,1,18.414541017919962,538.8939860578622,1.3419,4.8859
1500.0,120.0,2200,1,19.517196834335753,508.6138371531397,1.331,5.1768
1500.0,120.0,2200,0,23.458145048380246,537.2016437331073,1.5626,2.723
1500.0,120.0,2200,0,31.353467798422965,742.7753509757451,1.5805,1.9693
1500.0,120.0,2200,1,26.637548104084523,583.7028597789027,1.3664,4.5109
1500.0,120.0,2200,1,22.727666385898956,660.233254495894,1.3704,3.988
1500.0,120.0,2200,0,25.286909835148258,682.0409819825294,1.5573,2.1447
1500.0,120.0,2200,0,29.70624369042676,367.0810183290467,1.5395,3.9849
1500.0,120.0,2200,2,26.918648849826447,543.4592296763865,1.145,6.729
1500.0,120.0,2200,1,29.45553588784925,410.8071771773441,1.3489,6.4093
1500.0,120.0,2200,0,23.833145140882923,390.9617729029357,1.5575,3.7415
1500.0,120.0,2200,1,20.193060512165463,387.9356030760108,1.3291,6.7872
1500.0,120.0,2200,1,23.954340847908,674.6232085219467,1.4026,3.9029
1500.0,120.0,2200,0,19.234090465466675,355.09491700087545,1.565,4.1194
1500.0,120.0,2200,0,19.914375568188287,586.3950102508202,1.569,2.4945
1500.0,120.0,2200,2,29.703690920375347,476.39058831638874,1.1632,7.6764
1500.0,120.0,2200,2,29.052833238169473,675.407562553926,1.1711,5.4144
1500.0,120.0,2200,2,22.095557539904927,636.8056663535755,1.1619,5.7426
1500.0,120.0,2200,2,28.294656613512462,460.9317900505489,1.2281,7.9338
1500.0,120.0,2200,0,19.21581690130084,634.7344964819254,1.5571,2.3045
1500.0,120.0,2200,2,19.93310134519167,598.315699144026,1.2278,6.1121
1500.0,120.0,2200,2,21.411850382756384,619.6387820851469,1.1634,5.9017
1500.0,120.0,2200,2,19.704438234780078,372.8836633065716,1.2083,9.8072
1500.0,120.0,2200,1,20.041215542091475,435.3752557075146,1.354,6.0477
1500.0,120.0,2200,0,28.446357960973366,562.2172831234107,1.5495,2.6018
1500.0,120.0,2200,1,24.150730136566814,466.20151020827205,1.3834,5.6478
1500.0,120.0,2200,0,24.70877174689704,664.6747252442758,1.5763,2.2007
1500.0,120.0,2200,2,23.08034867480701,599.0229313253893,1.1401,6.1048
1500.0,120.0,2200,2,25.250816667790144,399.59331816942483,1.2451,9.1517
1500.0,120.0,2200,1,20.914542917437007,422.3440578970352,1.3534,6.2343
1500.0,120.0,2200,1,20.167881541000877,371.66851591772524,1.3583,7.0843
1500.0,120.0,2200,0,20.051163086899837,689.7123364853248,1.5613,2.1209
1500.0,120.0,2200,2,26.292250217956262,397.470157555155,1.2359,9.2005
1500.0,120.0,2200,1,26.877971491650598,460.23342465302636,1.3928,5.721
1500.0,120.0,2200,1,23.055242013334162,747.0867005062009,1.3306,3.5244
1500.0,120.0,2200,2,29.917417092495207,471.1270562685129,1.1552,7.7621
1500.0,120.0,2200,2,25.730674125212218,481.799183078117,1.1805,7.5902
1500.0,120.0,2200,2,21.950861129030017,618.0543798677735,1.1649,5.9169
1500.0,120.0,2200,2,30.27072464696335,542.5914109621884,1.1822,6.7398
1500.0,120.0,2200,2,19.547992900995137,614.0408464594823,1.2236,5.9555
1500.0,120.0,2200,1,19.471148261842544,621.3896515679539,1.3299,4.2373
1500.0,120.0,2200,2,25.787758332905142,568.5557288616646,1.173,6.432
1500.0,120.0,2200,0,28.48986933234392,615.2851992483418,1.5368,2.3774
1500.0,120.0,2200,1,27.927047167674075,406.289046411424,1.3912,6.4806
1500.0,120.0,2200,1,22.743995727816106,655.9618411976044,1.3223,4.014
1500.0,120.0,2200,2,24.280526275829786,356.43021016158707,1.2438,10.2599
1500.0,120.0,2200,0,19.6402720404347,669.9950572916106,1.5467,2.1833
1500.0,120.0,2200,1,25.539861339712296,663.3777218563681,1.3909,3.9691
1500.0,120.0,2200,2,21.90848831467131,730.8793734088097,1.2087,5.0035
1500.0,120.0,2200,1,29.89615416450025,600.5111186190226,1.3348,4.3846
1500.0,120.0,2200,1,20.342398099292517,624.3774875238968,1.3669,4.217
1500.0,120.0,2200,2,31.62726343467799,628.5196182861564,1.236,5.8183
1500.0,120.0,2200,2,25.75026834350335,711.4866154527936,1.1929,5.1399
1500.0,120.0,2200,2,27.772041972533295,736.4598806693899,1.1696,4.9656
1500.0,120.0,2200,0,22.640094811078534,670.4505199340385,1.5618,2.1818
1500.0,120.0,2200,1,20.515125119235783,709.9392562596863,1.3749,3.7088
1500.0,120.0,2200,2,25.781629740323563,379.4733112439758,1.2477,9.6369
1500.0,120.0,2200,1,25.299696603151503,699.2906234884131,1.3305,3.7652
1500.0,120.0,2200,0,31.24676930453673,363.36167889972467,1.5483,4.0257
1500.0,120.0,2200,2,26.23482727400751,412.13557794324,1.2229,8.8732
1500.0,120.0,2200,1,24.838780174736176,622.5479680189626,1.3574,4.2294
1500.0,120.0,2200,0,29.449080001863784,690.8385681659051,1.566,2.1174
1500.0,120.0,2200,2,27.77514086386006,740.0833868705494,1.137,4.9413
1500.0,120.0,2200,0,30.80000290187531,426.8684065071875,1.5409,3.4268
1500.0,120.0,2200,2,20.00141557489443,418.10572721018394,1.1501,8.7465
1500.0,120.0,2200,2,27.960547914705842,709.6896751682975,1.1534,5.1529
1500.0,120.0,2200,0,18.802405358844336,362.94686894466065,1.5547,4.0303
1500.0,120.0,2200,2,20.091829308042094,728.4917741054387,1.1837,5.0199
1500.0,120.0,2200,1,20.372242569762825,724.3581429409862,1.3925,3.6349
1500.0,120.0,2200,0,22.298393485608177,495.6364250671076,1.5505,2.9513
1500.0,120.0,2200,2,25.742178519967297,415.6415065412717,1.1875,8.7983
1500.0,120.0,2200,0,26.0764531167882,527.7850554110073,1.5414,2.7715
1500.0,120.0,2200,0,24.997227059303967,363.22026654219707,1.5482,4.0272
1500.0,120.0,2200,1,30.62577701203098,731.2667984716599,1.3672,3.6006
1500.0,120.0,2200,1,29.87033710971935,501.74992634464667,1.3708,5.2476
1500.0,120.0,2200,2,25.07934907308139,626.9813798120792,1.2089,5.8326
1500.0,120.0,2200,0,28.884690858667064,707.9329365963279,1.5385,2.0663
1500.0,120.0,2200,1,21.00146617631254,676.6982858795669,1.4,3.891
1500.0,120.0,2200,1,18.446118055141383,432.1793595353887,1.4033,6.0924
1500.0,120.0,2200,1,25.396228970842323,480.83157365817516,1.3893,5.4759
1500.0,120.0,2200,2,31.172696267393874,469.18704289173024,1.2465,7.7942
1500.0,120.0,2200,0,28.443744153294737,378.70592236747507,1.5617,3.8626
1500.0,120.0,2200,1,22.634512157409773,391.1673136721937,1.3324,6.7311
1500.0,120.0,2200,2,22.942898036925328,432.7656820353972,1.1627,8.4502
1500.0,120.0,2200,2,25.102563232050784,570.2176490768761,1.1656,6.4132
1500.0,120.0,2200,2,20.110311154345357,473.99214839647885,1.1564,7.7152
1500.0,120.0,2200,1,28.57785840760391,428.5342323892942,1.3397,6.1442
1500.0,120.0,2200,1,23.039749858427673,587.8075657203373,1.3287,4.4794
1500.0,120.0,2200,2,29.045870058945667,544.5914177897927,1.212,6.715
1500.0,120.0,2200,2,21.2475784875407,474.15927718419823,1.2022,7.7125
1500.0,120.0,2200,0,20.659444976130874,562.768113901464,1.5442,2.5993
1500.0,120.0,2200,1,21.900461907107335,452.9897099528582,1.3795,5.8125
1500.0,120.0,2200,0,27.54713509852083,574.995266663728,1.5483,2.544
1500.0,120.0,2200,0,24.18555788023853,353.18941644858063,1.5537,4.1416
1500.0,120.0,2200,1,18.174552264901184,398.9374283365661,1.3545,6.6
